ja,en
今[いま],now; ima means now.
もう,already; mou means already.
まだ,still; mada means still.
とても,very; totemo means very.
すごい,terrible; sugoi means terrible.
ちょっと,a little; chotto means a little.
よく,nicely; yoku means nicely.
たまに,occasionally; tamani means occasionally.
ちゃんと,diligently; chanto means diligently.
そろそろ,soon; sorosoro means soon.
もっと,more; motto means more.
やっぱり,as expected; yappari means as expected.
本当[ほんとう],truth; hontou means truth.
多分[たぶん],probably; tabun means probably.
これ,this; kore means this.
それ,that; sore means that.
あの,that; ano means that.
あいつ,that; aitsu means that.
大[おお]きな,big; ookina means big.
大[おお]きい,big; ookii means big.
くださる,to give; kudasaru means to give.
いい,good; ii means good.
奴[やつ],guy; yatsu means guy.
ため,sake; tame means sake.
皆[みんな],everyone; minna means everyone.
一緒[いっしょ],together; issho means together.
明日[あした],tomorrow; ashita means tomorrow.
昨日[きのう],yesterday; kinou means yesterday.
昔[むかし],the old days; mukashi means the old days.
時[とき],time; toki means time.
早[はや]い,fast; hayai means fast.
全然[ぜんぜん],at all; zenzen means at all.
この,this; kono means this.
その,that; sono means that.
事[こと],thing; koto means thing.
何[なに],what; nani means what.
誰[だれ],who; dare means who.
俺[おれ],I; ore means I.
する,to do; suru means to do.
いる,to be; iru means to be.
ある,to be; aru means to be.
ない,nonexistent; nai means nonexistent.
見[み]る,to see; miru means to see.
言[い]う,to say; iu means to say.
知[し]る,to know; shiru means to know.
分[わ]かる,to understand; wakaru means to understand.
欲[ほ]しい,wanting; hoshii means wanting.
探[さが]す,to search for; sagasu means to search for.
必要[ひつよう],necessity; hitsuyou means necessity.
なる,to become; naru means to become.
やる,to do; yaru means to do.
来[く]る,to come; kuru means to come.
行[おこな]う,to perform; okonau means to perform.
あまり,not much; amari means not much.
ただ,just; tada means just.
付[つ]く,to be attached; tsuku means to be attached.
置[お]く,to put; oku means to put.
これは今[いま]です,this is a now; imadesu is the polite form of ima meaning now.
もう言[い]った,I said it soon; mou means soon.
もうなった,it turned out further; mou also means further.
まだなった,it turned out yet; mada means yet.
まだいい,it is more good; mada also means more.
まだした,I did it at least; mada also means at least.
とてもいい,it is at all good; totemo means at all.
このすごいやつだ,it is this amazing one; sugoi means amazing.
皆[みんな]すごい,everyone is to a great extent; sugoi also means to a great extent.
とてもすごいです,it is very terrible; sugoidesu is the polite form of sugoi meaning terrible.
昔[むかし]はすごかった,long ago it was terrible; sugokatta is the past form of sugoi meaning terrible.
ちょっと言[い]った,I said it little bit; chotto means little bit.
よくなった,it turned out frequently; yoku means frequently.
よくいい,it is I'm glad that you good; yoku also means I'm glad that you.
よくした,I did it quite the nerve to; yoku also means quite the nerve to.
ちゃんとした,I did it perfectly; chanto means perfectly.
ちゃんと言[い]った,I said it sufficiently; chanto also means sufficiently.
ちゃんとなった,it turned out quickly; chanto also means quickly.
そろそろ言[い]った,I said it slowly; sorosoro means slowly.
そろそろなった,it turned out already; sorosoro also means already.
やっぱりいい,it is after all good; yappari means after all.
やっぱりした,I did it too; yappari also means too.
やっぱり言[い]った,I said it still; yappari also means still.
これは本当[ほんとう]です,this is a truth; hontoudesu is the polite form of hontou meaning truth.
昔[むかし]はホントだった,long ago it was a truth; hontodatta is the past form of hontou meaning truth.
これがやる,this person will do it; kore means this person.
これがこれだ,this is now; kore also means now.
これの事[こと]を言[い]っている,I am talking about here; kore also means here.
これがこれです,this is this; koredesu is the polite form of kore meaning this.
これがそれだ,this is then; sore means then.
これがそれです,this is that; soredesu is the polite form of sore meaning that.
すごく大[おお]きい,it is really loud; ookii means loud.
ちょっと大[おお]きい,it is a bit extensive; ookii also means extensive.
それは大[おお]きい,that one is important; ookii also means important.
とても大[おお]きかった,it was very big; ookikatta is the past form of ookii meaning big.
一緒[いっしょ]にくださる,we will kindly do for one together; kudasaru means to kindly do for one.
早[はや]くください,give quickly; kudasai is the imperative form of kudasaru meaning to give.
それをくださった,I gave that; kudasatta is the past form of kudasaru meaning to give.
それをくださいませ,I will give that; kudasaimase is the polite form of kudasaru meaning to give.
もうくださいました,I already gave; kudasaimashita is the polite past form of kudasaru meaning to give.
それをくださっている,I am giving that; kudasatteiru is the progressive form of kudasaru meaning to give.
くださってください,please give; kudasatte is the te form of kudasaru meaning to give.
皆[みんな]でくださればいい,it is fine if we all give; kudasareba is the conditional form of kudasaru meaning to give.
それはいい,that one is sufficient; ii means sufficient.
このいいやつだ,it is this profitable one; ii also means profitable.
皆[みんな]いい,everyone is OK; ii also means OK.
とてもよかった,it was very good; yokatta is the past form of ii meaning good.
とてもいいです,it is very good; iidesu is the polite form of ii meaning good.
とてもよかったです,it was very good; yokattadesu is the polite past form of ii meaning good.
よくていい,it is good and that is good; yokute is the te form of ii meaning good.
よかったらいい,it would be good if it were good; yokattara is the conditional form of ii meaning good.
その奴[やつ]が欲[ほ]しい,I want that chivalrous man; yatsu means chivalrous man.
この奴[やつ]を知[し]っているか,do you know this cubed tofu; yatsu also means cubed tofu.
奴[やつ]を探[さが]している,I am looking for a kite shaped like an Edo-period footman; yatsu also means kite shaped like an Edo-period footman.
昔[むかし]はヤツだった,long ago it was a servant; yatsudatta is the past form of yatsu meaning servant.
それはためです,that is a good; tamedesu is the polite form of tame meaning good.
一緒[いっしょ]が必要[ひつよう]だ,one lump is needed; issho means one lump.
これは一緒[いっしょ]だ,this is the same; issho also means the same.
本当[ほんとう]の一緒[いっしょ]だ,it is a real the same time; issho also means the same time.
昔[むかし]じゃない,it is not the past ten years; mukashi means the past ten years.
やっぱり時[とき]だ,it is a chance after all; toki means chance.
時[とき]がある,there is the times; toki also means the times.
時[とき]を見[み]た,I saw a tense; toki also means tense.
これは時[とき]です,this is a time; tokidesu is the polite form of toki meaning time.
この早[はや]いやつだ,it is this early one; hayai means early.
皆[みんな]早[はや]い,everyone is premature; hayai also means premature.
とても早[はや]い,it is very easy; hayai also means easy.
早[はや]くていい,it is fast and that is good; hayakute is the te form of hayai meaning fast.
とても早[はや]かったです,it was very fast; hayakattadesu is the polite past form of hayai meaning fast.
昔[むかし]は早[はや]かった,long ago it was fast; hayakatta is the past form of hayai meaning fast.
全然[ぜんぜん]いい,it is wholly good; zenzen means wholly.
全然[ぜんぜん]した,I did it extremely; zenzen also means extremely.
この事[こと]だ,it is last matter; kono means last.
このやつだ,it is you one; kono also means you.
その事[こと]だ,it is part matter; sono means part.
それは事[こと]じゃない,that is not an incident; koto means incident.
事[こと]の事[こと]を言[い]っている,I am talking about circumstances; koto also means circumstances.
その事[こと]が欲[ほ]しい,I want that work; koto also means work.
これはことです,this is a thing; kotodesu is the polite form of koto meaning thing.
昔[むかし]はことだった,long ago it was a thing; kotodatta is the past form of koto meaning thing.
何[なに]の事[こと]を言[い]っている,I am talking about you-know-what; nani means you-know-what.
何[なに]がやる,whatsit will do it; nani also means whatsit.
これが何[なん]です,this is what; nandesu is the polite form of nani meaning what.
それが何[なん]だった,that was what; nandatta is the past form of nani meaning what.
皆[みんな]でする,all of us cause to become; suru means to cause to become.
今[いま]する,now I serve as; suru also means to serve as.
よくする,I often wear; suru also means to wear.
してください,please do; shite is the te form of suru meaning to do.
それをした,I did that; shita is the past form of suru meaning to do.
今[いま]します,now I do; shimasu is the polite form of suru meaning to do.
それをしている,I am doing that; shiteiru is the progressive form of suru meaning to do.
もうしました,I already did; shimashita is the polite past form of suru meaning to do.
一緒[いっしょ]にしよう,let us do together; shiyou is the volitional form of suru meaning to do.
何[なに]もしない,I do not do anything; shinai is the negative form of suru meaning to do.
皆[みんな]ですればいい,it is fine if we all do; sureba is the conditional form of suru meaning to do.
あの時[とき]していた,I was doing back then; shiteita is the past progressive form of suru meaning to do.
今[いま]いる,now I stay; iru means to stay.
もういた,I already was; ita is the past form of iru meaning to be.
今[いま]おります,now I am; orimasu is the polite form of iru meaning to be.
誰[だれ]もいない,nobody will be; inai is the negative form of iru meaning to be.
いてください,please be; ite is the te form of iru meaning to be.
もうおりました,I already was; orimashita is the polite past form of iru meaning to be.
まだいなかった,I was not yet; inakatta is the past negative form of iru meaning to be.
皆[みんな]でいればいい,it is fine if we all be; ireba is the conditional form of iru meaning to be.
よくある,I often have; aru means to have.
これからある,I will be located from now on; aru also means to be located.
ちゃんとある,I am equipped with properly; aru also means to be equipped with.
今[いま]ありません,now I am; arimasen is the polite form of aru meaning to be.
皆[みんな]であった,all of us was; atta is the past form of aru meaning to be.
そろそろあろう,let us be soon; arou is the volitional form of aru meaning to be.
あってください,please be; atte is the te form of aru meaning to be.
あればいい,it is fine if I be; areba is the conditional form of aru meaning to be.
もうありました,I already was; arimashita is the polite past form of aru meaning to be.
早[はや]くあれ,be quickly; are is the imperative form of aru meaning to be.
もっとありたい,I want to be more; aritai is the desiderative form of aru meaning to be.
このないやつだ,it is this unowned one; nai means unowned.
皆[みんな]ない,everyone is unique; nai also means unique.
とてもない,it is very not; nai also means not.
昔[むかし]はなかった,long ago it was nonexistent; nakatta is the past form of nai meaning nonexistent.
なくていい,it is nonexistent and that is good; nakute is the te form of nai meaning nonexistent.
とてもないです,it is very nonexistent; naidesu is the polite form of nai meaning nonexistent.
なければいい,it would be good if it were nonexistent; nakereba is the conditional form of nai meaning nonexistent.
とてもなかったです,it was very nonexistent; nakattadesu is the polite past form of nai meaning nonexistent.
たまに見[み]る,I examine once in a while; miru means to examine.
ちゃんと見[み]る,I look after properly; miru also means to look after.
俺[おれ]が見[み]る,I am the one who will experience; miru also means to experience.
もう見[み]た,I already saw; mita is the past form of miru meaning to see.
俺[おれ]のために見[み]てください,please see for me; mite is the te form of miru meaning to see.
それを見[み]ろ,see that; miro is the imperative form of miru meaning to see.
それをみたい,I want to see that; mitai is the desiderative form of miru meaning to see.
見[み]ればいい,it is fine if I see; mireba is the conditional form of miru meaning to see.
一緒[いっしょ]にみよう,let us see together; miyou is the volitional form of miru meaning to see.
誰[だれ]も見[み]ない,nobody will see; minai is the negative form of miru meaning to see.
もうみました,I already saw; mimashita is the polite past form of miru meaning to see.
本当[ほんとう]はみたかった,the truth is I wanted to see; mitakatta is the past desiderative form of miru meaning to see.
ちゃんと言[い]う,I name properly; iu means to name.
俺[おれ]が言[い]う,I am the one who will go; iu also means to go.
言[い]ってください,please say; itte is the te form of iu meaning to say.
皆[みんな]でいえばいい,it is fine if we all say; ieba is the conditional form of iu meaning to say.
それを言[い]ってた,I said that; itteta is the past form of iu meaning to say.
それを言[い]いたい,I want to say that; iitai is the desiderative form of iu meaning to say.
俺[おれ]が言[い]われて,someone says me; iwarete is the passive form of iu meaning to say.
それを言[い]っている,I am saying that; itteiru is the progressive form of iu meaning to say.
言[い]え,say it now; ie is the imperative form of iu meaning to say.
もう言[い]っていた,I was already saying; itteita is the past progressive form of iu meaning to say.
何[なに]も言[い]わない,I do not say anything; iwanai is the negative form of iu meaning to say.
俺[おれ]が知[し]る,I am the one who will sense; shiru means to sense.
それを知[し]る,I will understand that; shiru also means to understand.
何[なに]を知[し]るのか,what do you remember; shiru also means to remember.
何[なに]も知[し]らない,I do not know anything; shiranai is the negative form of shiru meaning to know.
それを知[し]っている,I am knowing that; shitteiru is the progressive form of shiru meaning to know.
知[し]ってください,please know; shitte is the te form of shiru meaning to know.
それを知[し]りたい,I want to know that; shiritai is the desiderative form of shiru meaning to know.
俺[おれ]が知[し]った,I am the one who knew; shitta is the past form of shiru meaning to know.
何[なに]も知[し]らなかった,I had not known anything; shiranakatta is the past negative form of shiru meaning to know.
あの時[とき]知[し]っていた,I was knowing back then; shitteita is the past progressive form of shiru meaning to know.
あいつに知[し]らせ,I will make that guy know; shirase is the causative form of shiru meaning to know.
早[はや]く知[し]れ,know quickly; shire is the imperative form of shiru meaning to know.
明日[あした]分[わ]かる,I will become clear tomorrow; wakaru means to become clear.
俺[おれ]が分[わ]かった,I am the one who understood; wakatta is the past form of wakaru meaning to understand.
何[なに]も分[わ]からない,I do not understand anything; wakaranai is the negative form of wakaru meaning to understand.
もう分[わ]かりました,I already understood; wakarimashita is the polite past form of wakaru meaning to understand.
今[いま]分[わ]かりません,now I understand; wakarimasen is the polite form of wakaru meaning to understand.
分[わ]かってください,please understand; wakatte is the te form of wakaru meaning to understand.
今[いま]分[わ]かっておる,I am understanding right now; wakatteoru is the progressive form of wakaru meaning to understand.
皆[みんな]で分[わ]かればいい,it is fine if we all understand; wakareba is the conditional form of wakaru meaning to understand.
昔[むかし]はほしかった,long ago it was wanting; hoshikatta is the past form of hoshii meaning wanting.
とてもほしかったです,it was very wanting; hoshikattadesu is the polite past form of hoshii meaning wanting.
明日[あした]探[さが]す,I will search tomorrow; sagasu means to search.
俺[おれ]のために探[さが]してください,please search for for me; sagashite is the te form of sagasu meaning to search for.
皆[みんな]で探[さが]してた,all of us searched for; sagashiteta is the past form of sagasu meaning to search for.
それを探[さが]している,I am searching for that; sagashiteiru is the progressive form of sagasu meaning to search for.
あの時[とき]探[さが]していた,I was searching for back then; sagashiteita is the past progressive form of sagasu meaning to search for.
これは必要[ひつよう]です,this is a necessary; hitsuyoudesu is the polite form of hitsuyou meaning necessary.
皆[みんな]でなる,all of us result in; naru means to result in.
今[いま]なる,now I consist of; naru also means to consist of.
よくなる,I often am completed; naru also means to be completed.
昨日[きのう]なった,yesterday I became; natta is the past form of naru meaning to become.
なってください,please become; natte is the te form of naru meaning to become.
誰[だれ]もならない,nobody will become; naranai is the negative form of naru meaning to become.
今[いま]なります,now I become; narimasu is the polite form of naru meaning to become.
もうなりました,I already became; narimashita is the polite past form of naru meaning to become.
今[いま]なっている,I am becoming right now; natteiru is the progressive form of naru meaning to become.
皆[みんな]でなったらいい,it is fine if we all become; nattara is the conditional form of naru meaning to become.
そろそろなろう,let us become soon; narou is the volitional form of naru meaning to become.
今[いま]やる,now I send; yaru means to send.
よくやる,I often put; yaru also means to put.
これからやる,I will give from now on; yaru also means to give.
やってください,please do; yatte is the te form of yaru meaning to do.
一緒[いっしょ]にやろう,let us do together; yarou is the volitional form of yaru meaning to do.
もうやった,I already did; yatta is the past form of yaru meaning to do.
もうやって来[き]た,I was already doing; yattekita is the past progressive form of yaru meaning to do.
やれ,do it now; yare is the imperative form of yaru meaning to do.
それをやりたい,I want to do that; yaritai is the desiderative form of yaru meaning to do.
今[いま]やって来[く]る,I am doing right now; yattekuru is the progressive form of yaru meaning to do.
それをやりましょう,I will do that; yarimashou is the polite form of yaru meaning to do.
俺[おれ]がやられた,someone did me; yarareta is the past passive form of yaru meaning to do.
よく来[く]る,I often come from; kuru means to come from.
これから来[く]る,I will come to from now on; kuru also means to come to.
昨日[きのう]きた,yesterday I came; kita is the past form of kuru meaning to come.
来[き]てください,please come; kite is the te form of kuru meaning to come.
早[はや]くこい,come quickly; koi is the imperative form of kuru meaning to come.
もうきました,I already came; kimashita is the polite past form of kuru meaning to come.
誰[だれ]も来[こ]ない,nobody will come; konai is the negative form of kuru meaning to come.
そろそろこよう,let us come soon; koyou is the volitional form of kuru meaning to come.
今[いま]きます,now I come; kimasu is the polite form of kuru meaning to come.
皆[みんな]できたらいい,it is fine if we all come; kitara is the conditional form of kuru meaning to come.
もっと来[き]たい,I want to come more; kitai is the desiderative form of kuru meaning to come.
それを行[おこな]います,I will perform that; okonaimasu is the polite form of okonau meaning to perform.
昨日[きのう]行[おこな]った,yesterday I performed; okonatta is the past form of okonau meaning to perform.
それを行[おこな]っております,I am performing that; okonatteorimasu is the progressive form of okonau meaning to perform.
俺[おれ]が行[おこな]われた,someone performed me; okonawareta is the past passive form of okonau meaning to perform.
皆[みんな]に行[おこな]われる,everyone performs me; okonawareru is the passive form of okonau meaning to perform.
行[おこな]ってください,please perform; okonatte is the te form of okonau meaning to perform.
一緒[いっしょ]に行[おこな]おう,let us perform together; okonaou is the volitional form of okonau meaning to perform.
あまりなった,it turned out very; amari means very.
あまりいい,it is too much good; amari also means too much.
皆[みんな]あまりだ,everyone is extreme; amari means extreme.
これはあまりだ,this one is not very good; amari also means not very good.
これはあんまりです,this one is remainder; ammaridesu is the polite form of amari meaning remainder.
本当[ほんとう]のあまりだ,it is a real more than; amari means more than.
ただ言[い]った,I said it only; tada means only.
ただやめた,but I quit; tada means but.
明日[あした]付[つ]く,I will remain imprinted tomorrow; tsuku means to remain imprinted.
皆[みんな]で付[つ]く,all of us bear; tsuku also means to bear.
今[いま]付[つ]く,now I am acquired; tsuku also means to be acquired.
俺[おれ]がついた,I am the one who was attached; tsuita is the past form of tsuku meaning to be attached.
皆[みんな]で付[つ]いたらいい,it is fine if we all be attached; tsuitara is the conditional form of tsuku meaning to be attached.
あの時[とき]ついてきた,I was being attached back then; tsuitekita is the past progressive form of tsuku meaning to be attached.
ついてしまってください,please be attached; tsuiteshimatte is the te form of tsuku meaning to be attached.
まだ付[つ]かなかった,I was not attached yet; tsukanakatta is the past negative form of tsuku meaning to be attached.
今[いま]ついていく,I am being attached right now; tsuiteiku is the progressive form of tsuku meaning to be attached.
もうつきました,I already was attached; tsukimashita is the polite past form of tsuku meaning to be attached.
一緒[いっしょ]に置[お]く,we will leave together; oku means to leave.
皆[みんな]で置[お]く,all of us establish; oku also means to establish.
今[いま]置[お]く,now I appoint; oku also means to appoint.
それをおいた,I put that; oita is the past form of oku meaning to put.
そろそろおこう,let us put soon; okou is the volitional form of oku meaning to put.
俺[おれ]のためにおいてください,please put for me; oite is the te form of oku meaning to put.
それをおけ,put that; oke is the imperative form of oku meaning to put.
皆[みんな]でおけばいい,it is fine if we all put; okeba is the conditional form of oku meaning to put.
今[いま]おきます,now I put; okimasu is the polite form of oku meaning to put.
それをおきたい,I want to put that; okitai is the desiderative form of oku meaning to put.
もうおきました,I already put; okimashita is the polite past form of oku meaning to put.
皆[みんな]におかれまして,everyone puts me; okaremashite is the passive form of oku meaning to put.
私[わたくし]がやる,I will do it; watakushi means I.
これが私[わたくし]です,this is I; watakushidesu is the polite form of watakushi meaning I.
これは俺[おれ]の魔王[まおう]だ,this is my Satan; maou means Satan.
それは魔王[まおう]です,that is a Satan; maoudesu is the polite form of maou meaning Satan.
それは魔王[まおう]だった,that was a Satan; maoudatta is the past form of maou meaning Satan.
御前[おまえ]がやる,you will do it; omae means you.
それがお前[まえ]だった,that was you; omaedatta is the past form of omae meaning you.
あっ,ah; at means ah.
あっ、分[わ]かった,hey I understand; at also means hey.
俺[おれ]がくれる,I am the one who will give; kureru means to give.
早[はや]くくれ,give quickly; kure is the imperative form of kureru meaning to give.
昨日[きのう]くれた,yesterday I gave; kureta is the past form of kureru meaning to give.
くれてください,please give; kurete is the te form of kureru meaning to give.
まだくれない,I do not give yet; kurenai is the negative form of kureru meaning to give.
くれればいい,it is fine if I give; kurereba is the conditional form of kureru meaning to give.
それをくれている,I am giving that; kureteiru is the progressive form of kureru meaning to give.
もうくれました,I already gave; kuremashita is the polite past form of kureru meaning to give.
一緒[いっしょ]にくれよう,let us give together; kureyou is the volitional form of kureru meaning to give.
あの時[とき]くれていた,I was giving back then; kureteita is the past progressive form of kureru meaning to give.
明日[あした]出来[でき]る,I will be able to do tomorrow; dekiru means to be able to do.
皆[みんな]で出来[でき]る,all of us am good at; dekiru also means to be good at.
今[いま]出来[でき]る,now I come into existence; dekiru also means to come into existence.
よく出来[でき]る,I often am made; dekiru also means to be made.
何[なに]もできない,I am not able to do anything; dekinai is the negative form of dekiru meaning to be able to do.
昨日[きのう]できた,yesterday I was able to do; dekita is the past form of dekiru meaning to be able to do.
できればいい,it is fine if I be able to do; dekireba is the conditional form of dekiru meaning to be able to do.
今[いま]できません,now I am able to do; dekimasen is the polite form of dekiru meaning to be able to do.
もうできました,I already was able to do; dekimashita is the polite past form of dekiru meaning to be able to do.
できてください,please be able to do; dekite is the te form of dekiru meaning to be able to do.
今[いま]できている,I am being able to do right now; dekiteiru is the progressive form of dekiru meaning to be able to do.
何[なに]もできなかった,I was not able to do anything; dekinakatta is the past negative form of dekiru meaning to be able to do.
そろそろできよう,let us be able to do soon; dekiyou is the volitional form of dekiru meaning to be able to do.
何[なに]を思[おも]うのか,what do you think; omou means to think.
明日[あした]思[おも]う,I will judge tomorrow; omou also means to judge.
一緒[いっしょ]に思[おも]う,we will imagine together; omou also means to imagine.
皆[みんな]で思[おも]う,all of us expect; omou also means to expect.
それを思[おも]った,I thought that; omotta is the past form of omou meaning to think.
今[いま]思[おも]います,now I think; omoimasu is the polite form of omou meaning to think.
俺[おれ]のために思[おも]ってください,please think for me; omotte is the te form of omou meaning to think.
あの時[とき]思[おも]っていた,I was thinking back then; omotteita is the past progressive form of omou meaning to think.
それを思[おも]っている,I am thinking that; omotteiru is the progressive form of omou meaning to think.
何[なに]も思[おも]えない,I do not think anything; omoenai is the negative form of omou meaning to think.
皆[みんな]に思[おも]われます,everyone thinks me; omowaremasu is the passive form of omou meaning to think.
思[おも]ったらいい,it is fine if I think; omottara is the conditional form of omou meaning to think.
それを思[おも]え,think that; omoe is the imperative form of omou meaning to think.
物[もの]が必要[ひつよう]だ,a thing is needed; mono means thing.
これは物[もの]だ,this is one's things; mono also means one's things.
本当[ほんとう]の物[もの]だ,it is a real things; mono also means things.
物[もの]じゃない,it is not a quality; mono also means quality.
これはものです,this is a thing; monodesu is the polite form of mono meaning thing.
昔[むかし]はものだった,long ago it was a thing; monodatta is the past form of mono meaning thing.
これはリムだ,this is a rim; rimu means rim.
ああ、分[わ]かった,ah I understand; aa means ah.
ああ,yes; aa also means yes.
やっぱりああ,after all aah; aa also means aah.
本当[ほんとう]にああ,really hey; aa also means hey.
今[いま]行[い]く,now I go; iku means to go.
よく行[い]く,I often move through; iku also means to move through.
これから行[い]く,I will do from now on; iku also means to do.
ちゃんと行[い]く,I pass properly; iku also means to pass.
行[い]ってください,please go; itte is the te form of iku meaning to go.
何[なに]もいかない,I do not go anything; ikanai is the negative form of iku meaning to go.
昨日[きのう]行[い]った,yesterday I went; itta is the past form of iku meaning to go.
今[いま]行[い]ってくる,I am going right now; ittekuru is the progressive form of iku meaning to go.
今[いま]いけません,now I go; ikemasen is the polite form of iku meaning to go.
そろそろ行[い]こう,let us go soon; ikou is the volitional form of iku meaning to go.
早[はや]くいけ,go quickly; ike is the imperative form of iku meaning to go.
皆[みんな]でいけばいい,it is fine if we all go; ikeba is the conditional form of iku meaning to go.
やっぱり紫苑[しおん]だ,it is an aster after all; shion means aster.
それはシオンです,that is an aster; shiondesu is the polite form of shion meaning aster.
ビルがある,there is a multi-floor building; biru means multi-floor building.
マンを見[み]た,I saw a man; man means man.
昔[むかし]はマンだった,long ago it was a man; mandatta is the past form of man meaning man.
者[もの]とは何[なん]だ,what is a person; mono means person.
我[われ]がやる,I will do it; ware means I.
これが我[われ]だ,this is oneself; ware also means oneself.
これがワレです,this is I; waredesu is the polite form of ware meaning I.
それは魔物[まもの]じゃない,that is not a demon; mamono means demon.
貴方[あなた]の事[こと]を言[い]っている,I am talking about a your home; anata means your home.
貴方[あなた]がやる,you will do it; anata also means you.
そのランが欲[ほ]しい,I want that run; ran means run.
ここの事[こと]を言[い]っている,I am talking about here; koko means here.
ここがやる,this point will do it; koko also means this point.
これがここだ,this is these past; koko also means these past.
やっぱりこれがここだ,after all this is the next; koko also means the next.
よく待[ま]つ,I often wait; matsu means to wait.
これから待[ま]つ,I will await from now on; matsu also means to await.
たまに待[ま]つ,I depend on once in a while; matsu also means to depend on.
待[ま]て,wait it now; mate is the imperative form of matsu meaning to wait.
俺[おれ]のために待[ま]ってください,please wait for me; matte is the te form of matsu meaning to wait.
あいつに待[ま]たせ,I will make that guy wait; matase is the causative form of matsu meaning to wait.
それを待[ま]っている,I am waiting that; matteiru is the progressive form of matsu meaning to wait.
あいつに待[ま]たせた,I made that guy wait; mataseta is the past causative form of matsu meaning to wait.
もう待[ま]っていた,I was already waiting; matteita is the past progressive form of matsu meaning to wait.
昨日[きのう]待[ま]ってた,yesterday I waited; matteta is the past form of matsu meaning to wait.
もう待[ま]ってました,I already waited; mattemashita is the polite past form of matsu meaning to wait.
これはスライムだ,this is a slime; suraimu means slime.
それはスライムです,that is a slime; suraimudesu is the polite form of suraimu meaning slime.
本当[ほんとう]の方[ほう]だ,it is a real direction; hou means direction.
方[ほう]じゃない,it is not a person; hou also means person.
やっぱり方[ほう]だ,it is a method of after all; hou also means method of.
方[ほう]がある,there is a care of; hou also means care of.
それは方[ほう]です,that is a direction; houdesu is the polite form of hou meaning direction.
それはほうだった,that was a direction; houdatta is the past form of hou meaning direction.
国[くに]じゃない,it is not a country; kuni means country.
やっぱり国[くに]だ,it is a region after all; kuni also means region.
国[くに]がある,there is a national government; kuni also means national government.
国[くに]を見[み]た,I saw a home; kuni also means home.
そんな事[こと]だ,it is such matter; sonna means such.
訳[わけ]がある,there is a reason; wake means reason.
訳[わけ]を見[み]た,I saw a meaning; wake also means meaning.
これは俺[おれ]の訳[わけ]だ,this is my sense; wake also means sense.
訳[わけ]とは何[なん]だ,what is circumstances; wake also means circumstances.
これはわけです,this is a reason; wakedesu is the polite form of wake meaning reason.
はい、分[わ]かった,yes I understand; hai means yes.
はい,understood; hai also means understood.
やっぱりはい,after all present; hai also means present.
本当[ほんとう]にはい,really pardon; hai also means pardon.
明日[あした]もらう,I will receive tomorrow; morau means to receive.
一緒[いっしょ]にもらう,we will have in one's pocket together; morau also means to have in one's pocket.
皆[みんな]でもらう,all of us contract; morau also means to contract.
皆[みんな]でもらった,all of us received; moratta is the past form of morau meaning to receive.
もっともらいたい,I want to receive more; moraitai is the desiderative form of morau meaning to receive.
一緒[いっしょ]にもらおう,let us receive together; moraou is the volitional form of morau meaning to receive.
もらってください,please receive; moratte is the te form of morau meaning to receive.
何[なに]ももらえない,I do not receive anything; moraenai is the negative form of morau meaning to receive.
今[いま]もらいます,now I receive; moraimasu is the polite form of morau meaning to receive.
皆[みんな]でもらえればいい,it is fine if we all receive; moraereba is the conditional form of morau meaning to receive.
今[いま]もらってこよう,I am receiving right now; morattekoyou is the progressive form of morau meaning to receive.
否[いや]とは何[なん]だ,what is a no; iya means no.
大[おお]きな話[はなし]だ,it is a big talk; hanashi means talk.
それは話[はなし]じゃない,that is not a topic; hanashi also means topic.
話[はなし]の事[こと]を言[い]っている,I am talking about discussions; hanashi also means discussions.
その話[はなし]が欲[ほ]しい,I want that rumor; hanashi also means rumor.
これは話[はなし]です,this is a talk; hanashidesu is the polite form of hanashi meaning talk.
今[いま]聞[き]く,now I hear; kiku means to hear.
よく聞[き]く,I often listen; kiku also means to listen.
これから聞[き]く,I will ask from now on; kiku also means to ask.
たまに聞[き]く,I hear about once in a while; kiku also means to hear about.
俺[おれ]のために聞[き]いてください,please hear for me; kiite is the te form of kiku meaning to hear.
皆[みんな]で聞[き]いた,all of us heard; kiita is the past form of kiku meaning to hear.
それを聞[き]きたい,I want to hear that; kikitai is the desiderative form of kiku meaning to hear.
あいつに聞[き]かせて,I will make that guy hear; kikasete is the causative form of kiku meaning to hear.
誰[だれ]も聞[き]いてない,nobody will hear; kiitenai is the negative form of kiku meaning to hear.
そろそろ聞[き]こう,let us hear soon; kikou is the volitional form of kiku meaning to hear.
もう聞[き]いていた,I was already hearing; kiiteita is the past progressive form of kiku meaning to hear.
聞[き]け,hear it now; kike is the imperative form of kiku meaning to hear.
皆[みんな]で聞[き]けばいい,it is fine if we all hear; kikeba is the conditional form of kiku meaning to hear.
雛[ひな]の事[こと]を言[い]っている,I am talking about a young bird; hina means young bird.
その雛[ひな]が欲[ほ]しい,I want that greenhorn; hina also means greenhorn.
それはヒナタ,that was a young bird; hinata is the past form of hina meaning young bird.
その気[き]が欲[ほ]しい,I want that spirit; ki means spirit.
この気[き]を知[し]っているか,do you know this nature; ki also means nature.
気[き]を探[さが]している,I am looking for an intention; ki also means intention.
気[き]が必要[ひつよう]だ,a mood is needed; ki also means mood.
まあなった,it turned out just; maa means just.
まあいい,it is tolerably good; maa also means tolerably.
まあした,I did it well; maa also means well.
オークを探[さが]している,I am looking for an oak; ooku means oak.
栗鼠[りす]が必要[ひつよう]だ,a squirrel is needed; risu means squirrel.
これは栗鼠[りす]だ,this is a Japanese squirrel; risu also means Japanese squirrel.
これは力[ちから]だ,this is a force; chikara means force.
本当[ほんとう]の力[ちから]だ,it is a real capability; chikara also means capability.
力[ちから]じゃない,it is not an efficacy; chikara also means efficacy.
やっぱり力[ちから]だ,it is an effort after all; chikara also means effort.
本当[ほんとう]の名[な]だ,it is a real name; na means name.
名[な]じゃない,it is not a title; na also means title.
やっぱり名[な]だ,it is a fame after all; na also means fame.
名[な]がある,there is a pretext; na also means pretext.
それは名[な]だった,that was a name; nadatta is the past form of na meaning name.
それは名[めい]です,that is a name; meidesu is the polite form of na meaning name.
やっぱりテンペストだ,it is a The Tempest after all; tempesuto means The Tempest.
それはテンペストです,that is a The Tempest; tempesutodesu is the polite form of tempesuto meaning The Tempest.
うん、分[わ]かった,yes I understand; un means yes.
うん,hum; un also means hum.
やっぱりうん,after all oof; un also means oof.
我[わ]がやつだ,it is my one; waga means my.
これは俺[おれ]の相手[あいて]だ,this is my companion; aite means companion.
相手[あいて]とは何[なん]だ,what is an other party; aite also means other party.
大[おお]きな相手[あいて]だ,it is a big opponent; aite also means opponent.
それは相手[あいて]だった,that was a companion; aitedatta is the past form of aite meaning companion.
所[ところ]とは何[なん]だ,what is a whereupon; tokoro means whereupon.
大[おお]きな所[ところ]だ,it is a big about to; tokoro also means about to.
それは所[ところ]じゃない,that is not was just doing; tokoro also means was just doing.
所[ところ]の事[こと]を言[い]っている,I am talking about an approximately; tokoro also means approximately.
それはところだった,that was a whereupon; tokorodatta is the past form of tokoro meaning whereupon.
それはところです,that is a whereupon; tokorodesu is the polite form of tokoro meaning whereupon.
大[おお]きな魔法[まほう]だ,it is a big magic; mahou means magic.
洋鵡[ようむ]の事[こと]を言[い]っている,I am talking about a grey parrot; youmu means grey parrot.
その先生[せんせい]が欲[ほ]しい,I want that teacher; sensei means teacher.
この先生[せんせい]を知[し]っているか,do you know this sensei; sensei also means sensei.
この大賢[たいけん]を知[し]っているか,do you know this great sage; taiken means great sage.
えっ、分[わ]かった,huh I understand; et means huh.
王[おう]が必要[ひつよう]だ,a king is needed; ou means king.
これは王[おう]だ,this is a tycoon; ou also means tycoon.
これがこちらだ,this is this way; kochira means this way.
こちらの事[こと]を言[い]っている,I am talking about here; kochira also means here.
こちらがやる,this will do it; kochira also means this.
やっぱりこれがこちらだ,after all this is I; kochira also means I.
これがこっちです,this is this way; kocchidesu is the polite form of kochira meaning this way.
んっ、分[わ]かった,mm I understand; nt means mm.
んっ,hm; nt also means hm.
はあ、分[わ]かった,yes I understand; haa means yes.
はあ,ha; haa also means ha.
やっぱりはあ,after all what; haa also means what.
本当[ほんとう]にはあ,really sigh; haa also means sigh.
これから考[かんが]える,I will think from now on; kangaeru means to think.
たまに考[かんが]える,I consider once in a while; kangaeru also means to consider.
ちゃんと考[かんが]える,I intend properly; kangaeru also means to intend.
俺[おれ]が考[かんが]える,I am the one who will predict; kangaeru also means to predict.
俺[おれ]のために考[かんが]えてください,please think for me; kangaete is the te form of kangaeru meaning to think.
今[いま]考[かんが]えている,I am thinking right now; kangaeteiru is the progressive form of kangaeru meaning to think.
皆[みんな]で考[かんが]えた,all of us thought; kangaeta is the past form of kangaeru meaning to think.
何[なに]も考[かんが]えない,I do not think anything; kangaenai is the negative form of kangaeru meaning to think.
それを考[かんが]えます,I will think that; kangaemasu is the polite form of kangaeru meaning to think.
早[はや]く考[かんが]えろ,think quickly; kangaero is the imperative form of kangaeru meaning to think.
何[なに]も考[かんが]えてなかった,I had not thought anything; kangaetenakatta is the past negative form of kangaeru meaning to think.
考[かんが]えたらいい,it is fine if I think; kangaetara is the conditional form of kangaeru meaning to think.
もう考[かんが]えていた,I was already thinking; kangaeteita is the past progressive form of kangaeru meaning to think.
ええ、分[わ]かった,yes I understand; ee means yes.
ええ,um; ee also means um.
やっぱりええ,after all huh; ee also means huh.
本当[ほんとう]にええ,really grrr; ee also means grrr.
ちゃんとしまう,I finish properly; shimau means to finish.
俺[おれ]がしまう,I am the one who will close; shimau also means to close.
それをしまう,I will put away that; shimau also means to put away.
昨日[きのう]しまった,yesterday I finished; shimatta is the past form of shimau meaning to finish.
俺[おれ]のためにしまってください,please finish for me; shimatte is the te form of shimau meaning to finish.
もうしまいました,I already finished; shimaimashita is the polite past form of shimau meaning to finish.
それをしまいます,I will finish that; shimaimasu is the polite form of shimau meaning to finish.
しまえばいい,it is fine if I finish; shimaeba is the conditional form of shimau meaning to finish.
それをしまっている,I am finishing that; shimatteiru is the progressive form of shimau meaning to finish.
これは俺[おれ]の前[まえ]だ,this is my point; mae means point.
前[まえ]とは何[なん]だ,what is a head; mae also means head.
大[おお]きな前[まえ]だ,it is a big first; mae also means first.
それは前[まえ]じゃない,that is not an ahead; mae also means ahead.
後[あと]とは何[なん]だ,what is a behind; ato means behind.
大[おお]きな後[あと]だ,it is a big after; ato also means after.
それは後[あと]じゃない,that is not a remainder; ato also means remainder.
後[あと]の事[こと]を言[い]っている,I am talking about a descendant; ato also means descendant.
それは世界[せかい]じゃない,that is not the world; sekai means the world.
世界[せかい]の事[こと]を言[い]っている,I am talking about a sphere; sekai also means sphere.
その世界[せかい]が欲[ほ]しい,I want that world-renowned; sekai also means world-renowned.
この世界[せかい]を知[し]っているか,do you know this realm governed by one Buddha; sekai also means realm governed by one Buddha.
それは主[ぬし]だ,that one is chief; nushi means chief.
皆[みんな]で死[し]ぬ,all of us die; shinu means to die.
今[いま]死[し]ぬ,now I lose spirit; shinu also means to lose spirit.
よく死[し]ぬ,I often cease; shinu also means to cease.
皆[みんな]で死[し]んだ,all of us died; shinda is the past form of shinu meaning to die.
死[し]んでください,please die; shinde is the te form of shinu meaning to die.
もっと死[し]にたい,I want to die more; shinitai is the desiderative form of shinu meaning to die.
誰[だれ]も死[し]なない,nobody will die; shinanai is the negative form of shinu meaning to die.
今[いま]死[し]んでいる,I am dying right now; shindeiru is the progressive form of shinu meaning to die.
もう死[し]にました,I already died; shinimashita is the polite past form of shinu meaning to die.
まだ死[し]ななかった,I had not died yet; shinanakatta is the past negative form of shinu meaning to die.
この魔[ま]を知[し]っているか,do you know this demon; ma means demon.
魔[ま]を探[さが]している,I am looking for a -crazed person; ma also means -crazed person.
魔[ま]が必要[ひつよう]だ,a dreaded is needed; ma also means dreaded.
王国[おうこく]を探[さが]している,I am looking for a kingdom; oukoku means kingdom.
おい、分[わ]かった,hey I understand; oi means hey.
これは町[まち]だ,this is a town; machi means town.
本当[ほんとう]の町[まち]だ,it is a real downtown; machi also means downtown.
町[まち]じゃない,it is not a street; machi also means street.
ちゃんと作[つく]る,I make properly; tsukuru means to make.
俺[おれ]が作[つく]る,I am the one who will prepare; tsukuru also means to prepare.
それを作[つく]る,I will raise that; tsukuru also means to raise.
何[なに]を作[つく]るのか,what do you till; tsukuru also means to till.
もう作[つく]った,I already made; tsukutta is the past form of tsukuru meaning to make.
俺[おれ]のために作[つく]ってください,please make for me; tsukutte is the te form of tsukuru meaning to make.
そろそろ作[つく]ろう,let us make soon; tsukurou is the volitional form of tsukuru meaning to make.
それを作[つく]りたい,I want to make that; tsukuritai is the desiderative form of tsukuru meaning to make.
俺[おれ]が作[つく]られた,someone made me; tsukurareta is the past passive form of tsukuru meaning to make.
何[なに]も作[つく]れないなら,I do not make anything; tsukurenainara is the negative form of tsukuru meaning to make.
皆[みんな]強[つよ]い,everyone is strong; tsuyoi means strong.
とても強[つよ]い,it is very good; tsuyoi also means good.
すごく強[つよ]い,it is really being able to handle; tsuyoi also means being able to handle.
ちょっと強[つよ]い,it is a bit firm; tsuyoi also means firm.
昔[むかし]は強[つよ]かった,long ago it was strong; tsuyokatta is the past form of tsuyoi meaning strong.
強[つよ]くていい,it is strong and that is good; tsuyokute is the te form of tsuyoi meaning strong.
やっぱり人間[にんげん]だ,it is a human being after all; ningen means human being.
人間[にんげん]がある,there is a character; ningen also means character.
それは人間[にんげん]だった,that was a human being; ningendatta is the past form of ningen meaning human being.
皆[みんな]さすがだ,everyone is as one would expect; sasuga means as one would expect.
さすがした,I did it still; sasuga also means still.
さすが言[い]った,I said it even; sasuga also means even.
手[て]を見[み]た,I saw a hand; te means hand.
これは俺[おれ]の手[て]だ,this is my forepaw; te also means forepaw.
手[て]とは何[なん]だ,what is a handle; te also means handle.
大[おお]きな手[て]だ,it is a big trouble; te also means trouble.
そしてそれでいい,and that is fine; soshite means and.
皆[みんな]で持[も]つ,all of us hold; motsu means to hold.
今[いま]持[も]つ,now I possess; motsu also means to possess.
よく持[も]つ,I often maintain; motsu also means to maintain.
これから持[も]つ,I will last from now on; motsu also means to last.
もってください,please hold; motte is the te form of motsu meaning to hold.
それを持[も]った,I held that; motta is the past form of motsu meaning to hold.
今[いま]持[も]っている,I am holding right now; motteiru is the progressive form of motsu meaning to hold.
誰[だれ]も持[も]ってない,nobody will hold; mottenai is the negative form of motsu meaning to hold.
俺[おれ]が持[も]っていかれた,someone held me; motteikareta is the past passive form of motsu meaning to hold.
あいつに持[も]たせて,I will make that guy hold; motasete is the causative form of motsu meaning to hold.
あの時[とき]持[も]ってきた,I was holding back then; mottekita is the past progressive form of motsu meaning to hold.
大[おお]きなスキルだ,it is a big skill; sukiru means skill.
これはスキルです,this is a skill; sukirudesu is the polite form of sukiru meaning skill.
これがそこだ,this is there; soko means there.
そこの事[こと]を言[い]っている,I am talking about then; soko also means then.
これがそこです,this is there; sokodesu is the polite form of soko meaning there.
での事[こと]を言[い]っている,I am talking about a coming out; de means coming out.
その蝋[ろう]が欲[ほ]しい,I want that wax; rou means wax.
はっ,oh; hat means oh.
はっ、分[わ]かった,yes I understand; hat also means yes.
やっぱりはっ,after all huh; hat also means huh.
つもりを探[さが]している,I am looking for an intention; tsumori means intention.
つもりが必要[ひつよう]だ,a belief is needed; tsumori also means belief.
これはつもりだ,this is an estimate; tsumori also means estimate.
昔[むかし]はつもりだった,long ago it was an intention; tsumoridatta is the past form of tsumori meaning intention.
これはつもりです,this is an intention; tsumoridesu is the polite form of tsumori meaning intention.
あれがやる,that will do it; are means that.
これがあれだ,this is that person; are also means that person.
あれの事[こと]を言[い]っている,I am talking about then; are also means then.
やっぱりこれがあれだ,after all this is that place; are also means that place.
何[なに]を任[まか]せるのか,what do you leave; makaseru means to leave.
明日[あした]任[まか]せる,I will use to the full tomorrow; makaseru also means to use to the full.
任[まか]せてください,please leave; makasete is the te form of makaseru meaning to leave.
昨日[きのう]任[まか]せた,yesterday I left; makaseta is the past form of makaseru meaning to leave.
それを任[まか]せろ,leave that; makasero is the imperative form of makaseru meaning to leave.
それを任[まか]せたい,I want to leave that; makasetai is the desiderative form of makaseru meaning to leave.
そろそろ任[まか]せよう,let us leave soon; makaseyou is the volitional form of makaseru meaning to leave.
皆[みんな]に任[まか]せられる,everyone leaves me; makaserareru is the passive form of makaseru meaning to leave.
今[いま]任[まか]せている,I am leaving right now; makaseteiru is the progressive form of makaseru meaning to leave.
本当[ほんとう]の精霊[せいれい]だ,it is a real spirit; seirei means spirit.
それは精霊[せいれい]だった,that was a spirit; seireidatta is the past form of seirei meaning spirit.
やっぱり通[とお]りだ,it is a street after all; toori means street.
通[とお]りがある,there is a traffic; toori also means traffic.
通[とお]りを見[み]た,I saw a flow; toori also means flow.
これは俺[おれ]の通[とお]りだ,this is my transmission; toori also means transmission.
それは通[とお]りです,that is a street; tooridesu is the polite form of toori meaning street.
それはどおりだった,that was a street; dooridatta is the past form of toori meaning street.
こんな事[こと]だ,it is this matter; konna means this sort of.
こういい,it is in this way good; kou means in this way.
こうした,I did it this; kou also means this.
ははは,ha ha ha; hahaha means ha ha ha.
部下[ぶか]とは何[なん]だ,what is a subordinate person; buka means subordinate person.
これは部下[ぶか]です,this is a subordinate person; bukadesu is the polite form of buka meaning subordinate person.
しかしやめた,however I quit; shikashi means however.
これがこいつだ,this is this; koitsu means this.
二人[ふたり]の事[こと]を言[い]っている,I am talking about a two persons; futari means two persons.
何[なに]を出[だ]すのか,what do you take out; dasu means to take out.
明日[あした]出[だ]す,I will put out tomorrow; dasu also means to put out.
一緒[いっしょ]に出[だ]す,we will submit together; dasu also means to submit.
皆[みんな]で出[だ]す,all of us publish; dasu also means to publish.
もう出[だ]した,I already took out; dashita is the past form of dasu meaning to take out.
出[だ]してください,please take out; dashite is the te form of dasu meaning to take out.
皆[みんな]で出[だ]せばいい,it is fine if we all take out; daseba is the conditional form of dasu meaning to take out.
まだ出[だ]さない,I do not take out yet; dasanai is the negative form of dasu meaning to take out.
それを出[だ]せませぬ,I will take out that; dasemasenu is the polite form of dasu meaning to take out.
今[いま]だしています,I am taking out right now; dashiteimasu is the progressive form of dasu meaning to take out.
早[はや]く出[だ]せよ,take out quickly; daseyo is the imperative form of dasu meaning to take out.
あいつに出[だ]させて,I will make that guy take out; dasasete is the causative form of dasu meaning to take out.
皆[みんな]に出[だ]される,everyone takes out me; dasareru is the passive form of dasu meaning to take out.
このガゼルを知[し]っているか,do you know this gazelle; gazeru means gazelle.
カリヨンを探[さが]している,I am looking for a carillon; kariyon means carillon.
問題[もんだい]が必要[ひつよう]だ,a question is needed; mondai means question.
これは問題[もんだい]だ,this is a problem; mondai also means problem.
本当[ほんとう]の問題[もんだい]だ,it is a real public discussion; mondai also means public discussion.
問題[もんだい]じゃない,it is not a trouble; mondai also means trouble.
すごく大丈夫[だいじょうぶ]だ,it is really safe; daijoubu means safe.
それは大丈夫[だいじょうぶ]だ,that one is no thanks; daijoubu also means no thanks.
これは大丈夫[だいじょうぶ]です,this one is safe; daijoubudesu is the polite form of daijoubu meaning safe.
本当[ほんとう]のゴブリンだ,it is a real goblin; goburin means goblin.
これから出[で]る,I will leave from now on; deru means to leave.
ちゃんと出[で]る,I move forward properly; deru also means to move forward.
俺[おれ]が出[で]る,I am the one who will come to; deru also means to come to.
明日[あした]出[で]る,I will appear tomorrow; deru also means to appear.
俺[おれ]が出[で]た,I am the one who left; deta is the past form of deru meaning to leave.
出[で]てください,please leave; dete is the te form of deru meaning to leave.
もう出[で]てきた,I was already leaving; detekita is the past progressive form of deru meaning to leave.
まだ出[で]ない,I do not leave yet; denai is the negative form of deru meaning to leave.
今[いま]出[で]てくる,I am leaving right now; detekuru is the progressive form of deru meaning to leave.
そろそろ出[で]よう,let us leave soon; deyou is the volitional form of deru meaning to leave.
何[なに]も出[で]なかった,I had not left anything; denakatta is the past negative form of deru meaning to leave.
もう出[で]ました,I already left; demashita is the polite past form of deru meaning to leave.
今[いま]出[で]ます,now I leave; demasu is the polite form of deru meaning to leave.
これが自分[じぶん]だ,this is myself; jibun means myself.
以上[いじょう]がある,there is a not less than; ijou means not less than.
以上[いじょう]を見[み]た,I saw a beyond; ijou also means beyond.
これは俺[おれ]の以上[いじょう]だ,this is my the above; ijou also means the above.
これは以上[いじょう]です,this is a not less than; ijoudesu is the polite form of ijou meaning not less than.
俺[おれ]が使[つか]う,I am the one who will use; tsukau means to use.
俺[おれ]のために使[つか]ってください,please use for me; tsukatte is the te form of tsukau meaning to use.
それを使[つか]った,I used that; tsukatta is the past form of tsukau meaning to use.
皆[みんな]で使[つか]えばいい,it is fine if we all use; tsukaeba is the conditional form of tsukau meaning to use.
まだ使[つか]えない,I do not use yet; tsukaenai is the negative form of tsukau meaning to use.
それを使[つか]います,I will use that; tsukaimasu is the polite form of tsukau meaning to use.
今[いま]使[つか]っていて,I am using right now; tsukatteite is the progressive form of tsukau meaning to use.
一緒[いっしょ]に使[つか]えよ,let us use together; tsukaeyo is the volitional form of tsukau meaning to use.
あいつに使[つか]わせて,I will make that guy use; tsukawasete is the causative form of tsukau meaning to use.
これは俺[おれ]のばかだ,this is my idiot; baka means idiot.
ばかとは何[なん]だ,what is a Mactra chinensis; baka also means Mactra chinensis.
明日[あした]知[し]れる,I will become known tomorrow; shireru means to become known.
皆[みんな]で知[し]れる,all of us am known; shireru also means to be known.
今[いま]知[し]れる,now I clearly not amount to much; shireru also means to clearly not amount to much.
よく知[し]れる,I often am evident; shireru also means to be evident.
誰[だれ]もしれない,nobody will become known; shirenai is the negative form of shireru meaning to become known.
今[いま]しれません,now I become known; shiremasen is the polite form of shireru meaning to become known.
まだしれないです,I do not become known yet; shirenaidesu is the polite negative form of shireru meaning to become known.
君[きみ]がやる,you will do it; kimi means you.
ふふ、分[わ]かった,ha ha ha I understand; fufu means ha ha ha.
そのロードが欲[ほ]しい,I want that road; roodo means road.
よく頼[たの]む,I often request; tanomu means to request.
これから頼[たの]む,I will call from now on; tanomu also means to call.
たまに頼[たの]む,I entrust to once in a while; tanomu also means to entrust to.
ちゃんと頼[たの]む,I rely on properly; tanomu also means to rely on.
俺[おれ]が頼[たの]んだ,I am the one who requested; tanonda is the past form of tanomu meaning to request.
もっと頼[たの]みたい,I want to request more; tanomitai is the desiderative form of tanomu meaning to request.
俺[おれ]のために頼[たの]んでください,please request for me; tanonde is the te form of tanomu meaning to request.
俺[おれ]が頼[たの]まれた,someone requested me; tanomareta is the past passive form of tanomu meaning to request.
皆[みんな]に頼[たの]まれて,everyone requests me; tanomarete is the passive form of tanomu meaning to request.
今[いま]頼[たの]んでいる,I am requesting right now; tanondeiru is the progressive form of tanomu meaning to request.
一緒[いっしょ]に頼[たの]も,let us request together; tanomo is the volitional form of tanomu meaning to request.
今[いま]頼[たの]みます,now I request; tanomimasu is the polite form of tanomu meaning to request.
これから見[み]せる,I will show from now on; miseru means to show.
たまに見[み]せる,I make look once in a while; miseru also means to make look.
ちゃんと見[み]せる,I make worth watching properly; miseru also means to make worth watching.
俺[おれ]が見[み]せる,I am the one who will have looked at; miseru also means to have looked at.
見[み]せてください,please show; misete is the te form of miseru meaning to show.
それをみせます,I will show that; misemasu is the polite form of miseru meaning to show.
皆[みんな]で見[み]せた,all of us showed; miseta is the past form of miseru meaning to show.
一緒[いっしょ]にみせよう,let us show together; miseyou is the volitional form of miseru meaning to show.
もっと見[み]せたい,I want to show more; misetai is the desiderative form of miseru meaning to show.
本当[ほんとう]は見[み]せてあげたかった,the truth is I wanted to show; miseteagetakatta is the past desiderative form of miseru meaning to show.
誰[だれ]も見[み]せない,nobody will show; misenai is the negative form of miseru meaning to show.
早[はや]くみせろ,show quickly; misero is the imperative form of miseru meaning to show.
これは可能[かのう]だ,this one is possible; kanou means possible.
これは可能[かのう]です,this one is possible; kanoudesu is the polite form of kanou meaning possible.
すごく悪[わる]い,it is really bad; warui means bad.
ちょっと悪[わる]い,it is a bit poor; warui also means poor.
それは悪[わる]い,that one is evil; warui also means evil.
この悪[わる]いやつだ,it is this ugly one; warui also means ugly.
昔[むかし]は悪[わる]かった,long ago it was bad; warukatta is the past form of warui meaning bad.
悪[わる]くていい,it is bad and that is good; warukute is the te form of warui meaning bad.
とても悪[わる]いです,it is very bad; waruidesu is the polite form of warui meaning bad.
とても悪[わる]かったです,it was very bad; warukattadesu is the polite past form of warui meaning bad.
音[おと]じゃない,it is not a sound; oto means sound.
やっぱり音[おと]だ,it is a note after all; oto also means note.
音[おと]がある,there is a fame; oto also means fame.
男[おとこ]がある,there is a man; otoko means man.
男[おとこ]を見[み]た,I saw a fellow; otoko also means fellow.
これは俺[おれ]の男[おとこ]だ,this is my male lover; otoko also means male lover.
男[おとこ]とは何[なん]だ,what is a manliness; otoko also means manliness.
それは男[おとこ]だった,that was a man; otokodatta is the past form of otoko meaning man.
それは男[おとこ]です,that is a man; otokodesu is the polite form of otoko meaning man.
トレーを見[み]た,I saw a tray; tore means tray.
全[すべ]てとは何[なん]だ,what is an everything; subete means everything.
よく頂[いただ]く,I often receive; itadaku means to receive.
これから頂[いただ]く,I will eat from now on; itadaku also means to eat.
たまに頂[いただ]く,I am crowned with once in a while; itadaku also means to be crowned with.
ちゃんと頂[いただ]く,I have properly; itadaku also means to have.
今[いま]いただきます,now I receive; itadakimasu is the polite form of itadaku meaning to receive.
それをいただきたい,I want to receive that; itadakitai is the desiderative form of itadaku meaning to receive.
皆[みんな]でいただいた,all of us received; itadaita is the past form of itadaku meaning to receive.
もう頂[いただ]きました,I already received; itadakimashita is the polite past form of itadaku meaning to receive.
そろそろいただこう,let us receive soon; itadakou is the volitional form of itadaku meaning to receive.
俺[おれ]のためにいただいてください,please receive for me; itadaite is the te form of itadaku meaning to receive.
今[いま]いただいております,I am receiving right now; itadaiteorimasu is the progressive form of itadaku meaning to receive.
皆[みんな]でいただければいい,it is fine if we all receive; itadakereba is the conditional form of itadaku meaning to receive.
今日[きょう]言[い]った,I said it today; kyou means today.
ニーの事[こと]を言[い]っている,I am talking about a knee; ni means knee.
ちゃんと過[す]ぎる,I pass through properly; sugiru means to pass through.
俺[おれ]が過[す]ぎる,I am the one who will pass; sugiru also means to pass.
明日[あした]過[す]ぎる,I will have expired tomorrow; sugiru also means to have expired.
皆[みんな]で過[す]ぎる,all of us exceed; sugiru also means to exceed.
過[す]ぎてください,please pass through; sugite is the te form of sugiru meaning to pass through.
俺[おれ]が過[す]ぎた,I am the one who passed through; sugita is the past form of sugiru meaning to pass through.
誰[だれ]もすぎない,nobody will pass through; suginai is the negative form of sugiru meaning to pass through.
今[いま]すぎます,now I pass through; sugimasu is the polite form of sugiru meaning to pass through.
もう過[す]ぎていた,I was already passing through; sugiteita is the past progressive form of sugiru meaning to pass through.
今[いま]過[す]ぎている,I am passing through right now; sugiteiru is the progressive form of sugiru meaning to pass through.
早[はや]く過[す]ぎよ,pass through quickly; sugiyo is the imperative form of sugiru meaning to pass through.
少[すこ]しした,I did it a little; sukoshi means a little.
少[すこ]し言[い]った,I said it a little while; sukoshi also means a little while.
少[すこ]しなった,it turned out a little way; sukoshi also means a little way.
それを取[と]る,I will take that; toru means to take.
何[なに]を取[と]るのか,what do you pass; toru also means to pass.
明日[あした]取[と]る,I will get tomorrow; toru also means to get.
一緒[いっしょ]に取[と]る,we will adopt together; toru also means to adopt.
俺[おれ]のためにとってください,please take for me; totte is the te form of toru meaning to take.
俺[おれ]が取[と]られる,someone takes me; torareru is the passive form of toru meaning to take.
一緒[いっしょ]に取[と]ろう,let us take together; torou is the volitional form of toru meaning to take.
取[と]れ,take it now; tore is the imperative form of toru meaning to take.
俺[おれ]が取[と]った,I am the one who took; totta is the past form of toru meaning to take.
何[なに]もとらなくて,I do not take anything; toranakute is the negative form of toru meaning to take.
それを取[と]ってくる,I am taking that; tottekuru is the progressive form of toru meaning to take.
今[いま]取[と]ります,now I take; torimasu is the polite form of toru meaning to take.
何[なに]を付[つ]けるのか,what do you attach; tsukeru means to attach.
明日[あした]付[つ]ける,I will furnish tomorrow; tsukeru also means to furnish.
一緒[いっしょ]に付[つ]ける,we will wear together; tsukeru also means to wear.
皆[みんな]で付[つ]ける,all of us keep a diary; tsukeru also means to keep a diary.
つけてください,please attach; tsukete is the te form of tsukeru meaning to attach.
皆[みんな]で付[つ]けた,all of us attached; tsuketa is the past form of tsukeru meaning to attach.
つけろ,attach it now; tsukero is the imperative form of tsukeru meaning to attach.
一緒[いっしょ]に付[つ]けよう,let us attach together; tsukeyou is the volitional form of tsukeru meaning to attach.
本当[ほんとう]はつけたかった,the truth is I wanted to attach; tsuketakatta is the past desiderative form of tsukeru meaning to attach.
それを付[つ]けます,I will attach that; tsukemasu is the polite form of tsukeru meaning to attach.
まだ付[つ]けてない,I do not attach yet; tsuketenai is the negative form of tsukeru meaning to attach.
皆[みんな]に付[つ]けられる,everyone attaches me; tsukerareru is the passive form of tsukeru meaning to attach.
あいつに付[つ]けさせて,I will make that guy attach; tsukesasete is the causative form of tsukeru meaning to attach.
これはイフだ,this is an if; ifu means if.
なるほどした,I did it I see; naruhodo means I see.
リートじゃない,it is not a lied; riito means lied.
やっぱり子[こ]だ,it is a child after all; ko means child.
子[こ]がある,there is a young woman; ko also means young woman.
子[こ]を見[み]た,I saw a young; ko also means young.
これは俺[おれ]の子[こ]だ,this is my offshoot; ko also means offshoot.
わしがある,there is a washi; washi means washi.
これがわしです,this is washi; washidesu is the polite form of washi meaning washi.
子供[こども]を見[み]た,I saw a child; kodomo means child.
昔[むかし]は子供[こども]だった,long ago it was a child; kodomodatta is the past form of kodomo meaning child.
これは俺[おれ]の森[もり]だ,this is my forest; mori means forest.
森[もり]とは何[なん]だ,what is a shrine grove; mori also means shrine grove.
ちゃんと済[す]む,I finish properly; sumu means to finish.
俺[おれ]が済[す]む,I am the one who will have a result less severe than expected; sumu also means to have a result less severe than expected.
明日[あした]済[す]む,I will feel at ease tomorrow; sumu also means to feel at ease.
今[いま]すみません,now I finish; sumimasen is the polite form of sumu meaning to finish.
俺[おれ]が済[す]んだ,I am the one who finished; sunda is the past form of sumu meaning to finish.
まだすまない,I do not finish yet; sumanai is the negative form of sumu meaning to finish.
まだすまんかった,I had not finished yet; sumankatta is the past negative form of sumu meaning to finish.
大[おお]きな風呂[ぶろ]だ,it is a big bath; buro means bath.
それは風呂[ぶろ]じゃない,that is not a bathhouse; buro also means bathhouse.
風呂[ぶろ]の事[こと]を言[い]っている,I am talking about a room for drying lacquerware; buro also means room for drying lacquerware.
その風呂[ぶろ]が欲[ほ]しい,I want that base; buro also means base.
それを呼[よ]ぶ,I will call out that; yobu means to call out.
何[なに]を呼[よ]ぶのか,what do you summon; yobu also means to summon.
明日[あした]呼[よ]ぶ,I will invite tomorrow; yobu also means to invite.
一緒[いっしょ]に呼[よ]ぶ,we will designate together; yobu also means to designate.
俺[おれ]が呼[よ]ばれる,someone calls out me; yobareru is the passive form of yobu meaning to call out.
俺[おれ]のために呼[よ]んでください,please call out for me; yonde is the te form of yobu meaning to call out.
そろそろ呼[よ]べよ,let us call out soon; yobeyo is the volitional form of yobu meaning to call out.
俺[おれ]が呼[よ]んだ,I am the one who called out; yonda is the past form of yobu meaning to call out.
あいつに呼[よ]ばせて,I will make that guy call out; yobasete is the causative form of yobu meaning to call out.
俺[おれ]が呼[よ]ばれた,someone called out me; yobareta is the past passive form of yobu meaning to call out.
もっと呼[よ]びたい,I want to call out more; yobitai is the desiderative form of yobu meaning to call out.
それを呼[よ]んでいる,I am calling out that; yondeiru is the progressive form of yobu meaning to call out.
何[なに]を守[まも]るのか,what do you protect; mamoru means to protect.
明日[あした]守[まも]る,I will keep tomorrow; mamoru also means to keep.
俺[おれ]のために守[まも]ってください,please protect for me; mamotte is the te form of mamoru meaning to protect.
もっと守[まも]りたい,I want to protect more; mamoritai is the desiderative form of mamoru meaning to protect.
皆[みんな]に守[まも]られる,everyone protects me; mamorareru is the passive form of mamoru meaning to protect.
もう守[まも]った,I already protected; mamotta is the past form of mamoru meaning to protect.
その竜[りゅう]が欲[ほ]しい,I want that dragon; ryuu means dragon.
この竜[りゅう]を知[し]っているか,do you know this naga; ryuu also means naga.
竜[りゅう]を探[さが]している,I am looking for a promoted rook; ryuu also means promoted rook.
一緒[いっしょ]に殺[ころ]す,we will kill together; korosu means to kill.
皆[みんな]で殺[ころ]す,all of us suppress; korosu also means to suppress.
今[いま]殺[ころ]す,now I put out; korosu also means to put out.
よく殺[ころ]す,I often pawn; korosu also means to pawn.
俺[おれ]が殺[ころ]した,I am the one who killed; koroshita is the past form of korosu meaning to kill.
殺[ころ]してください,please kill; koroshite is the te form of korosu meaning to kill.
俺[おれ]が殺[ころ]された,someone killed me; korosareta is the past passive form of korosu meaning to kill.
俺[おれ]が殺[ころ]される,someone kills me; korosareru is the passive form of korosu meaning to kill.
殺[ころ]せ,kill it now; korose is the imperative form of korosu meaning to kill.
そろそろ殺[ころ]そう,let us kill soon; korosou is the volitional form of korosu meaning to kill.
それを殺[ころ]します,I will kill that; koroshimasu is the polite form of korosu meaning to kill.
目[め]を探[さが]している,I am looking for an eye; me means eye.
目[め]が必要[ひつよう]だ,an eyesight is needed; me also means eyesight.
これは目[め]だ,this is a look; me also means look.
本当[ほんとう]の目[め]だ,it is a real notice; me also means notice.
旦那[だんな]が必要[ひつよう]だ,a master is needed; danna means master.
これは旦那[だんな]だ,this is a husband; danna also means husband.
本当[ほんとう]の旦那[だんな]だ,it is a real sir; danna also means sir.
旦那[だんな]じゃない,it is not a patron of a mistress; danna also means patron of a mistress.
よく勝[か]つ,I often win; katsu means to win.
俺[おれ]が勝[か]った,I am the one who won; katta is the past form of katsu meaning to win.
誰[だれ]も勝[か]てない,nobody will win; katenai is the negative form of katsu meaning to win.
勝[か]ってください,please win; katte is the te form of katsu meaning to win.
勝[か]てばいい,it is fine if I win; kateba is the conditional form of katsu meaning to win.
勝[か]て,win it now; kate is the imperative form of katsu meaning to win.
もっと勝[か]ちたい,I want to win more; kachitai is the desiderative form of katsu meaning to win.
これからよる,I will be due to from now on; yoru means to be due to.
ちゃんとよる,I depend on properly; yoru also means to depend on.
俺[おれ]がよる,I am the one who will be based on; yoru also means to be based on.
明日[あした]よる,I will be based at tomorrow; yoru also means to be based at.
よってください,please be due to; yotte is the te form of yoru meaning to be due to.
どこがやる,where will do it; doko means where.
これがどこだ,this is how much; doko also means how much.
これがどこです,this is where; dokodesu is the polite form of doko meaning where.
ちゃんとなさる,I do properly; nasaru means to do.
それをなさい,do that; nasai is the imperative form of nasaru meaning to do.
もうなさいました,I already did; nasaimashita is the polite past form of nasaru meaning to do.
今[いま]なさいませ,now I do; nasaimase is the polite form of nasaru meaning to do.
俺[おれ]のためになさってください,please do for me; nasatte is the te form of nasaru meaning to do.
俺[おれ]が違[ちが]う,I am the one who will differ; chigau means to differ.
明日[あした]違[ちが]う,I will be wrong tomorrow; chigau also means to be wrong.
皆[みんな]で違[ちが]う,all of us become abnormal; chigau also means to become abnormal.
違[ちが]ってください,please differ; chigatte is the te form of chigau meaning to differ.
今[いま]違[ちが]います,now I differ; chigaimasu is the polite form of chigau meaning to differ.
仲間[なかま]を見[み]た,I saw samurai's attendant; nakama means samurai's attendant.
これは俺[おれ]のオーガだ,this is my ogre; ooga means ogre.
一人[ひとり]とは何[なん]だ,what is one person; hitori means one person.
大[おお]きな一人[ひとり]だ,it is a big being alone; hitori also means being alone.
それは一人[ひとり]じゃない,that is not a being single; hitori also means being single.
これは一人[ひとり]です,this is one person; hitoridesu is the polite form of hitori meaning one person.
まさか、分[わ]かった,by no means I understand; masaka means by no means.
まさかいい,it is certainly good; masaka also means certainly.
まさかした,I did it indeed; masaka also means indeed.
皆[みんな]ルミナスだ,everyone is luminous; ruminasu means luminous.
それはルミナスだった,that was luminous; ruminasudatta is the past form of ruminasu meaning luminous.
ありがとう、分[わ]かった,thank you I understand; arigatou means thank you.
今回[こんかい]言[い]った,I said it this time; konkai means this time.
この敵[てき]を知[し]っているか,do you know this rival; teki means rival.
敵[てき]を探[さが]している,I am looking for a revenge; teki also means revenge.
これは敵[てき]です,this is a rival; tekidesu is the polite form of teki meaning rival.
ちゃんと戦[たたか]う,I make war properly; tatakau means to make war.
俺[おれ]が戦[たたか]う,I am the one who will compete; tatakau also means to compete.
明日[あした]戦[たたか]う,I will struggle tomorrow; tatakau also means to struggle.
戦[たたか]ってください,please make war; tatakatte is the te form of tatakau meaning to make war.
昨日[きのう]戦[たたか]った,yesterday I made war; tatakatta is the past form of tatakau meaning to make war.
今[いま]戦[たたか]っている,I am making war right now; tatakatteiru is the progressive form of tatakau meaning to make war.
もっと戦[たたか]ってみたい,I want to make war more; tatakattemitai is the desiderative form of tatakau meaning to make war.
ちゃんと止[と]める,I stop properly; tomeru means to stop.
俺[おれ]が止[と]める,I am the one who will park; tomeru also means to park.
それを止[と]める,I will prevent that; tomeru also means to prevent.
何[なに]を止[と]めるのか,what do you notice; tomeru also means to notice.
やめてください,please stop; yamete is the te form of tomeru meaning to stop.
それをやめろ,stop that; yamero is the imperative form of tomeru meaning to stop.
そろそろやめよう,let us stop soon; yameyou is the volitional form of tomeru meaning to stop.
俺[おれ]が辞[や]めた,I am the one who stopped; yameta is the past form of tomeru meaning to stop.
止[と]めねばいい,it is fine if I stop; tomeneba is the conditional form of tomeru meaning to stop.
これは勇者[ゆうしゃ]だ,this is a hero; yuusha means hero.
それを得[え]る,I will get that; eru means to get.
それを得[え]た,I got that; eta is the past form of eru meaning to get.
得[え]てください,please get; ete is the te form of eru meaning to get.
何[なに]もえない,I do not get anything; enai is the negative form of eru meaning to get.
俺[おれ]が得[え]られる,someone gets me; erareru is the passive form of eru meaning to get.
俺[おれ]が得[え]られた,someone got me; erareta is the past passive form of eru meaning to get.
もう得[え]ました,I already got; emashita is the polite past form of eru meaning to get.
えよ,get it now; yo is the imperative form of eru meaning to get.
あの時[とき]得[え]ていました,I was getting back then; eteimashita is the past progressive form of eru meaning to get.
それを得[え]ている,I am getting that; eteiru is the progressive form of eru meaning to get.
皆[みんな]確[たし]かだ,everyone is sure; tashika means sure.
これは確[たし]かだ,this one is reliable; tashika also means reliable.
明日[あした]認[みと]める,I will write tomorrow; mitomeru means to write.
一緒[いっしょ]に認[みと]める,we will have together; mitomeru also means to have.
認[みと]めてください,please write; mitomete is the te form of mitomeru meaning to write.
まだ認[みと]めない,I do not write yet; mitomenai is the negative form of mitomeru meaning to write.
そろそろ認[みと]めよう,let us write soon; mitomeyou is the volitional form of mitomeru meaning to write.
昨日[きのう]認[みと]めた,yesterday I wrote; mitometa is the past form of mitomeru meaning to write.
俺[おれ]が認[みと]められる,someone writes me; mitomerareru is the passive form of mitomeru meaning to write.
それを認[みと]めたく,I want to write that; mitometaku is the desiderative form of mitomeru meaning to write.
あいつに認[みと]めさせて,I will make that guy write; mitomesasete is the causative form of mitomeru meaning to write.
早[はや]く認[みと]めろ,write quickly; mitomero is the imperative form of mitomeru meaning to write.
認[みと]めるならばいい,it is fine if I write; mitomerunaraba is the conditional form of mitomeru meaning to write.
レイがある,there is a lei; rei means lei.
ままなった,it turned out as; mama means as.
これは俺[おれ]のままだ,this is my sic; mama also means sic.
それはままだった,that was as; mamadatta is the past form of mama meaning as.
これは俺[おれ]の中[なか]だ,this is my inside; naka means inside.
中[なか]とは何[なん]だ,what is a middle; naka also means middle.
大[おお]きな中[なか]だ,it is a big interval; naka also means interval.
それは中[なか]じゃない,that is not a mean; naka also means mean.
よく入[はい]る,I often enter; hairu means to enter.
これから入[はい]る,I will set from now on; hairu also means to set.
ちゃんと入[はい]る,I attain properly; hairu also means to attain.
もう入[はい]った,I already enterred; haitta is the past form of hairu meaning to enter.
入[はい]ってください,please enter; haitte is the te form of hairu meaning to enter.
皆[みんな]で入[はい]ったらいい,it is fine if we all enter; haittara is the conditional form of hairu meaning to enter.
そろそろ入[はい]ろう,let us enter soon; hairou is the volitional form of hairu meaning to enter.
誰[だれ]も入[はい]らない,nobody will enter; hairanai is the negative form of hairu meaning to enter.
今[いま]入[はい]っています,I am enterring right now; haitteimasu is the progressive form of hairu meaning to enter.
もう入[はい]りました,I already enterred; hairimashita is the polite past form of hairu meaning to enter.
今[いま]入[はい]ります,now I enter; hairimasu is the polite form of hairu meaning to enter.
もっと入[はい]りたい,I want to enter more; hairitai is the desiderative form of hairu meaning to enter.
これから許[ゆる]す,I will permit from now on; yurusu means to permit.
たまに許[ゆる]す,I forgive once in a while; yurusu also means to forgive.
ちゃんと許[ゆる]す,I exempt from properly; yurusu also means to exempt from.
俺[おれ]が許[ゆる]す,I am the one who will acknowledge; yurusu also means to acknowledge.
俺[おれ]のために許[ゆる]してください,please permit for me; yurushite is the te form of yurusu meaning to permit.
何[なに]も許[ゆる]せない,I do not permit anything; yurusenai is the negative form of yurusu meaning to permit.
一緒[いっしょ]に許[ゆる]そう,let us permit together; yurusou is the volitional form of yurusu meaning to permit.
もう許[ゆる]した,I already permitted; yurushita is the past form of yurusu meaning to permit.
それを許[ゆる]しません,I will permit that; yurushimasen is the polite form of yurusu meaning to permit.
俺[おれ]が許[ゆる]される,someone permits me; yurusareru is the passive form of yurusu meaning to permit.
それは他[ほか]じゃない,that is not an another place; hoka means another place.
他[ほか]の事[こと]を言[い]っている,I am talking about an another; hoka also means another.
その他[ほか]が欲[ほ]しい,I want that beyond; hoka also means beyond.
この他[ほか]を知[し]っているか,do you know this except; hoka also means except.
名前[なまえ]の事[こと]を言[い]っている,I am talking about a name; namae means name.
その名前[なまえ]が欲[ほ]しい,I want that given name; namae also means given name.
これは嫌[いや]だ,this one is disliking; iya means disliking.
すごく嫌[いや]だ,it is really unpleasant; iya also means unpleasant.
これはいやです,this one is disliking; iyadesu is the polite form of iya meaning disliking.
それは嫌[いや]だった,that one was disliking; iyadatta is the past form of iya meaning disliking.
このカリュブディスを知[し]っているか,do you know this Charybdis; karyubudisu means Charybdis.
年[ねん]を探[さが]している,I am looking for a year; nen means year.
年[ねん]が必要[ひつよう]だ,an age is needed; nen also means age.
これは年[ねん]だ,this is a past one's prime; nen also means past one's prime.
僕[ぼく]が必要[ひつよう]だ,a servant is needed; boku means servant.
これは一同[いちどう]だ,this is an all present; ichidou means all present.
皆[みんな]で見[み]える,all of us am seen; mieru means to be seen.
今[いま]見[み]える,now I look; mieru also means to look.
よく見[み]える,I often come; mieru also means to come.
見[み]えてください,please be seen; miete is the te form of mieru meaning to be seen.
誰[だれ]も見[み]えない,nobody will be seen; mienai is the negative form of mieru meaning to be seen.
俺[おれ]が見[み]えた,I am the one who was seen; mieta is the past form of mieru meaning to be seen.
もう見[み]えてきた,I was already being seen; mietekita is the past progressive form of mieru meaning to be seen.
今[いま]見[み]えます,now I am seen; miemasu is the polite form of mieru meaning to be seen.
そろそろまみえよう,let us be seen soon; mamieyou is the volitional form of mieru meaning to be seen.
もう見[み]えました,I already was seen; miemashita is the polite past form of mieru meaning to be seen.
進化[しんか]じゃない,it is not an evolution; shinka means evolution.
これがいつだ,this is when; itsu means when.
いつの事[こと]を言[い]っている,I am talking about normal times; itsu also means normal times.
ディアーがある,there is a deer; dia means deer.
姿[すがた]を見[み]た,I saw a figure; sugata means figure.
これは俺[おれ]の姿[すがた]だ,this is my appearance; sugata also means appearance.
姿[すがた]とは何[なん]だ,what is a state; sugata also means state.
大[おお]きな姿[すがた]だ,it is a big form; sugata also means form.
ちゃんと食[く]う,I eat properly; kuu means to eat.
俺[おれ]が食[く]う,I am the one who will live; kuu also means to live.
それを食[く]う,I will bite that; kuu also means to bite.
何[なに]を食[く]うのか,what do you tease; kuu also means to tease.
食[く]ってください,please eat; kutte is the te form of kuu meaning to eat.
俺[おれ]が食[く]った,I am the one who ate; kutta is the past form of kuu meaning to eat.
俺[おれ]が食[く]われる,someone eats me; kuwareru is the passive form of kuu meaning to eat.
それを食[く]いたい,I want to eat that; kuitai is the desiderative form of kuu meaning to eat.
誰[だれ]も食[く]わなくて,nobody will eat; kuwanakute is the negative form of kuu meaning to eat.
俺[おれ]が食[く]われた,someone ate me; kuwareta is the past passive form of kuu meaning to eat.
それを食[く]え,eat that; kue is the imperative form of kuu meaning to eat.
すごく面白[おもしろ]い,it is really interesting; omoshiroi means interesting.
ちょっと面白[おもしろ]い,it is a bit amusing; omoshiroi also means amusing.
それは面白[おもしろ]い,that one is enjoyable; omoshiroi also means enjoyable.
この面白[おもしろ]いやつだ,it is this good one; omoshiroi also means good.
昔[むかし]は面白[おもしろ]かった,long ago it was interesting; omoshirokatta is the past form of omoshiroi meaning interesting.
それを願[ねが]う,I will desire that; negau means to desire.
何[なに]を願[ねが]うのか,what do you beg; negau also means to beg.
願[ねが]ってください,please desire; negatte is the te form of negau meaning to desire.
一緒[いっしょ]に願[ねが]おう,let us desire together; negaou is the volitional form of negau meaning to desire.
まだ願[ねが]えないだろう,I do not desire yet; negaenaidarou is the negative form of negau meaning to desire.
まだ願[ねが]えないでしょう,I do not desire yet; negaenaideshou is the polite negative form of negau meaning to desire.
へえ,oh; hee means oh.
明日[あした]信[しん]ずる,I will believe tomorrow; shinzuru means to believe.
俺[おれ]のために信[しん]じてください,please believe for me; shinjite is the te form of shinzuru meaning to believe.
俺[おれ]が信[しん]じられない,someone believes me; shinjirarenai is the passive form of shinzuru meaning to believe.
それを信[しん]じろ,believe that; shinjiro is the imperative form of shinzuru meaning to believe.
今[いま]信[しん]じている,I am believing right now; shinjiteiru is the progressive form of shinzuru meaning to believe.
それを信[しん]じます,I will believe that; shinjimasu is the polite form of shinzuru meaning to believe.
俺[おれ]が信[しん]じてた,I am the one who believed; shinjiteta is the past form of shinzuru meaning to believe.
誰[だれ]も信[しん]じない,nobody will believe; shinjinai is the negative form of shinzuru meaning to believe.
もっと信[しん]じたい,I want to believe more; shinjitai is the desiderative form of shinzuru meaning to believe.
もしいい,it is if good; moshi means if.
皆[みんな]で受[う]ける,all of us receive; ukeru means to receive.
今[いま]受[う]ける,now I catch; ukeru also means to catch.
よく受[う]ける,I often am struck by; ukeru also means to be struck by.
これから受[う]ける,I will sustain from now on; ukeru also means to sustain.
俺[おれ]が受[う]けた,I am the one who received; uketa is the past form of ukeru meaning to receive.
俺[おれ]のために受[う]けてください,please receive for me; ukete is the te form of ukeru meaning to receive.
今[いま]受[う]けている,I am receiving right now; uketeiru is the progressive form of ukeru meaning to receive.
もう受[う]けました,I already received; ukemashita is the polite past form of ukeru meaning to receive.
あいつに受[う]けさせて,I will make that guy receive; ukesasete is the causative form of ukeru meaning to receive.
一緒[いっしょ]に受[う]けよう,let us receive together; ukeyou is the volitional form of ukeru meaning to receive.
もっと受[う]けたい,I want to receive more; uketai is the desiderative form of ukeru meaning to receive.
俺[おれ]が受[う]けられなかった,someone received me; ukerarenakatta is the past passive form of ukeru meaning to receive.
今[いま]受[う]けます,now I receive; ukemasu is the polite form of ukeru meaning to receive.
支配[しはい]を探[さが]している,I am looking for a rule; shihai means rule.
よくかける,I often hang up; kakeru means to hang up.
これからかける,I will put on from now on; kakeru also means to put on.
たまにかける,I make once in a while; kakeru also means to make.
ちゃんとかける,I spend properly; kakeru also means to spend.
かけてください,please hang up; kakete is the te form of kakeru meaning to hang up.
皆[みんな]でかけた,all of us hung up; kaketa is the past form of kakeru meaning to hang up.
俺[おれ]がかけられない,someone hangs up me; kakerarenai is the passive form of kakeru meaning to hang up.
俺[おれ]がかけられた,someone hung up me; kakerareta is the past passive form of kakeru meaning to hang up.
何[なに]もかけない,I do not hang up anything; kakenai is the negative form of kakeru meaning to hang up.
皆[みんな]でかければいい,it is fine if we all hang up; kakereba is the conditional form of kakeru meaning to hang up.
今[いま]かけます,now I hang up; kakemasu is the polite form of kakeru meaning to hang up.
これから返[かえ]る,I will return from now on; kaeru means to return.
ちゃんと返[かえ]る,I turn over properly; kaeru also means to turn over.
帰[かえ]ってください,please return; kaette is the te form of kaeru meaning to return.
今[いま]帰[かえ]ってくる,I am returning right now; kaettekuru is the progressive form of kaeru meaning to return.
もう帰[かえ]ってきた,I was already returning; kaettekita is the past progressive form of kaeru meaning to return.
そろそろ帰[かえ]ろう,let us return soon; kaerou is the volitional form of kaeru meaning to return.
早[はや]く帰[かえ]れよ,return quickly; kaereyo is the imperative form of kaeru meaning to return.
昨日[きのう]帰[かえ]った,yesterday I returned; kaetta is the past form of kaeru meaning to return.
もっと帰[かえ]りたく,I want to return more; kaeritaku is the desiderative form of kaeru meaning to return.
たまに致[いた]す,I do once in a while; itasu means to do.
それをいたします,I will do that; itashimasu is the polite form of itasu meaning to do.
もういたしました,I already did; itashimashita is the polite past form of itasu meaning to do.
すごく好[す]きだ,it is really liking; suki means liking.
それは好[す]きだ,that one is faddism; suki also means faddism.
皆[みんな]好[す]きだ,everyone is as one likes; suki also means as one likes.
これは好[す]きだ,this one is lecherous; suki also means lecherous.
これは好[す]きです,this one is liking; sukidesu is the polite form of suki meaning liking.
それは好[す]きだった,that one was liking; sukidatta is the past form of suki meaning liking.
やっぱり魔人[まじん]だ,it is a sorcerer after all; majin means sorcerer.
暴風[ぼうふう]がある,there is a storm; boufuu means storm.
次[つぎ]を見[み]た,I saw a next; tsugi means next.
これは俺[おれ]の次[つぎ]だ,this is my stage; tsugi also means stage.
これは俺[おれ]の英雄[えいゆう]だ,this is my hero; eiyuu means hero.
英雄[えいゆう]とは何[なん]だ,what is an Eroica Symphony; eiyuu also means Eroica Symphony.
大[おお]きな英雄[えいゆう]だ,it is a big Heroic Polonaise; eiyuu also means Heroic Polonaise.
それは英雄[えいゆう]だった,that was a hero; eiyuudatta is the past form of eiyuu meaning hero.
間[あいだ]とは何[なん]だ,what is a space; aida means space.
大[おお]きな間[あいだ]だ,it is a big between; aida also means between.
それは間[あいだ]じゃない,that is not an among; aida also means among.
間[あいだ]の事[こと]を言[い]っている,I am talking about relations; aida also means relations.
大[おお]きな協力[きょうりょく]だ,it is a big cooperation; kyouryoku means cooperation.
今[いま]食[た]べる,now I eat; taberu means to eat.
よく食[た]べる,I often live on; taberu also means to live on.
俺[おれ]が食[た]べた,I am the one who ate; tabeta is the past form of taberu meaning to eat.
俺[おれ]のために食[た]べてください,please eat for me; tabete is the te form of taberu meaning to eat.
食[た]べたらいい,it is fine if I eat; tabetara is the conditional form of taberu meaning to eat.
それを食[た]べたい,I want to eat that; tabetai is the desiderative form of taberu meaning to eat.
俺[おれ]が食[た]べられない,someone eats me; taberarenai is the passive form of taberu meaning to eat.
一緒[いっしょ]に食[た]べよう,let us eat together; tabeyou is the volitional form of taberu meaning to eat.
誰[だれ]も食[た]べなくて,nobody will eat; tabenakute is the negative form of taberu meaning to eat.
よく戻[もど]る,I often turn back; modoru means to turn back.
これから戻[もど]る,I will return from now on; modoru also means to return.
ちゃんと戻[もど]る,I recover properly; modoru also means to recover.
俺[おれ]が戻[もど]る,I am the one who will rebound; modoru also means to rebound.
皆[みんな]で戻[もど]った,all of us turned back; modotta is the past form of modoru meaning to turn back.
今[いま]戻[もど]ってくる,I am turning back right now; modottekuru is the progressive form of modoru meaning to turn back.
戻[もど]ってください,please turn back; modotte is the te form of modoru meaning to turn back.
もう戻[もど]りました,I already turned back; modorimashita is the polite past form of modoru meaning to turn back.
今[いま]戻[もど]ります,now I turn back; modorimasu is the polite form of modoru meaning to turn back.
あの時[とき]戻[もど]ってきた,I was turning back back then; modottekita is the past progressive form of modoru meaning to turn back.
戻[もど]れ,turn back it now; modore is the imperative form of modoru meaning to turn back.
そろそろ戻[もど]ろう,let us turn back soon; modorou is the volitional form of modoru meaning to turn back.
何[なに]も戻[もど]れない,I do not turn back anything; modorenai is the negative form of modoru meaning to turn back.
その召喚[しょうかん]が欲[ほ]しい,I want that summons; shoukan means summons.
これが我[わ]が輩[はい]だ,this is I; wagahai means I.
リザードを探[さが]している,I am looking for a lizard; rizaado means lizard.
俺[おれ]が動[うご]く,I am the one who will move; ugoku means to move.
明日[あした]動[うご]く,I will operate tomorrow; ugoku also means to operate.
皆[みんな]で動[うご]く,all of us make a move; ugoku also means to make a move.
今[いま]動[うご]く,now I am touched; ugoku also means to be touched.
昨日[きのう]動[うご]いた,yesterday I moved; ugoita is the past form of ugoku meaning to move.
今[いま]動[うご]いている,I am moving right now; ugoiteiru is the progressive form of ugoku meaning to move.
誰[だれ]も動[うご]けない,nobody will move; ugokenai is the negative form of ugoku meaning to move.
動[うご]いてください,please move; ugoite is the te form of ugoku meaning to move.
皆[みんな]で動[うご]かなければいい,it is fine if we all move; ugokanakereba is the conditional form of ugoku meaning to move.
それを倒[たお]す,I will throw down that; taosu means to throw down.
何[なに]を倒[たお]すのか,what do you kill; taosu also means to kill.
明日[あした]倒[たお]す,I will overthrow tomorrow; taosu also means to overthrow.
一緒[いっしょ]に倒[たお]す,we will leave unpaid together; taosu also means to leave unpaid.
皆[みんな]で倒[たお]した,all of us threw down; taoshita is the past form of taosu meaning to throw down.
俺[おれ]のために倒[たお]してください,please throw down for me; taoshite is the te form of taosu meaning to throw down.
俺[おれ]が倒[たお]された,someone threw down me; taosareta is the past passive form of taosu meaning to throw down.
皆[みんな]で倒[たお]せばいい,it is fine if we all throw down; taoseba is the conditional form of taosu meaning to throw down.
やっぱり復活[ふっかつ]だ,it is a revival after all; fukkatsu means revival.
それは駄目[だめ]だ,that one is no good; dame means no good.
駄目[だめ]を見[み]た,I saw a neutral point; dame also means neutral point.
これはダメです,this is a no good; damedesu is the polite form of dame meaning no good.
昔[むかし]はダメだった,long ago it was a no good; damedatta is the past form of dame meaning no good.
仕事[しごと]を見[み]た,I saw a work; shigoto means work.
これは仕事[しごと]です,this is a work; shigotodesu is the polite form of shigoto meaning work.
これは俺[おれ]の準備[じゅんび]だ,this is my preparation; jumbi means preparation.
すごく簡単[かんたん]だ,it is really simple; kantan means simple.
それは簡単[かんたん]だ,that one is brief; kantan also means brief.
これは簡単[かんたん]です,this one is simple; kantandesu is the polite form of kantan meaning simple.
それは簡単[かんたん]だった,that one was simple; kantandatta is the past form of kantan meaning simple.
それは心配[しんぱい]じゃない,that is not a worry; shimpai means worry.
体[からだ]の事[こと]を言[い]っている,I am talking about a body; karada means body.
その体[からだ]が欲[ほ]しい,I want that torso; karada also means torso.
この体[からだ]を知[し]っているか,do you know this build; karada also means build.
体[からだ]を探[さが]している,I am looking for a health; karada also means health.
その剣[けん]が欲[ほ]しい,I want that sword; ken means sword.
この剣[けん]を知[し]っているか,do you know this bayonet; ken also means bayonet.
剣[けん]を探[さが]している,I am looking for a swordsmanship; ken also means swordsmanship.
剣[けん]が必要[ひつよう]だ,a stinger is needed; ken also means stinger.
騎士[きし]を探[さが]している,I am looking for a knight; kishi means knight.
騎士[きし]が必要[ひつよう]だ,a samurai on horseback is needed; kishi also means samurai on horseback.
ヒューズが必要[ひつよう]だ,a fuse is needed; hyuuzu means fuse.
これは用意[ようい]だ,this is a preparation; youi means preparation.
本当[ほんとう]の悪魔[あくま]だ,it is a real devil; akuma means devil.
悪魔[あくま]じゃない,it is not a Satan; akuma also means Satan.
やっぱり悪魔[あくま]だ,it is a Māra after all; akuma also means Māra.
それは悪魔[あくま]です,that is a devil; akumadesu is the polite form of akuma meaning devil.
エルフじゃない,it is not an elf; erufu means elf.
やっぱり攻撃[こうげき]だ,it is an attack after all; kougeki means attack.
攻撃[こうげき]がある,there is a cyber attack; kougeki also means cyber attack.
ちゃんと頑張[がんば]る,I persevere properly; gambaru means to persevere.
俺[おれ]が頑張[がんば]る,I am the one who will insist that; gambaru also means to insist that.
明日[あした]頑張[がんば]る,I will remain in a place tomorrow; gambaru also means to remain in a place.
頑張[がんば]ってください,please persevere; gambatte is the te form of gambaru meaning to persevere.
昨日[きのう]頑張[がんば]った,yesterday I persevered; gambatta is the past form of gambaru meaning to persevere.
早[はや]く頑張[がんば]れ,persevere quickly; gambare is the imperative form of gambaru meaning to persevere.
そろそろ頑張[がんば]ろう,let us persevere soon; gambarou is the volitional form of gambaru meaning to persevere.
今[いま]頑張[がんば]ります,now I persevere; gambarimasu is the polite form of gambaru meaning to persevere.
もう頑張[がんば]っていた,I was already persevering; gambatteita is the past progressive form of gambaru meaning to persevere.
何[なに]も頑張[がんば]らない,I do not persevere anything; gambaranai is the negative form of gambaru meaning to persevere.
ちゃんと会[あ]う,I meet properly; au means to meet.
俺[おれ]が会[あ]う,I am the one who will have an accident; au also means to have an accident.
昨日[きのう]会[あ]った,yesterday I met; atta is the past form of au meaning to meet.
会[あ]ってください,please meet; atte is the te form of au meaning to meet.
まだ会[あ]えなく,I do not meet yet; aenaku is the negative form of au meaning to meet.
もっと会[あ]ってみたい,I want to meet more; attemitai is the desiderative form of au meaning to meet.
そろそろ会[あ]おう,let us meet soon; aou is the volitional form of au meaning to meet.
これは俺[おれ]のはずだ,this is my nock; hazu means nock.
はずとは何[なん]だ,what is a nock-shaped grip; hazu also means nock-shaped grip.
昔[むかし]ははずだった,long ago it was a nock; hazudatta is the past form of hazu meaning nock.
これははずです,this is a nock; hazudesu is the polite form of hazu meaning nock.
約束[やくそく]とは何[なん]だ,what is a promise; yakusoku means promise.
大[おお]きな約束[やくそく]だ,it is a big appointment; yakusoku also means appointment.
それは約束[やくそく]じゃない,that is not a convention; yakusoku also means convention.
大[おお]きな商人[しょうにん]だ,it is a big merchant; shounin means merchant.
それは商人[しょうにん]だった,that was a merchant; shounindatta is the past form of shounin meaning merchant.
とてもうまい,it is very skillful; umai means skillful.
すごくうまい,it is really delicious; umai also means delicious.
ちょっとうまい,it is a bit good; umai also means good.
首領[しゅりょう]の事[こと]を言[い]っている,I am talking about a head; shuryou means head.
その情報[じょうほう]が欲[ほ]しい,I want that information; jouhou means information.
この情報[じょうほう]を知[し]っているか,do you know this informatics; jouhou also means informatics.
さて,well; sate means well.
声[こえ]を探[さが]している,I am looking for a voice; koe means voice.
声[こえ]が必要[ひつよう]だ,a singing is needed; koe also means singing.
これは声[こえ]だ,this is a sound; koe also means sound.
本当[ほんとう]の声[こえ]だ,it is a real sense; koe also means sense.
黒[くろ]が必要[ひつよう]だ,a black is needed; kuro means black.
これは黒[くろ]だ,this is a black stone; kuro also means black stone.
本当[ほんとう]の黒[くろ]だ,it is a real guilt; kuro also means guilt.
次回[じかい]した,I did it next time; jikai means next time.
もちろん言[い]った,I said it of course; mochiron means of course.
俺[おれ]が助[たす]ける,I am the one who will save; tasukeru means to save.
それを助[たす]ける,I will help that; tasukeru also means to help.
何[なに]を助[たす]けるのか,what do you support; tasukeru also means to support.
明日[あした]助[たす]ける,I will facilitate tomorrow; tasukeru also means to facilitate.
助[たす]けてください,please save; tasukete is the te form of tasukeru meaning to save.
それを助[たす]けろ,save that; tasukero is the imperative form of tasukeru meaning to save.
昨日[きのう]助[たす]けた,yesterday I saved; tasuketa is the past form of tasukeru meaning to save.
わあ,wow; waa means wow.
わあ、分[わ]かった,yeah I understand; waa also means yeah.
やっぱりわあ,after all waah; waa also means waah.
実[じつ]がある,there is a truth; jitsu means truth.
実[じつ]を見[み]た,I saw a sincerity; jitsu also means sincerity.
これは俺[おれ]の実[じつ]だ,this is my content; jitsu also means content.
実[じつ]とは何[なん]だ,what is a result; jitsu also means result.
うむ、分[わ]かった,yes I understand; umu means yes.
うむ,hum; umu also means hum.
やっぱりうむ,after all oof; umu also means oof.
これは俺[おれ]の場所[ばしょ]だ,this is my place; basho means place.
場所[ばしょ]とは何[なん]だ,what is a room; basho also means room.
大[おお]きな場所[ばしょ]だ,it is a big sumo tournament; basho also means sumo tournament.
上位[じょうい]とは何[なん]だ,what is a superior; joui means superior.
大[おお]きな上位[じょうい]だ,it is a big higher order; joui also means higher order.
それは上位[じょうい]じゃない,that is not a host computer; joui also means host computer.
大[おお]きな存在[そんざい]だ,it is a big existence; sonzai means existence.
すごく自由[じゆう]だ,it is really freedom; jiyuu means freedom.
地[ち]の事[こと]を言[い]っている,I am talking about an earth; chi means earth.
その地[ち]が欲[ほ]しい,I want that place; chi also means place.
この地[ち]を知[し]っているか,do you know this territory; chi also means territory.
地[ち]を探[さが]している,I am looking for a bottom; chi also means bottom.
それは地[ち]だった,that was an earth; chidatta is the past form of chi meaning earth.
その村[むら]が欲[ほ]しい,I want that village; mura means village.
ちゃんと終[お]わる,I end properly; owaru means to end.
俺[おれ]が終[お]わる,I am the one who will finish; owaru also means to finish.
明日[あした]終[お]わる,I will be past its prime tomorrow; owaru also means to be past its prime.
皆[みんな]で終[お]わる,all of us am awful; owaru also means to be awful.
俺[おれ]が終[お]わった,I am the one who ended; owatta is the past form of owaru meaning to end.
皆[みんな]で終[お]わったらいい,it is fine if we all end; owattara is the conditional form of owaru meaning to end.
終[お]わってください,please end; owatte is the te form of owaru meaning to end.
もう終[お]わりました,I already ended; owarimashita is the polite past form of owaru meaning to end.
まだ終[お]わってない,I do not end yet; owattenai is the negative form of owaru meaning to end.
もっと終[お]わらせたい,I want to end more; owarasetai is the desiderative form of owaru meaning to end.
結界[けっかい]を探[さが]している,I am looking for boundaries for religious practices; kekkai means boundaries for religious practices.
結界[けっかい]が必要[ひつよう]だ,a prohibition is needed; kekkai also means prohibition.
これは結界[けっかい]だ,this is a barrier; kekkai also means barrier.
これは結界[けっかい]です,this is boundaries for religious practices; kekkaidesu is the polite form of kekkai meaning boundaries for religious practices.
先[さき]なった,it turned out a short while ago; saki means a short while ago.
これは邪魔[じゃま]だ,this is a hindrance; jama means hindrance.
本当[ほんとう]の邪魔[じゃま]だ,it is a real demon who hinders Buddhist training; jama also means demon who hinders Buddhist training.
昔[むかし]は邪魔[じゃま]だった,long ago it was a hindrance; jamadatta is the past form of jama meaning hindrance.
これは無理[むり]だ,this one is unreasonable; muri means unreasonable.
無理[むり]じゃない,it is not an irrational; muri also means irrational.
これは無理[むり]です,this is an unreasonable; muridesu is the polite form of muri meaning unreasonable.
おっ、分[わ]かった,oh I understand; ot means oh.
やっぱり兄[あに]だ,it is an older brother after all; ani means older brother.
兄[あに]がある,there is a brother-in-law; ani also means brother-in-law.
ドワーフがある,there is a dwarf; dowaafu means dwarf.
封印[ふういん]を見[み]た,I saw a seal; fuuin means seal.
内[うち]なった,it turned out inside; uchi means inside.
大[おお]きな内[うち]だ,it is a big in; uchi also means in.
それは内[うち]じゃない,that is not a within oneself; uchi also means within oneself.
内[うち]の事[こと]を言[い]っている,I am talking about a we; uchi also means we.
大[おお]きなリグだ,it is a big rig; rigu means rig.
それは関係[かんけい]じゃない,that is not a relation; kankei means relation.
関係[かんけい]の事[こと]を言[い]っている,I am talking about a related to; kankei also means related to.
報告[ほうこく]の事[こと]を言[い]っている,I am talking about a report; houkoku means report.
これは報告[ほうこく]です,this is a report; houkokudesu is the polite form of houkoku meaning report.
明日[あした]つく,I will take tomorrow; tsuku means to take.
皆[みんな]でつく,all of us ascend; tsuku also means to ascend.
今[いま]つく,now I start; tsuku also means to start.
よくつく,I often study; tsuku also means to study.
ついてください,please take; tsuite is the te form of tsuku meaning to take.
今[いま]ついていきます,I am taking right now; tsuiteikimasu is the progressive form of tsuku meaning to take.
今[いま]つきまして,now I take; tsukimashite is the polite form of tsuku meaning to take.
この解析[かいせき]を知[し]っているか,do you know this analysis; kaiseki means analysis.
戦[たたか]いを探[さが]している,I am looking for a battle; tatakai means battle.
戦[たたか]いが必要[ひつよう]だ,a fight is needed; tatakai also means fight.
これは戦[たたか]いだ,this is a contest; tatakai also means contest.
我々[われわれ]がやる,we will do it; wareware means we.
今[いま]立[た]つ,now I stand; tatsu means to stand.
よく立[た]つ,I often am; tatsu also means to be.
これから立[た]つ,I will leave from now on; tatsu also means to leave.
ちゃんと立[た]つ,I depart properly; tatsu also means to depart.
立[た]ってください,please stand; tatte is the te form of tatsu meaning to stand.
もう立[た]った,I already stood; tatta is the past form of tatsu meaning to stand.
もっと立[た]ちたい,I want to stand more; tachitai is the desiderative form of tatsu meaning to stand.
今[いま]だっていて,I am standing right now; datteite is the progressive form of tatsu meaning to stand.
誰[だれ]も立[た]たないで,nobody will stand; tatanaide is the negative form of tatsu meaning to stand.
本当[ほんとう]の意味[いみ]だ,it is a real meaning; imi means meaning.
これは意味[いみ]です,this is a meaning; imidesu is the polite form of imi meaning meaning.
役[やく]じゃない,it is not a war; yaku means war.
それは役[やく]です,that is a war; yakudesu is the polite form of yaku meaning war.
すごく勝手[かって]だ,it is really one's own convenience; katte means one's own convenience.
勝手[かって]がある,there is surroundings; katte also means surroundings.
勝手[かって]を見[み]た,I saw a convenience; katte also means convenience.
これは俺[おれ]の勝手[かって]だ,this is my financial circumstances; katte also means financial circumstances.
すぐいい,it is immediately good; sugu means immediately.
すぐした,I did it soon; sugu also means soon.
すぐ言[い]った,I said it easily; sugu also means easily.
すぐなった,it turned out right; sugu also means right.
狼[おおかみ]とは何[なん]だ,what is a wolf; ookami means wolf.
大[おお]きな狼[おおかみ]だ,it is a big wolf in sheep's clothing; ookami also means wolf in sheep's clothing.
またなった,it turned out again; mata means again.
またいい,it is also good; mata also means also.
またした,I did it on the other hand; mata also means on the other hand.
また言[い]った,I said it really; mata also means really.
それは森林[しんりん]じゃない,that is not a forest; shinrin means forest.
討伐[とうばつ]の事[こと]を言[い]っている,I am talking about a subjugation; toubatsu means subjugation.
今後[こんご]なった,it turned out from now on; kongo means from now on.
これから教[おし]える,I will teach from now on; oshieru means to teach.
たまに教[おし]える,I tell once in a while; oshieru also means to tell.
ちゃんと教[おし]える,I preach properly; oshieru also means to preach.
教[おし]えてください,please teach; oshiete is the te form of oshieru meaning to teach.
教[おし]えろ,teach it now; oshiero is the imperative form of oshieru meaning to teach.
俺[おれ]が教[おし]えられる,someone teaches me; oshierareru is the passive form of oshieru meaning to teach.
皆[みんな]で教[おし]えた,all of us taught; oshieta is the past form of oshieru meaning to teach.
今[いま]教[おし]えている,I am teaching right now; oshieteiru is the progressive form of oshieru meaning to teach.
まだ教[おし]えない,I do not teach yet; oshienai is the negative form of oshieru meaning to teach.
ちゃんと逃[に]げる,I run away properly; nigeru means to run away.
俺[おれ]が逃[に]げる,I am the one who will avoid; nigeru also means to avoid.
明日[あした]逃[に]げる,I will win without being overtaken tomorrow; nigeru also means to win without being overtaken.
皆[みんな]で逃[に]げる,all of us escape; nigeru also means to escape.
逃[に]げてください,please run away; nigete is the te form of nigeru meaning to run away.
逃[に]げろ,run away it now; nigero is the imperative form of nigeru meaning to run away.
そろそろ逃[に]げよう,let us run away soon; nigeyou is the volitional form of nigeru meaning to run away.
俺[おれ]が逃[に]げた,I am the one who ran away; nigeta is the past form of nigeru meaning to run away.
俺[おれ]が逃[に]げられる,someone runs away me; nigerareru is the passive form of nigeru meaning to run away.
今[いま]逃[に]げていて,I am running away right now; nigeteite is the progressive form of nigeru meaning to run away.
まだ逃[に]げない,I do not run away yet; nigenai is the negative form of nigeru meaning to run away.
これは女[おんな]だ,this is an assistance; onna means assistance.
本当[ほんとう]の女[おんな]だ,it is a real babe; onna also means babe.
本当[ほんとう]の確認[かくにん]だ,it is a real confirmation; kakunin means confirmation.
料理[りょうり]じゃない,it is not a cooking; ryouri means cooking.
これは当然[とうぜん]だ,this one is natural; touzen means natural.
これは当然[とうぜん]です,this one is natural; touzendesu is the polite form of touzen meaning natural.
なぜなった,it turned out why; naze means why.
これは俺[おれ]の豚[ぶた]だ,this is my pig; buta means pig.
豚[ぶた]とは何[なん]だ,what is a pork; buta also means pork.
牙[きば]とは何[なん]だ,what is a tusk; kiba means tusk.
すごくユニークだ,it is really unique; yuniiku means unique.
とても高[たか]い,it is very high; takai means high.
すごく高[たか]い,it is really expensive; takai also means expensive.
ちょっと高[たか]い,it is a bit loud; takai also means loud.
それは高[たか]い,that one is high-pitched; takai also means high-pitched.
獲得[かくとく]の事[こと]を言[い]っている,I am talking about an acquisition; kakutoku means acquisition.
そのティアが欲[ほ]しい,I want that tier; tia means tier.
あはは,a-ha-ha; ahaha means a-ha-ha.
失礼[しつれい]を探[さが]している,I am looking for a discourtesy; shitsurei means discourtesy.
それは失礼[しつれい]です,that is a discourtesy; shitsureidesu is the polite form of shitsurei meaning discourtesy.
明日[あした]負[ま]ける,I will lose tomorrow; makeru means to lose.
皆[みんな]で負[ま]ける,all of us give in; makeru also means to give in.
今[いま]負[ま]ける,now I am inferior; makeru also means to be inferior.
よく負[ま]ける,I often get a rash; makeru also means to get a rash.
皆[みんな]で負[ま]けた,all of us lost; maketa is the past form of makeru meaning to lose.
皆[みんな]で負[ま]けたらいい,it is fine if we all lose; maketara is the conditional form of makeru meaning to lose.
今[いま]負[ま]けません,now I lose; makemasen is the polite form of makeru meaning to lose.
もう負[ま]けました,I already lost; makemashita is the polite past form of makeru meaning to lose.
あの時[とき]負[ま]けていた,I was losing back then; maketeita is the past progressive form of makeru meaning to lose.
負[ま]けてください,please lose; makete is the te form of makeru meaning to lose.
本当[ほんとう]の良[よ]しだ,it is a real good; yoshi means good.
日[ひ]じゃない,it is not a day; hi means day.
やっぱり日[ひ]だ,it is a sun after all; hi also means sun.
日[ひ]がある,there is a date; hi also means date.
日[ひ]を見[み]た,I saw days; hi also means days.
やっぱり時間[じかん]だ,it is a time after all; jikan means time.
時間[じかん]がある,there is an hour; jikan also means hour.
時間[じかん]を見[み]た,I saw a period; jikan also means period.
これは時間[じかん]です,this is a time; jikandesu is the polite form of jikan meaning time.
目的[もくてき]がある,there is a purpose; mokuteki means purpose.
それは目的[もくてき]です,that is a purpose; mokutekidesu is the polite form of mokuteki meaning purpose.
回復[かいふく]を見[み]た,I saw a restoration; kaifuku means restoration.
ちゃんと向[む]かう,I face properly; mukau means to face.
俺[おれ]が向[む]かう,I am the one who will go towards; mukau also means to go towards.
昨日[きのう]向[む]かった,yesterday I faced; mukatta is the past form of mukau meaning to face.
今[いま]向[む]かっている,I am facing right now; mukatteiru is the progressive form of mukau meaning to face.
向[む]かってください,please face; mukatte is the te form of mukau meaning to face.
もう向[む]かってきたら,I was already facing; mukattekitara is the past progressive form of mukau meaning to face.
俺[おれ]が向[む]かってこられる,someone faces me; mukattekorareru is the passive form of mukau meaning to face.
ちゃんと上[あ]げる,I raise properly; ageru means to raise.
俺[おれ]が上[あ]げる,I am the one who will move something; ageru also means to move something.
それを上[あ]げる,I will increase that; ageru also means to increase.
何[なに]を上[あ]げるのか,what do you show someone; ageru also means to show someone.
俺[おれ]のためにあげてください,please raise for me; agete is the te form of ageru meaning to raise.
今[いま]あげましょう,now I raise; agemashou is the polite form of ageru meaning to raise.
昨日[きのう]あげた,yesterday I raised; ageta is the past form of ageru meaning to raise.
本当[ほんとう]はあげたかった,the truth is I wanted to raise; agetakatta is the past desiderative form of ageru meaning to raise.
大[おお]きな配下[はいか]だ,it is a big followers; haika means followers.
それはフットじゃない,that is not a foot; futto means foot.
彼[かれ]の事[こと]を言[い]っている,I am talking about that; kare means that.
彼[かれ]がやる,that person will do it; kare also means that person.
これが彼[かれ]だ,this is then; kare also means then.
やっぱりこれが彼[かれ]だ,after all this is that place; kare also means that place.
その神[かみ]が欲[ほ]しい,I want that god; kami means god.
この安心[あんしん]を知[し]っているか,do you know this peace of mind; anshin means peace of mind.
皆[みんな]で変[か]わる,all of us change; kawaru means to change.
今[いま]変[か]わる,now I move to; kawaru also means to move to.
よく変[か]わる,I often am different; kawaru also means to be different.
俺[おれ]が変[か]わった,I am the one who changed; kawatta is the past form of kawaru meaning to change.
誰[だれ]も変[か]わらない,nobody will change; kawaranai is the negative form of kawaru meaning to change.
今[いま]変[か]わらずです,now I change; kawarazudesu is the polite form of kawaru meaning to change.
今[いま]始[はじ]める,now I start; hajimeru means to start.
よく始[はじ]める,I often start up; hajimeru also means to start up.
今[いま]はじめまして,now I start; hajimemashite is the polite form of hajimeru meaning to start.
それを始[はじ]めた,I started that; hajimeta is the past form of hajimeru meaning to start.
始[はじ]めてください,please start; hajimete is the te form of hajimeru meaning to start.
一緒[いっしょ]に始[はじ]めよう,let us start together; hajimeyou is the volitional form of hajimeru meaning to start.
始[はじ]めろ,start it now; hajimero is the imperative form of hajimeru meaning to start.
それを始[はじ]めております,I am starting that; hajimeteorimasu is the progressive form of hajimeru meaning to start.
これはほうだ,this is a salary; hou means salary.
つまりした,I did it that is to say; tsumari means that is to say.
つまり言[い]った,I said it in short; tsumari also means in short.
ふふふ、分[わ]かった,ha ha ha I understand; fufufu means ha ha ha.
やっぱりヒムだ,it is a hymn after all; himu means hymn.
魂[たましい]がある,there is a soul; tamashii means soul.
魂[たましい]を見[み]た,I saw a willpower; tamashii also means willpower.
これは俺[おれ]の魂[たましい]だ,this is my something as important as one's own life; tamashii also means something as important as one's own life.
それを与[あた]える,I will give that; ataeru means to give.
何[なに]を与[あた]えるのか,what do you provide; ataeru also means to provide.
明日[あした]与[あた]える,I will assign tomorrow; ataeru also means to assign.
一緒[いっしょ]に与[あた]える,we will cause together; ataeru also means to cause.
皆[みんな]で与[あた]えた,all of us gave; ataeta is the past form of ataeru meaning to give.
俺[おれ]のために与[あた]えてください,please give for me; ataete is the te form of ataeru meaning to give.
俺[おれ]が与[あた]えられた,someone gave me; ataerareta is the past passive form of ataeru meaning to give.
皆[みんな]に与[あた]えられる,everyone gives me; ataerareru is the passive form of ataeru meaning to give.
ふむ,to step on; fumu means to step on.
西方[せいほう]とは何[なん]だ,what is a western direction; seihou means western direction.
大[おお]きな西方[せいほう]だ,it is a big Western Pure Land; seihou also means Western Pure Land.
それは西方[せいほう]じゃない,that is not a western fighter in a match; seihou also means western fighter in a match.
大[おお]きな感[かん]じだ,it is a big feeling; kanji means feeling.
それは感[かん]じだった,that was a feeling; kanjidatta is the past form of kanji meaning feeling.
それは感[かん]じです,that is a feeling; kanjidesu is the polite form of kanji meaning feeling.
それは別[べつ]じゃない,that is not a distinction; betsu means distinction.
別[べつ]の事[こと]を言[い]っている,I am talking about an exception; betsu also means exception.
その別[べつ]が欲[ほ]しい,I want that classified by; betsu also means classified by.
軍[ぐん]の事[こと]を言[い]っている,I am talking about an army; gun means army.
その軍[ぐん]が欲[ほ]しい,I want that military authorities; gun also means military authorities.
この軍[ぐん]を知[し]っているか,do you know this team; gun also means team.
全[まった]くなった,it turned out really; mattaku means really.
全[まった]くいい,it is indeed good; mattaku also means indeed.
この間違[まちが]いを知[し]っているか,do you know this mistake; machigai means mistake.
間違[まちが]いを探[さが]している,I am looking for an accident; machigai also means accident.
間違[まちが]いが必要[ひつよう]だ,an improper conduct is needed; machigai also means improper conduct.
これは間違[まちが]いです,this is a mistake; machigaidesu is the polite form of machigai meaning mistake.
昔[むかし]は間違[まちが]いだった,long ago it was a mistake; machigaidatta is the past form of machigai meaning mistake.
聖教[せいきょう]を探[さが]している,I am looking for a sacred teachings; seikyou means sacred teachings.
聖教[せいきょう]が必要[ひつよう]だ,a Christianity is needed; seikyou also means Christianity.
これは聖教[せいきょう]だ,this is a Buddhism; seikyou also means Buddhism.
本当[ほんとう]のよしだ,it is a real common reed; yoshi means common reed.
冒険[ぼうけん]じゃない,it is not an adventure; bouken means adventure.
やっぱりディアブロだ,it is a Satan after all; diaburo means Satan.
国家[こっか]がある,there is a state; kokka means state.
エネルギーを見[み]た,I saw an energy; enerugi means energy.
これは俺[おれ]のエネルギーだ,this is my energy source; enerugi also means energy source.
エネルギーとは何[なん]だ,what is a food energy; enerugi also means food energy.
一体[いったい]した,I did it the heck; ittai means the heck.
一体[いったい]言[い]った,I said it generally; ittai also means generally.
一体[いったい]なった,it turned out strictly speaking; ittai also means strictly speaking.
よく生[い]きる,I often live; ikiru means to live.
これから生[い]きる,I will make a living from now on; ikiru also means to make a living.
ちゃんと生[い]きる,I am in effect properly; ikiru also means to be in effect.
俺[おれ]が生[い]きる,I am the one who will come to life; ikiru also means to come to life.
生[い]きてください,please live; ikite is the te form of ikiru meaning to live.
今[いま]生[い]きている,I am living right now; ikiteiru is the progressive form of ikiru meaning to live.
もう生[い]きてきた,I was already living; ikitekita is the past progressive form of ikiru meaning to live.
皆[みんな]で生[い]きてた,all of us lived; ikiteta is the past form of ikiru meaning to live.
これから遊[あそ]ぶ,I will play from now on; asobu means to play.
ちゃんと遊[あそ]ぶ,I mess about properly; asobu also means to mess about.
俺[おれ]が遊[あそ]ぶ,I am the one who will be idle; asobu also means to be idle.
明日[あした]遊[あそ]ぶ,I will meet up tomorrow; asobu also means to meet up.
遊[あそ]んでください,please play; asonde is the te form of asobu meaning to play.
もっと遊[あそ]びたい,I want to play more; asobitai is the desiderative form of asobu meaning to play.
そろそろ遊[あそ]ぼう,let us play soon; asobou is the volitional form of asobu meaning to play.
今[いま]遊[あそ]んでいる,I am playing right now; asondeiru is the progressive form of asobu meaning to play.
これがそちらだ,this is that way; sochira means that way.
そちらの事[こと]を言[い]っている,I am talking about there; sochira also means there.
そちらがやる,that will do it; sochira also means that.
やっぱりこれがそちらだ,after all this is you; sochira also means you.
おかげの事[こと]を言[い]っている,I am talking about a grace; okage means grace.
そのおかげが欲[ほ]しい,I want that assistance; okage also means assistance.
このおかげを知[し]っているか,do you know this effects; okage also means effects.
それはおかげです,that is a grace; okagedesu is the polite form of okage meaning grace.
そのブルが欲[ほ]しい,I want that bull; buru means bull.
このブルを知[し]っているか,do you know this bulldog; buru also means bulldog.
ブルを探[さが]している,I am looking for a bulldozer; buru also means bulldozer.
このグルーを知[し]っているか,do you know this glue; guru means glue.
グルーを探[さが]している,I am looking for a grue; guru also means grue.
感謝[かんしゃ]を探[さが]している,I am looking for thanks; kansha means thanks.
是非[ぜひ]した,I did it certainly; zehi means certainly.
一緒[いっしょ]に楽[たの]しむ,we will enjoy together; tanoshimu means to enjoy.
皆[みんな]で楽[たの]しむ,all of us look forward to; tanoshimu also means to look forward to.
俺[おれ]のために楽[たの]しんでください,please enjoy for me; tanoshinde is the te form of tanoshimu meaning to enjoy.
あいつに楽[たの]しませて,I will make that guy enjoy; tanoshimasete is the causative form of tanoshimu meaning to enjoy.
それを楽[たの]しみたい,I want to enjoy that; tanoshimitai is the desiderative form of tanoshimu meaning to enjoy.
もう楽[たの]しめた,I already enjoyed; tanoshimeta is the past form of tanoshimu meaning to enjoy.
それを楽[たの]しんでいって,I am enjoying that; tanoshindeitte is the progressive form of tanoshimu meaning to enjoy.
本当[ほんとう]のデーモンだ,it is a real demon; deemon means demon.
デーモンじゃない,it is not a daemon; deemon also means daemon.
一番[いちばん]じゃない,it is not a number one; ichiban means number one.
一番[いちばん]した,I did it best; ichiban also means best.
一番[いちばん]言[い]った,I said it as a test; ichiban also means as a test.
これは危険[きけん]だ,this one is danger; kiken means danger.
それは危険[きけん]です,that is a danger; kikendesu is the polite form of kiken meaning danger.
どうぞ言[い]った,I said it please; douzo means please.
どうぞなった,it turned out by all means; douzo also means by all means.
どうぞいい,it is here you are good; douzo also means here you are.
さっきなった,it turned out a short while ago; sakki means a short while ago.
これは俺[おれ]の分[ぶん]だ,this is my minute; bun means minute.
分[ぶん]とは何[なん]だ,what is a fun; bun also means fun.
それは分[ふん]です,that is a minute; fundesu is the polite form of bun meaning minute.
言葉[ことば]とは何[なん]だ,what is a language; kotoba means language.
大[おお]きな言葉[ことば]だ,it is a big word; kotoba also means word.
それは言葉[ことば]じゃない,that is not a speech; kotoba also means speech.
言葉[ことば]の事[こと]を言[い]っている,I am talking about words; kotoba also means words.
これは言葉[ことば]です,this is a language; kotobadesu is the polite form of kotoba meaning language.
皆[みんな]新[あたら]しい,everyone is new; atarashii means new.
全員[ぜんいん]なった,it turned out all members; zenin means all members.
今度[こんど]いい,it is this time good; kondo means this time.
その妹[いもうと]が欲[ほ]しい,I want that younger sister; imouto means younger sister.
それは妹[いもうと]です,that is a younger sister; imoutodesu is the polite form of imouto meaning younger sister.
皆[みんな]で困[こま]る,all of us am troubled; komaru means to be troubled.
今[いま]困[こま]る,now I am bothered; komaru also means to be bothered.
よく困[こま]る,I often am badly off; komaru also means to be badly off.
もう困[こま]った,I already was troubled; komatta is the past form of komaru meaning to be troubled.
今[いま]困[こま]ります,now I am troubled; komarimasu is the polite form of komaru meaning to be troubled.
今[いま]困[こま]っている,I am being troubled right now; komatteiru is the progressive form of komaru meaning to be troubled.
もう困[こま]っていた,I was already being troubled; komatteita is the past progressive form of komaru meaning to be troubled.
よく感[かん]ずる,I often feel; kanzuru means to feel.
これから感[かん]ずる,I will be moved from now on; kanzuru also means to be moved.
ちゃんと感[かん]ずる,I become infected with properly; kanzuru also means to become infected with.
それを感[かん]じた,I felt that; kanjita is the past form of kanzuru meaning to feel.
それを感[かん]じます,I will feel that; kanjimasu is the polite form of kanzuru meaning to feel.
何[なに]も感[かん]じない,I do not feel anything; kanjinai is the negative form of kanzuru meaning to feel.
もう感[かん]じました,I already felt; kanjimashita is the polite past form of kanzuru meaning to feel.
俺[おれ]が感[かん]じられない,someone feels me; kanjirarenai is the passive form of kanzuru meaning to feel.
俺[おれ]のために感[かん]じてください,please feel for me; kanjite is the te form of kanzuru meaning to feel.
まだ感[かん]じなかった,I had not felt yet; kanjinakatta is the past negative form of kanzuru meaning to feel.
それを感[かん]じている,I am feeling that; kanjiteiru is the progressive form of kanzuru meaning to feel.
これがそいつだ,this is that; soitsu means that.
本当[ほんとう]の最後[さいご]だ,it is a real end; saigo means end.
最後[さいご]じゃない,it is not a last; saigo also means last.
予定[よてい]じゃない,it is not plans; yotei means plans.
昔[むかし]は予定[よてい]だった,long ago it was plans; yoteidatta is the past form of yotei meaning plans.
これは予定[よてい]です,this is plans; yoteidesu is the polite form of yotei meaning plans.
程度[ていど]いい,it is degree good; teido means degree.
これは程度[ていど]です,this is a degree; teidodesu is the polite form of teido meaning degree.
これはいろいろだ,this one is various; iroiro means various.
いろいろ言[い]った,I said it variously; iroiro also means variously.
何[なに]を入[い]れるのか,what do you put in; ireru means to put in.
明日[あした]入[い]れる,I will admit tomorrow; ireru also means to admit.
一緒[いっしょ]に入[い]れる,we will accept together; ireru also means to accept.
皆[みんな]で入[い]れる,all of us include; ireru also means to include.
皆[みんな]で入[い]れた,all of us put in; ireta is the past form of ireru meaning to put in.
入[い]れてください,please put in; irete is the te form of ireru meaning to put in.
それを入[い]れます,I will put in that; iremasu is the polite form of ireru meaning to put in.
俺[おれ]が入[い]れられる,someone puts in me; irerareru is the passive form of ireru meaning to put in.
それは本気[ほんき]だ,that one is seriousness; honki means seriousness.
皆[みんな]面倒[めんどう]だ,everyone is trouble; mendou means trouble.
大[おお]きな面倒[めんどう]だ,it is a big care; mendou also means care.
それはふんじゃない,that is not a minute; fun means minute.
陛下[へいか]の事[こと]を言[い]っている,I am talking about a Your Majesty; heika means Your Majesty.
その捕食[ほしょく]が欲[ほ]しい,I want that predation; hoshoku means predation.
とてもまずい,it is very bad; mazui means bad.
すごくまずい,it is really poor; mazui also means poor.
ちょっとまずい,it is a bit ugly; mazui also means ugly.
それはまずい,that one is awkward; mazui also means awkward.
とてもマズいです,it is very bad; majiidesu is the polite form of mazui meaning bad.
絶対[ぜったい]言[い]った,I said it absolutely; zettai means absolutely.
絶対[ぜったい]が必要[ひつよう]だ,an absolute is needed; zettai also means absolute.
これは絶対[ぜったい]だ,this is an absoluteness; zettai also means absoluteness.
姉[あね]が必要[ひつよう]だ,an older sister is needed; ane means older sister.
明日[あした]残[のこ]る,I will remain tomorrow; nokoru means to remain.
今[いま]残[のこ]っている,I am remaining right now; nokotteiru is the progressive form of nokoru meaning to remain.
昨日[きのう]残[のこ]った,yesterday I remained; nokotta is the past form of nokoru meaning to remain.
そろそろ残[のこ]ろう,let us remain soon; nokorou is the volitional form of nokoru meaning to remain.
残[のこ]ってください,please remain; nokotte is the te form of nokoru meaning to remain.
あの時[とき]残[のこ]っていた,I was remaining back then; nokotteita is the past progressive form of nokoru meaning to remain.
本当[ほんとう]の格好[かっこ]だ,it is a real shape; kakko means shape.
格好[かっこ]じゃない,it is not an appearance; kakko also means appearance.
やっぱり格好[かっこ]だ,it is a state after all; kakko also means state.
格好[かっこ]がある,there is an about; kakko also means about.
明日[あした]忘[わす]れる,I will forget tomorrow; wasureru means to forget.
忘[わす]れてください,please forget; wasurete is the te form of wasureru meaning to forget.
皆[みんな]で忘[わす]れた,all of us forgot; wasureta is the past form of wasureru meaning to forget.
あの時[とき]忘[わす]れていた,I was forgetting back then; wasureteita is the past progressive form of wasureru meaning to forget.
それを忘[わす]れている,I am forgetting that; wasureteiru is the progressive form of wasureru meaning to forget.
何[なに]も忘[わす]れてない,I do not forget anything; wasuretenai is the negative form of wasureru meaning to forget.
それを忘[わす]れません,I will forget that; wasuremasen is the polite form of wasureru meaning to forget.
そろそろ忘[わす]れよう,let us forget soon; wasureyou is the volitional form of wasureru meaning to forget.
いやいや,no; iyaiya means no.
皆[みんな]で連[つ]れる,all of us take with one; tsureru means to take with one.
連[つ]れてください,please take with one; tsurete is the te form of tsureru meaning to take with one.
それを連[つ]れていく,I am taking with one that; tsureteiku is the progressive form of tsureru meaning to take with one.
あの時[とき]連[つ]れてきた,I was taking with one back then; tsuretekita is the past progressive form of tsureru meaning to take with one.
上[うえ]を見[み]た,I saw an above; ue means above.
これは俺[おれ]の上[うえ]だ,this is my top; ue also means top.
上[うえ]とは何[なん]だ,what is a surface; ue also means surface.
大[おお]きな上[うえ]だ,it is a big the above; ue also means the above.
これは俺[おれ]の顔[かお]だ,this is my face; kao means face.
顔[かお]とは何[なん]だ,what is a look; kao also means look.
大[おお]きな顔[かお]だ,it is a big honor; kao also means honor.
それは顔[かお]じゃない,that is not an influence; kao also means influence.
戦争[せんそう]とは何[なん]だ,what is a war; sensou means war.
皆[みんな]楽[たの]しい,everyone is enjoyable; tanoshii means enjoyable.
とても楽[たの]しかった,it was very enjoyable; tanoshikatta is the past form of tanoshii meaning enjoyable.
とても楽[たの]しかったです,it was very enjoyable; tanoshikattadesu is the polite past form of tanoshii meaning enjoyable.
とてもおいしい,it is very good; oishii means good.
すごくおいしい,it is really attractive; oishii also means attractive.
とてもおいしいです,it is very good; oishiidesu is the polite form of oishii meaning good.
昔[むかし]はおいしかった,long ago it was good; oishikatta is the past form of oishii meaning good.
おいしければいい,it would be good if it were good; oishikereba is the conditional form of oishii meaning good.
ほら、分[わ]かった,look I understand; hora means look.
さあ、分[わ]かった,come I understand; saa means come.
さあ,all right; saa also means all right.
やっぱりさあ,after all well; saa also means well.
本当[ほんとう]にさあ,really here; saa also means here.
くっ,tch; kut means tch.
種族[しゅぞく]を探[さが]している,I am looking for a race; shuzoku means race.
種族[しゅぞく]が必要[ひつよう]だ,species is needed; shuzoku also means species.
これは種族[しゅぞく]だ,this is a stellar population; shuzoku also means stellar population.
皆[みんな]で対[たい]する,all of us face; taisuru means to face.
今[いま]対[たい]する,now I am directed toward; taisuru also means to be directed toward.
よく対[たい]する,I often receive; taisuru also means to receive.
これから対[たい]する,I will compare with from now on; taisuru also means to compare with.
対[たい]してください,please face; taishite is the te form of taisuru meaning to face.
参加[さんか]じゃない,it is not a participation; sanka means participation.
やっぱり理由[りゆう]だ,it is a reason after all; riyuu means reason.
これは理由[りゆう]です,this is a reason; riyuudesu is the polite form of riyuu meaning reason.
気持[きも]ちがある,there is a feeling; kimochi means feeling.
気持[きも]ちを見[み]た,I saw a preparedness; kimochi also means preparedness.
これは俺[おれ]の気持[きも]ちだ,this is my thought; kimochi also means thought.
大変[たいへん]いい,it is very good; taihen means very.
これは大変[たいへん]だ,this one is immense; taihen also means immense.
すごく大変[たいへん]だ,it is really serious; taihen also means serious.
それは大変[たいへん]だ,that one is difficult; taihen also means difficult.
それは大変[たいへん]だった,that one was very; taihendatta is the past form of taihen meaning very.
これは大変[たいへん]です,this one is very; taihendesu is the polite form of taihen meaning very.
これは俺[おれ]の件[けん]だ,this is my the aforementioned; ken means the aforementioned.
件[けん]とは何[なん]だ,what is the usual; ken also means the usual.
これは件[けん]です,this is the aforementioned; kendesu is the polite form of ken meaning the aforementioned.
期待[きたい]とは何[なん]だ,what is an expectation; kitai means expectation.
大[おお]きな期待[きたい]だ,it is a big promising; kitai also means promising.
ちょっと素晴[すば]らしい,it is a bit wonderful; subarashii means wonderful.
それは素晴[すば]らしい,that one is exceeding; subarashii also means exceeding.
とてもすばらしいです,it is very wonderful; subarashiidesu is the polite form of subarashii meaning wonderful.
昔[むかし]はすばらしかった,long ago it was wonderful; subarashikatta is the past form of subarashii meaning wonderful.
皆[みんな]無事[ぶじ]だ,everyone is safety; buji means safety.
これは無事[ぶじ]だ,this one is good health; buji also means good health.
それは無事[ぶじ]だった,that one was safety; bujidatta is the past form of buji meaning safety.
これは無事[ぶじ]です,this one is safety; bujidesu is the polite form of buji meaning safety.
これはまじだ,this one is serious; maji means serious.
そのダンジョンが欲[ほ]しい,I want that dungeon; danjon means dungeon.
またそれでいい,and that is fine; mata also means and.
またやめた,or I quit; mata also means or.
洞窟[どうくつ]が必要[ひつよう]だ,a cave is needed; doukutsu means cave.
これは解[かい]だ,this is a solution; kai means solution.
本当[ほんとう]の解[かい]だ,it is a real explanation; kai also means explanation.
本当[ほんとう]のヤムだ,it is a real yam; yamu means yam.
俺[おれ]がなめる,I am the one who will lick; nameru means to lick.
それをなめる,I will taste that; nameru also means to taste.
何[なに]をなめるのか,what do you experience; nameru also means to experience.
明日[あした]なめる,I will underestimate tomorrow; nameru also means to underestimate.
俺[おれ]がナメた,I am the one who licked; nameta is the past form of nameru meaning to lick.
あの時[とき]ナメていた,I was licking back then; nameteita is the past progressive form of nameru meaning to lick.
俺[おれ]がナメられた,someone licked me; namerareta is the past passive form of nameru meaning to lick.
俺[おれ]がナメられ,someone licks me; namerare is the passive form of nameru meaning to lick.
何[なに]もナメないで,I do not lick anything; namenaide is the negative form of nameru meaning to lick.
やっぱり下[した]だ,it is a below after all; shita means below.
下[した]がある,there is a bottom; shita also means bottom.
下[した]を見[み]た,I saw a beneath; shita also means beneath.
これは俺[おれ]の下[した]だ,this is my just after; shita also means just after.
成功[せいこう]がある,there is a success; seikou means success.
やれ、分[わ]かった,oh I understand; yare means oh.
既[すで]にいい,it is already good; sudeni means already.
既[すで]にした,I did it previously; sudeni also means previously.
既[すで]に言[い]った,I said it undeniably; sudeni also means undeniably.
皆[みんな]で怒[おこ]る,all of us get angry; okoru means to get angry.
今[いま]怒[おこ]る,now I scold; okoru also means to scold.
もう怒[おこ]った,I already got angry; okotta is the past form of okoru meaning to get angry.
今[いま]怒[おこ]っている,I am getting angry right now; okotteiru is the progressive form of okoru meaning to get angry.
俺[おれ]が怒[おこ]られる,someone gets angry me; okorareru is the passive form of okoru meaning to get angry.
怒[おこ]ってください,please get angry; okotte is the te form of okoru meaning to get angry.
今[いま]助[たす]かる,now I am saved; tasukaru means to be saved.
よく助[たす]かる,I often escape harm; tasukaru also means to escape harm.
これから助[たす]かる,I will be helped from now on; tasukaru also means to be helped.
俺[おれ]が助[たす]かった,I am the one who was saved; tasukatta is the past form of tasukaru meaning to be saved.
今[いま]助[たす]かります,now I am saved; tasukarimasu is the polite form of tasukaru meaning to be saved.
もう助[たす]かりました,I already was saved; tasukarimashita is the polite past form of tasukaru meaning to be saved.
それは魔力[まりょく]じゃない,that is not a magical powers; maryoku means magical powers.
これから黙[だま]る,I will be silent from now on; damaru means to be silent.
黙[だま]れ,be silent it now; damare is the imperative form of damaru meaning to be silent.
黙[だま]ってください,please be silent; damatte is the te form of damaru meaning to be silent.
今[いま]黙[だま]っていよう,I am being silent right now; damatteiyou is the progressive form of damaru meaning to be silent.
もう黙[だま]っていた,I was already being silent; damatteita is the past progressive form of damaru meaning to be silent.
その利用[りよう]が欲[ほ]しい,I want that use; riyou means use.
この友達[ともだち]を知[し]っているか,do you know this friend; tomodachi means friend.
せっかくなった,it turned out with trouble; sekkaku means with trouble.
せっかくいい,it is rare good; sekkaku also means rare.
せっかくした,I did it kind; sekkaku also means kind.
皆[みんな]よろしい,everyone is good; yoroshii means good.
とてもよろしいです,it is very good; yoroshiidesu is the polite form of yoroshii meaning good.
よろしければいい,it would be good if it were good; yoroshikereba is the conditional form of yoroshii meaning good.
よろしくていい,it is good and that is good; yoroshikute is the te form of yoroshii meaning good.
これは場合[ばあい]だ,this is a case; baai means case.
最初[さいしょ]言[い]った,I said it beginning; saisho means beginning.
それは普通[ふつう]だ,that one is normal; futsuu means normal.
やっぱり普通[ふつう]だ,it is a local train after all; futsuu also means local train.
皆[みんな]完全[かんぜん]だ,everyone is perfect; kanzen means perfect.
能力[のうりょく]がある,there is an ability; nouryoku means ability.
それは能力[のうりょく]です,that is an ability; nouryokudesu is the polite form of nouryoku meaning ability.
よく話[はな]す,I often talk; hanasu means to talk.
これから話[はな]す,I will tell from now on; hanasu also means to tell.
たまに話[はな]す,I speak once in a while; hanasu also means to speak.
話[はな]してください,please talk; hanashite is the te form of hanasu meaning to talk.
皆[みんな]で話[はな]した,all of us talked; hanashita is the past form of hanasu meaning to talk.
話[はな]せばいい,it is fine if I talk; hanaseba is the conditional form of hanasu meaning to talk.
一緒[いっしょ]に話[はな]そう,let us talk together; hanasou is the volitional form of hanasu meaning to talk.
今[いま]話[はな]しましょう,now I talk; hanashimashou is the polite form of hanasu meaning to talk.
これは俺[おれ]の命令[めいれい]だ,this is my order; meirei means order.
さっさといい,it is quickly good; sassato means quickly.
さっさとした,I did it indifferently; sassato also means indifferently.
大[おお]きな師匠[ししょう]だ,it is a big stable master; shishou means stable master.
昔[むかし]は師匠[ししょう]だった,long ago it was a stable master; shishoudatta is the past form of shishou meaning stable master.
まず言[い]った,I said it first; mazu means first.
まずなった,it turned out probably; mazu also means probably.
まずいい,it is more or less good; mazu also means more or less.
まずした,I did it anyway; mazu also means anyway.
迷宮[めいきゅう]の事[こと]を言[い]っている,I am talking about a labyrinth; meikyuu means labyrinth.
その迷宮[めいきゅう]が欲[ほ]しい,I want that mystery; meikyuu also means mystery.
この迷宮[めいきゅう]を知[し]っているか,do you know this dungeon; meikyuu also means dungeon.
その結果[けっか]が欲[ほ]しい,I want that result; kekka means result.
この場[ば]を知[し]っているか,do you know this place; ba means place.
場[ば]を探[さが]している,I am looking for a field; ba also means field.
場[ば]が必要[ひつよう]だ,an occasion is needed; ba also means occasion.
これは場[ば]だ,this is a scene; ba also means scene.
理解[りかい]を探[さが]している,I am looking for an understanding; rikai means understanding.
行動[こうどう]が必要[ひつよう]だ,an action is needed; koudou means action.
これは生徒[せいと]だ,this is a pupil; seito means pupil.
よくかかる,I often take; kakaru means to take.
これからかかる,I will hang from now on; kakaru also means to hang.
ちゃんとかかる,I come into view properly; kakaru also means to come into view.
俺[おれ]がかかる,I am the one who will come under; kakaru also means to come under.
もうかかった,I already took; kakatta is the past form of kakaru meaning to take.
もうかかりました,I already took; kakarimashita is the polite past form of kakaru meaning to take.
何[なに]もかからない,I do not take anything; kakaranai is the negative form of kakaru meaning to take.
そろそろかかろう,let us take soon; kakarou is the volitional form of kakaru meaning to take.
かかってください,please take; kakatte is the te form of kakaru meaning to take.
今[いま]かかります,now I take; kakarimasu is the polite form of kakaru meaning to take.
これから名乗[なの]る,I will give one's name from now on; nanoru means to give one's name.
たまに名乗[なの]る,I claim to be once in a while; nanoru also means to claim to be.
ちゃんと名乗[なの]る,I reveal oneself properly; nanoru also means to reveal oneself.
俺[おれ]が名乗[なの]る,I am the one who will adopt as one's name; nanoru also means to adopt as one's name.
俺[おれ]が名乗[なの]った,I am the one who gave one's name; nanotta is the past form of nanoru meaning to give one's name.
名乗[なの]ってください,please give one's name; nanotte is the te form of nanoru meaning to give one's name.
それを名乗[なの]っています,I am giving one's name that; nanotteimasu is the progressive form of nanoru meaning to give one's name.
あの時[とき]名乗[なの]っておりました,I was giving one's name back then; nanotteorimashita is the past progressive form of nanoru meaning to give one's name.
やっぱり調査[ちょうさ]だ,it is an investigation after all; chousa means investigation.
昔[むかし]は調査[ちょうさ]だった,long ago it was an investigation; chousadatta is the past form of chousa meaning investigation.
効果[こうか]がある,there is an effect; kouka means effect.
効果[こうか]を見[み]た,I saw effects; kouka also means effects.
それは効果[こうか]です,that is an effect; koukadesu is the polite form of kouka meaning effect.
命[いのち]を見[み]た,I saw a life; inochi means life.
これは俺[おれ]の命[いのち]だ,this is my lifetime; inochi also means lifetime.
命[いのち]とは何[なん]だ,what is a most important thing; inochi also means most important thing.
すごく新[あら]ただ,it is really new; arata means new.
動[うご]きとは何[なん]だ,what is a movement; ugoki means movement.
大[おお]きな動[うご]きだ,it is a big trend; ugoki also means trend.
大[おお]きな訓練[くんれん]だ,it is a big training; kunren means training.
これは訓練[くんれん]です,this is a training; kunrendesu is the polite form of kunren meaning training.
それはボスじゃない,that is not a boss; bosu means boss.
それは見事[みごと]だ,that one is splendid; migoto means splendid.
皆[みんな]見事[みごと]だ,everyone is utter; migoto also means utter.
これは見事[みごと]です,this one is splendid; migotodesu is the polite form of migoto meaning splendid.
それは見事[みごと]だった,that one was splendid; migotodatta is the past form of migoto meaning splendid.
この実力[じつりょく]を知[し]っているか,do you know this ability; jitsuryoku means ability.
実力[じつりょく]を探[さが]している,I am looking for arms; jitsuryoku also means arms.
個体[こたい]を探[さが]している,I am looking for an individual; kotai means individual.
たまに操[あやつ]る,I operate once in a while; ayatsuru means to operate.
ちゃんと操[あやつ]る,I have a good command of properly; ayatsuru also means to have a good command of.
俺[おれ]が操[あやつ]る,I am the one who will work; ayatsuru also means to work.
それを操[あやつ]る,I will manipulate that; ayatsuru also means to manipulate.
俺[おれ]のために操[あやつ]ってください,please operate for me; ayatsutte is the te form of ayatsuru meaning to operate.
俺[おれ]が操[あやつ]られている,someone operates me; ayatsurareteiru is the passive form of ayatsuru meaning to operate.
もう操[あやつ]っていた,I was already operating; ayatsutteita is the past progressive form of ayatsuru meaning to operate.
俺[おれ]が操[あやつ]られた,someone operated me; ayatsurareta is the past passive form of ayatsuru meaning to operate.
それを操[あやつ]っている,I am operating that; ayatsutteiru is the progressive form of ayatsuru meaning to operate.
これは店[みせ]だ,this is a store; mise means store.
本当[ほんとう]の説明[せつめい]だ,it is a real explanation; setsumei means explanation.
口[くち]じゃない,it is not a mouth; kuchi means mouth.
やっぱり口[くち]だ,it is an opening after all; kuchi also means opening.
口[くち]がある,there is a gate; kuchi also means gate.
口[くち]を見[み]た,I saw a speaking; kuchi also means speaking.
すごく楽[たの]しみだ,it is really enjoyment; tanoshimi means enjoyment.
これは楽[たの]しみです,this is an enjoyment; tanoshimidesu is the polite form of tanoshimi meaning enjoyment.
それは元気[げんき]だ,that one is lively; genki means lively.
昔[むかし]は元気[げんき]だった,long ago it was a lively; genkidatta is the past form of genki meaning lively.
皆[みんな]嬉[うれ]しい,everyone is happy; ureshii means happy.
とても嬉[うれ]しい,it is very joyful; ureshii also means joyful.
とてもうれしいです,it is very happy; ureshiidesu is the polite form of ureshii meaning happy.
とてもうれしかった,it was very happy; ureshikatta is the past form of ureshii meaning happy.
うれしくていい,it is happy and that is good; ureshikute is the te form of ureshii meaning happy.
これは俺[おれ]の戦士[せんし]だ,this is my soldier; senshi means soldier.
けんとは何[なん]だ,what is a tendon; ken means tendon.
よく参[まい]る,I often go; mairu means to go.
これから参[まい]る,I will lose from now on; mairu also means to lose.
ちゃんと参[まい]る,I am stumped properly; mairu also means to be stumped.
俺[おれ]が参[まい]る,I am the one who will visit; mairu also means to visit.
今[いま]まいります,now I go; mairimasu is the polite form of mairu meaning to go.
もうまいりました,I already went; mairimashita is the polite past form of mairu meaning to go.
皆[みんな]で参[まい]った,all of us went; maitta is the past form of mairu meaning to go.
皆[みんな]同[おな]じだ,everyone is same; onaji means same.
状況[じょうきょう]の事[こと]を言[い]っている,I am talking about a state of affairs; joukyou means state of affairs.
それは状況[じょうきょう]です,that is a state of affairs; joukyoudesu is the polite form of joukyou meaning state of affairs.
その技[わざ]が欲[ほ]しい,I want that technique; waza means technique.
俺[おれ]が生[う]まれる,I am the one who will be born; umareru means to be born.
昨日[きのう]生[う]まれた,yesterday I was born; umareta is the past form of umareru meaning to be born.
生[う]まれてください,please be born; umarete is the te form of umareru meaning to be born.
皆[みんな]で生[う]まれたらいい,it is fine if we all be born; umaretara is the conditional form of umareru meaning to be born.
明日[あした]従[したが]う,I will obey tomorrow; shitagau means to obey.
皆[みんな]で従[したが]う,all of us follow; shitagau also means to follow.
今[いま]従[したが]う,now I go alongside; shitagau also means to go alongside.
よく従[したが]う,I often serve; shitagau also means to serve.
従[したが]ってください,please obey; shitagatte is the te form of shitagau meaning to obey.
今[いま]従[したが]います,now I obey; shitagaimasu is the polite form of shitagau meaning to obey.
今[いま]従[したが]っている,I am obeying right now; shitagatteiru is the progressive form of shitagau meaning to obey.
もう従[したが]った,I already obeyed; shitagatta is the past form of shitagau meaning to obey.
えーと、分[わ]かった,let me see I understand; eeto means let me see.
明日[あした]恐[おそ]れる,I will fear tomorrow; osoreru means to fear.
恐[おそ]れてください,please fear; osorete is the te form of osoreru meaning to fear.
皆[みんな]に恐[おそ]れられる,everyone fears me; osorerareru is the passive form of osoreru meaning to fear.
今[いま]恐[おそ]れている,I am fearing right now; osoreteiru is the progressive form of osoreru meaning to fear.
紹介[しょうかい]じゃない,it is not an introduction; shoukai means introduction.
やっぱり計画[けいかく]だ,it is a plan after all; keikaku means plan.
よく飲[の]む,I often drink; nomu means to drink.
これから飲[の]む,I will smoke from now on; nomu also means to smoke.
たまに飲[の]む,I swallow up once in a while; nomu also means to swallow up.
ちゃんと飲[の]む,I suppress properly; nomu also means to suppress.
俺[おれ]のために飲[の]んでください,please drink for me; nonde is the te form of nomu meaning to drink.
早[はや]く飲[の]め,drink quickly; nome is the imperative form of nomu meaning to drink.
それを飲[の]みましょう,I will drink that; nomimashou is the polite form of nomu meaning to drink.
俺[おれ]がのんだ,I am the one who drank; nonda is the past form of nomu meaning to drink.
一緒[いっしょ]に飲[の]もう,let us drink together; nomou is the volitional form of nomu meaning to drink.
住民[じゅうみん]を見[み]た,I saw an inhabitant; juumin means inhabitant.
それはやばい,that one is dangerous; yabai means dangerous.
この甘[あま]いやつだ,it is this sweet-tasting one; amai means sweet-tasting.
皆[みんな]甘[あま]い,everyone is fragrant; amai also means fragrant.
とても甘[あま]い,it is very lightly salted; amai also means lightly salted.
すごく甘[あま]い,it is really indulgent; amai also means indulgent.
甘[あま]くていい,it is sweet-tasting and that is good; amakute is the te form of amai meaning sweet-tasting.
昔[むかし]は甘[あま]かった,long ago it was sweet-tasting; amakatta is the past form of amai meaning sweet-tasting.
大[おお]きな冗談[じょうだん]だ,it is a big joke; joudan means joke.
これは冗談[じょうだん]です,this is a joke; joudandesu is the polite form of joudan meaning joke.
それはベルじゃない,that is not a bell; beru means bell.
罠[わな]の事[こと]を言[い]っている,I am talking about a trap; wana means trap.
そのアドが欲[ほ]しい,I want that ad; ado means ad.
すごくドライだ,it is really dry; dorai means dry.
皆[みんな]で足[た]りる,all of us am sufficient; tariru means to be sufficient.
今[いま]足[た]りる,now I am worth doing; tariru also means to be worth doing.
よく足[た]りる,I often do; tariru also means to do.
何[なに]も足[た]りない,I am not sufficient anything; tarinai is the negative form of tariru meaning to be sufficient.
今[いま]足[た]りません,now I am sufficient; tarimasen is the polite form of tariru meaning to be sufficient.
ユーがやる,you will do it; yu means you.
これは海棠[かいどう]だ,this is a flowering crab apple; kaidou means flowering crab apple.
本当[ほんとう]の海棠[かいどう]だ,it is a real Kaido crab apple; kaidou also means Kaido crab apple.
海棠[かいどう]じゃない,it is not a Chinese flowering apple; kaidou also means Chinese flowering apple.
やっぱり海棠[かいどう]だ,it is a Siberian crab apple after all; kaidou also means Siberian crab apple.
しっかり言[い]った,I said it tightly; shikkari means tightly.
しっかりなった,it turned out strongly; shikkari also means strongly.
しっかりいい,it is properly good; shikkari also means properly.
しっかりした,I did it reliably; shikkari also means reliably.
ラザーニャじゃない,it is not a lasagna; razaanya means lasagna.
初[はじ]めていい,it is for the first time good; hajimete means for the first time.
興味[きょうみ]がある,there is an interest; kyoumi means interest.
すごくなかなかだ,it is really very; nakanaka means very.
なかなかなった,it turned out by no means; nakanaka also means by no means.
なかなかいい,it is excellent good; nakanaka also means excellent.
これは俺[おれ]の失敗[しっぱい]だ,this is my failure; shippai means failure.
腕[うで]とは何[なん]だ,what is an arm; ude means arm.
大[おお]きな腕[うで]だ,it is a big ability; ude also means ability.
それは腕[うで]じゃない,that is not a strength; ude also means strength.
大[おお]きなドラゴンだ,it is a big dragon; doragon means dragon.
それはドラゴンです,that is a dragon; doragondesu is the polite form of doragon meaning dragon.
それは交渉[こうしょう]じゃない,that is not negotiations; koushou means negotiations.
交渉[こうしょう]の事[こと]を言[い]っている,I am talking about a connection; koushou also means connection.
まねの事[こと]を言[い]っている,I am talking about an imitating; mane means imitating.
昔[むかし]はマネた,long ago it was an imitating; maneta is the past form of mane meaning imitating.
よく結[むす]ぶ,I often tie; musubu means to tie.
これから結[むす]ぶ,I will bear from now on; musubu also means to bear.
たまに結[むす]ぶ,I close once in a while; musubu also means to close.
ちゃんと結[むす]ぶ,I connect properly; musubu also means to connect.
もう結[むす]んだ,I already tied; musunda is the past form of musubu meaning to tie.
結[むす]んでください,please tie; musunde is the te form of musubu meaning to tie.
皆[みんな]で結[むす]べばいい,it is fine if we all tie; musubeba is the conditional form of musubu meaning to tie.
俺[おれ]が結[むす]ばれた,someone tied me; musubareta is the past passive form of musubu meaning to tie.
それを結[むす]びたい,I want to tie that; musubitai is the desiderative form of musubu meaning to tie.
そろそろ結[むす]ぼう,let us tie soon; musubou is the volitional form of musubu meaning to tie.
ただしそれでいい,but that is fine; tadashi means but.
仇[あだ]が必要[ひつよう]だ,a foe is needed; ada means foe.
これは仇[あだ]だ,this is a resentment; ada also means resentment.
本当[ほんとう]の仇[あだ]だ,it is a real harm; ada also means harm.
俺[おれ]が要[い]る,I am the one who will be needed; iru means to be needed.
何[なに]もいらない,I am not needed anything; iranai is the negative form of iru meaning to be needed.
今[いま]いりません,now I am needed; irimasen is the polite form of iru meaning to be needed.
本当[ほんとう]の軍勢[ぐんぜい]だ,it is a real military forces; gunzei means military forces.
何[なに]を騙[だま]すのか,what do you trick; damasu means to trick.
明日[あした]騙[だま]す,I will coax tomorrow; damasu also means to coax.
皆[みんな]にだまされない,everyone tricks me; damasarenai is the passive form of damasu meaning to trick.
俺[おれ]がだまされた,someone tricked me; damasareta is the past passive form of damasu meaning to trick.
俺[おれ]のためにだましてください,please trick for me; damashite is the te form of damasu meaning to trick.
そろそろだまそう,let us trick soon; damasou is the volitional form of damasu meaning to trick.
明日[あした]申[もう]す,I will say tomorrow; mousu means to say.
一緒[いっしょ]に申[もう]す,we will do together; mousu also means to do.
今[いま]申[もう]します,now I say; moushimasu is the polite form of mousu meaning to say.
皆[みんな]に申[もう]されまして,everyone says me; mousaremashite is the passive form of mousu meaning to say.
それを申[もう]した,I said that; moushita is the past form of mousu meaning to say.
俺[おれ]が申[もう]されました,someone said me; mousaremashita is the past passive form of mousu meaning to say.
申[もう]してください,please say; moushite is the te form of mousu meaning to say.
水[みず]がある,there is a water; mizu means water.
水[みず]を見[み]た,I saw a fluid; mizu also means fluid.
これは俺[おれ]の水[みず]だ,this is my flood; mizu also means flood.
量[りょう]を見[み]た,I saw a quantity; ryou means quantity.
これは俺[おれ]の量[りょう]だ,this is my generosity; ryou also means generosity.
量[りょう]とは何[なん]だ,what is a pramana; ryou also means pramana.
これは俺[おれ]の信用[しんよう]だ,this is my confidence; shinyou means confidence.
信用[しんよう]とは何[なん]だ,what is a credit; shinyou also means credit.
マスターとは何[なん]だ,what is a to master; masuta means to master.
大[おお]きなマスターだ,it is a big proprietor; masuta also means proprietor.
それはマスターじゃない,that is not a leader; masuta also means leader.
マスターの事[こと]を言[い]っている,I am talking about a master; masuta also means master.
これから答[こた]える,I will answer from now on; kotaeru means to answer.
応[こた]えてください,please answer; kotaete is the te form of kotaeru meaning to answer.
そろそろ応[こた]えよう,let us answer soon; kotaeyou is the volitional form of kotaeru meaning to answer.
俺[おれ]が答[こた]えられない,someone answers me; kotaerarenai is the passive form of kotaeru meaning to answer.
たまに打[う]つ,I hit once in a while; utsu means to hit.
ちゃんと打[う]つ,I strike properly; utsu also means to strike.
俺[おれ]が打[う]つ,I am the one who will beat; utsu also means to beat.
それを打[う]つ,I will move that; utsu also means to move.
打[う]ってください,please hit; utte is the te form of utsu meaning to hit.
それを討[う]ちたいだろう,I want to hit that; uchitaidarou is the desiderative form of utsu meaning to hit.
あいつに討[う]たせて,I will make that guy hit; utasete is the causative form of utsu meaning to hit.
俺[おれ]が討[う]った,I am the one who hit; utta is the past form of utsu meaning to hit.
油断[ゆだん]の事[こと]を言[い]っている,I am talking about a negligence; yudan means negligence.
俺[おれ]が増[ま]す,I am the one who will increase; masu means to increase.
一緒[いっしょ]にまそ,let us increase together; maso is the volitional form of masu meaning to increase.
それを頼[たよ]る,I will rely on that; tayoru means to rely on.
頼[たよ]ってください,please rely on; tayotte is the te form of tayoru meaning to rely on.
皆[みんな]に頼[たよ]られる,everyone relies on me; tayorareru is the passive form of tayoru meaning to rely on.
そろそろ頼[たよ]ろう,let us rely on soon; tayorou is the volitional form of tayoru meaning to rely on.
思念[しねん]を探[さが]している,I am looking for a thought; shinen means thought.
明日[あした]決[き]める,I will decide tomorrow; kimeru means to decide.
一緒[いっしょ]に決[き]める,we will clinch together; kimeru also means to clinch.
皆[みんな]で決[き]める,all of us persist in doing; kimeru also means to persist in doing.
今[いま]決[き]める,now I always do; kimeru also means to always do.
昨日[きのう]決[き]めた,yesterday I decided; kimeta is the past form of kimeru meaning to decide.
決[き]めてください,please decide; kimete is the te form of kimeru meaning to decide.
これは里[さと]だ,this is a village; sato means village.
本当[ほんとう]の里[さと]だ,it is a real countryside; sato also means countryside.
里[さと]じゃない,it is not a home; sato also means home.
やっぱり里[さと]だ,it is one's origins after all; sato also means one's origins.
本当[ほんとう]の同盟[どうめい]だ,it is a real alliance; doumei means alliance.
象[ぞう]じゃない,it is not a form; zou means form.
よく滅[ほろ]ぼす,I often destroy; horobosu means to destroy.
皆[みんな]で滅[ほろ]ぼした,all of us destroyed; horoboshita is the past form of horobosu meaning to destroy.
一緒[いっしょ]に滅[ほろ]ぼそう,let us destroy together; horobosou is the volitional form of horobosu meaning to destroy.
俺[おれ]が滅[ほろ]ぼされている,someone destroys me; horobosareteiru is the passive form of horobosu meaning to destroy.
俺[おれ]のために滅[ほろ]ぼしてください,please destroy for me; horoboshite is the te form of horobosu meaning to destroy.
俺[おれ]が滅[ほろ]ぼされた,someone destroyed me; horobosareta is the past passive form of horobosu meaning to destroy.
盟主[めいしゅ]を見[み]た,I saw a leader; meishu means leader.
これは俺[おれ]の死[し]だ,this is my death; shi means death.
死[し]とは何[なん]だ,what is an out; shi also means out.
大[おお]きな死[し]だ,it is a big death penalty; shi also means death penalty.
クラスとは何[なん]だ,what is a class; kurasu means class.
大[おお]きなインだ,it is a big in; in means in.
それはインじゃない,that is not a back nine; in also means back nine.
インの事[こと]を言[い]っている,I am talking about an inside lane; in also means inside lane.
そのインが欲[ほ]しい,I want that check-in time; in also means check-in time.
それは祭[まつ]りじゃない,that is not a festival; matsuri means festival.
祭[まつ]りの事[こと]を言[い]っている,I am talking about a harassment by an Internet pitchfork mob; matsuri also means harassment by an Internet pitchfork mob.
その祭[まつ]りが欲[ほ]しい,I want that galore; matsuri also means galore.
これは祭[まつ]りです,this is a festival; matsuridesu is the polite form of matsuri meaning festival.
親父[おやじ]の事[こと]を言[い]っている,I am talking about one's father; oyaji means one's father.
その親父[おやじ]が欲[ほ]しい,I want that middle-aged man; oyaji also means middle-aged man.
この親父[おやじ]を知[し]っているか,do you know this one's boss; oyaji also means one's boss.
親父[おやじ]を探[さが]している,I am looking for a proprietor; oyaji also means proprietor.
その貴族[きぞく]が欲[ほ]しい,I want that nobility; kizoku means nobility.
この気配[けはい]を知[し]っているか,do you know this indication; kehai means indication.
気配[けはい]を探[さが]している,I am looking for a tone; kehai also means tone.
ちっ、分[わ]かった,tsk I understand; chit means tsk.
爺[じじい]が必要[ひつよう]だ,an old man is needed; jijii means old man.
これはオーラだ,this is an aura; oora means aura.
本当[ほんとう]の宴[えん]だ,it is a real party; en means party.
ちゃんと仕[つか]える,I serve properly; tsukaeru means to serve.
あの時[とき]仕[つか]えていた,I was serving back then; tsukaeteita is the past progressive form of tsukaeru meaning to serve.
皆[みんな]で仕[つか]えた,all of us served; tsukaeta is the past form of tsukaeru meaning to serve.
そろそろ仕[つか]えよう,let us serve soon; tsukaeyou is the volitional form of tsukaeru meaning to serve.
もっと仕[つか]えたい,I want to serve more; tsukaetai is the desiderative form of tsukaeru meaning to serve.
とてもうるさい,it is very noisy; urusai means noisy.
すごくうるさい,it is really annoying; urusai also means annoying.
ちょっとうるさい,it is a bit fussy; urusai also means fussy.
明日[あした]構[かま]う,I will mind tomorrow; kamau means to mind.
皆[みんな]で構[かま]う,all of us am an issue; kamau also means to be an issue.
一緒[いっしょ]に構[かま]う,we will keep company together; kamau also means to keep company.
今[いま]構[かま]う,now I interfere with; kamau also means to interfere with.
誰[だれ]もかまわない,nobody will mind; kamawanai is the negative form of kamau meaning to mind.
今[いま]構[かま]いません,now I mind; kamaimasen is the polite form of kamau meaning to mind.
ははを見[み]た,I saw a mother-in-law; haha means mother-in-law.
どんな事[こと]だ,it is what matter; donna means what kind of.
どんなやつだ,it is no one; donna also means no matter what.
これは安全[あんぜん]だ,this one is safety; anzen means safety.
大[おお]きな身[み]だ,it is a big one's body; mi means one's body.
それは身[み]じゃない,that is not an oneself; mi also means oneself.
身[み]の事[こと]を言[い]っている,I am talking about one's place; mi also means one's place.
その身[み]が欲[ほ]しい,I want that main part; mi also means main part.
それは身[み]です,that is one's body; midesu is the polite form of mi meaning one's body.
あら,oh; ara means oh.
よく伝[つた]える,I often convey; tsutaeru means to convey.
伝[つた]えてください,please convey; tsutaete is the te form of tsutaeru meaning to convey.
それを伝[つた]えた,I conveyed that; tsutaeta is the past form of tsutaeru meaning to convey.
伝[つた]えたらいい,it is fine if I convey; tsutaetara is the conditional form of tsutaeru meaning to convey.
一緒[いっしょ]に伝[つた]えよう,let us convey together; tsutaeyou is the volitional form of tsutaeru meaning to convey.
これから住[す]む,I will live from now on; sumu means to live.
今[いま]住[す]んでいる,I am living right now; sundeiru is the progressive form of sumu meaning to live.
この仮面[かめん]を知[し]っているか,do you know this mask; kamen means mask.
仮面[かめん]を探[さが]している,I am looking for a disguise; kamen also means disguise.
ちゃんと覚[おぼ]える,I memorize properly; oboeru means to memorize.
俺[おれ]が覚[おぼ]える,I am the one who will learn; oboeru also means to learn.
それを覚[おぼ]える,I will feel that; oboeru also means to feel.
何[なに]を覚[おぼ]えるのか,what do you think; oboeru also means to think.
今[いま]覚[おぼ]えている,I am memorizing right now; oboeteiru is the progressive form of oboeru meaning to memorize.
俺[おれ]のために覚[おぼ]えてください,please memorize for me; oboete is the te form of oboeru meaning to memorize.
皆[みんな]で覚[おぼ]えた,all of us memorized; oboeta is the past form of oboeru meaning to memorize.
誰[だれ]も覚[おぼ]えてない,nobody will memorize; oboetenai is the negative form of oboeru meaning to memorize.
戦力[せんりょく]が必要[ひつよう]だ,a war potential is needed; senryoku means war potential.
これは戦力[せんりょく]だ,this is an ability; senryoku also means ability.
明日[あした]気付[きづ]く,I will notice tomorrow; kizuku means to notice.
皆[みんな]で気付[きづ]く,all of us regain consciousness; kizuku also means to regain consciousness.
昨日[きのう]気付[きづ]いた,yesterday I noticed; kizuita is the past form of kizuku meaning to notice.
もう気付[きづ]いていた,I was already noticing; kizuiteita is the past progressive form of kizuku meaning to notice.
気付[きづ]いたらいい,it is fine if I notice; kizuitara is the conditional form of kizuku meaning to notice.
俺[おれ]が気付[きづ]かれませんでした,someone noticed me; kizukaremasendeshita is the past passive form of kizuku meaning to notice.
まだ気付[きづ]かない,I do not notice yet; kizukanai is the negative form of kizuku meaning to notice.
何[なに]を尽[つ]くすのか,what do you use up; tsukusu means to use up.
明日[あした]尽[つ]くす,I will devote oneself tomorrow; tsukusu also means to devote oneself.
早[はや]く尽[つ]くせ,use up quickly; tsukuse is the imperative form of tsukusu meaning to use up.
尽[つ]くしてください,please use up; tsukushite is the te form of tsukusu meaning to use up.
もう尽[つ]くした,I already used up; tsukushita is the past form of tsukusu meaning to use up.
所為[せい]じゃない,it is not an act; sei means act.
やっぱり所為[せい]だ,it is a cause after all; sei also means cause.
これがどれだ,this is which; dore means which.
皆[みんな]多[おお]い,everyone is many; ooi means many.
とても多[おお]い,it is very large amount of; ooi also means large amount of.
すごく多[おお]い,it is really frequent; ooi also means frequent.
とても多[おお]かった,it was very many; ookatta is the past form of ooi meaning many.
とても怖[こわ]い,it is very scary; kowai means scary.
昔[むかし]は怖[こわ]かった,long ago it was scary; kowakatta is the past form of kowai meaning scary.
これから続[つづ]ける,I will continue from now on; tsuzukeru means to continue.
続[つづ]けてください,please continue; tsuzukete is the te form of tsuzukeru meaning to continue.
それを続[つづ]けておる,I am continuing that; tsuzuketeoru is the progressive form of tsuzukeru meaning to continue.
あの時[とき]続[つづ]けていた,I was continuing back then; tsuzuketeita is the past progressive form of tsuzukeru meaning to continue.
それを続[つづ]けたい,I want to continue that; tsuzuketai is the desiderative form of tsuzukeru meaning to continue.
それを続[つづ]けた,I continued that; tsuzuketa is the past form of tsuzukeru meaning to continue.
それを続[つづ]けます,I will continue that; tsuzukemasu is the polite form of tsuzukeru meaning to continue.
大[おお]きな完成[かんせい]だ,it is a big completion; kansei means completion.
それは作戦[さくせん]じゃない,that is not tactics; sakusen means tactics.
作戦[さくせん]の事[こと]を言[い]っている,I am talking about a military operation; sakusen also means military operation.
それは作戦[さくせん]です,that is tactics; sakusendesu is the polite form of sakusen meaning tactics.
なしの事[こと]を言[い]っている,I am talking about a without; nashi means without.
そのなしが欲[ほ]しい,I want that unacceptable; nashi also means unacceptable.
これはなしです,this is a without; nashidesu is the polite form of nashi meaning without.
その大臣[だいじん]が欲[ほ]しい,I want that cabinet minister; daijin means cabinet minister.
とても弱[よわ]い,it is very weak; yowai means weak.
昔[むかし]は弱[よわ]かった,long ago it was weak; yowakatta is the past form of yowai meaning weak.
明日[あした]起[お]きる,I will get up tomorrow; okiru means to get up.
皆[みんな]で起[お]きる,all of us wake up; okiru also means to wake up.
今[いま]起[お]きる,now I occur; okiru also means to occur.
俺[おれ]が起[お]きた,I am the one who got up; okita is the past form of okiru meaning to get up.
今[いま]起[お]きている,I am getting up right now; okiteiru is the progressive form of okiru meaning to get up.
あの時[とき]起[お]きていた,I was getting up back then; okiteita is the past progressive form of okiru meaning to get up.
起[お]きてください,please get up; okite is the te form of okiru meaning to get up.
意思[いし]が必要[ひつよう]だ,an intention is needed; ishi means intention.
これはマスクだ,this is a mask; masuku means mask.
本当[ほんとう]のマスクだ,it is a real features; masuku also means features.
本当[ほんとう]のけがだ,it is a real injury; kega means injury.
よく切[き]る,I often cut; kiru means to cut.
これから切[き]る,I will sever from now on; kiru also means to sever.
たまに切[き]る,I turn off once in a while; kiru also means to turn off.
もうきれた,I already cut; kireta is the past form of kiru meaning to cut.
皆[みんな]できったらいい,it is fine if we all cut; kittara is the conditional form of kiru meaning to cut.
何[なに]もきれない,I do not cut anything; kirenai is the negative form of kiru meaning to cut.
これから救[すく]う,I will rescue from now on; sukuu means to rescue.
たまに救[すく]う,I save once in a while; sukuu also means to save.
救[すく]ってください,please rescue; sukutte is the te form of sukuu meaning to rescue.
俺[おれ]が救[すく]われた,someone rescued me; sukuwareta is the past passive form of sukuu meaning to rescue.
俺[おれ]が救[すく]われるでしょう,someone rescues me; sukuwarerudeshou is the passive form of sukuu meaning to rescue.
一緒[いっしょ]に救[すく]おう,let us rescue together; sukuou is the volitional form of sukuu meaning to rescue.
皆[みんな]で救[すく]った,all of us rescued; sukutta is the past form of sukuu meaning to rescue.
世話[せわ]がある,there is a care; sewa means care.
世話[せわ]を見[み]た,I saw a trouble; sewa also means trouble.
これは俺[おれ]の世話[せわ]だ,this is my everyday life; sewa also means everyday life.
ほほほ、分[わ]かった,ho-ho I understand; hohoho means ho-ho.
それは久[ひさ]しい,that one is long; hisashii means long.
ウエーとは何[なん]だ,what is a way; ue means way.
大[おお]きなうおだ,it is a big fish; uo means fish.
これが彼女[かのじょ]だ,this is she; kanojo means she.
責任[せきにん]の事[こと]を言[い]っている,I am talking about a duty; sekinin means duty.
その責任[せきにん]が欲[ほ]しい,I want that liability; sekinin also means liability.
ちょっとかわいい,it is a bit cute; kawaii means cute.
それはかわいい,that one is dear; kawaii also means dear.
このかわいいやつだ,it is this innocent one; kawaii also means innocent.
昔[むかし]はかわいかった,long ago it was cute; kawaikatta is the past form of kawaii meaning cute.
とてもかわいいです,it is very cute; kawaiidesu is the polite form of kawaii meaning cute.
皆[みんな]残念[ざんねん]だ,everyone is regrettable; zannen means regrettable.
これは残念[ざんねん]です,this one is regrettable; zannendesu is the polite form of zannen meaning regrettable.
それは残念[ざんねん]だった,that one was regrettable; zannendatta is the past form of zannen meaning regrettable.
この少[すく]ないやつだ,it is this few one; sukunai means few.
東[ひがし]が必要[ひつよう]だ,a wagon is needed; higashi means wagon.
これは東[ひがし]だ,this is my spouse; higashi also means my spouse.
これは炎[ほのお]だ,this is a flame; honoo means flame.
本当[ほんとう]の炎[ほのお]だ,it is a real flames; honoo also means flames.
本当[ほんとう]の覚悟[かくご]だ,it is a real readiness; kakugo means readiness.
警戒[けいかい]じゃない,it is not a vigilance; keikai means vigilance.
それを受[う]け入[い]れる,I will accept that; ukeireru means to accept.
受[う]け入[い]れてください,please accept; ukeirete is the te form of ukeireru meaning to accept.
一緒[いっしょ]に受[う]け入[い]れよう,let us accept together; ukeireyou is the volitional form of ukeireru meaning to accept.
俺[おれ]が受[う]け入[い]れられる,someone accepts me; ukeirerareru is the passive form of ukeireru meaning to accept.
それを受[う]け入[い]れた,I accepted that; ukeireta is the past form of ukeireru meaning to accept.
禅[ぜん]がある,there is a dhyana; zen means dhyana.
禅[ぜん]を見[み]た,I saw a Zen; zen also means Zen.
数[かず]いい,it is often good; kazu means often.
ずっとした,I did it continuously; zutto means continuously.
ずっと言[い]った,I said it much; zutto also means much.
ずっとなった,it turned out far; zutto also means far.
勝[か]ちとは何[なん]だ,what is a win; kachi means win.
これは勝[か]ちです,this is a win; kachidesu is the polite form of kachi meaning win.
大[おお]きなルールだ,it is a big rule; ruuru means rule.
それはまぶだちじゃない,that is not a true friend; mabudachi means true friend.
これから望[のぞ]む,I will desire from now on; nozomu means to desire.
たまに望[のぞ]む,I expect once in a while; nozomu also means to expect.
ちゃんと望[のぞ]む,I see properly; nozomu also means to see.
それを望[のぞ]んでいる,I am desiring that; nozondeiru is the progressive form of nozomu meaning to desire.
皆[みんな]で望[のぞ]んだ,all of us desired; nozonda is the past form of nozomu meaning to desire.
そのほっが欲[ほ]しい,I want that sail; hot means sail.
この耐性[たいせい]を知[し]っているか,do you know this resistance; taisei means resistance.
階層[かいそう]を探[さが]している,I am looking for a class; kaisou means class.
どちらがやる,which way will do it; dochira means which way.
これがどちらだ,this is which one; dochira also means which one.
どちらの事[こと]を言[い]っている,I am talking about who; dochira also means who.
これは元[もと]だ,this is an origin; moto means origin.
本当[ほんとう]の元[もと]だ,it is a real basis; moto also means basis.
元[もと]じゃない,it is not a cause; moto also means cause.
本当[ほんとう]の影響[えいきょう]だ,it is a real influence; eikyou means influence.
それは影響[えいきょう]です,that is an influence; eikyoudesu is the polite form of eikyou meaning influence.
父[ちち]じゃない,it is not a father; chichi means father.
やっぱり対[たい]だ,it is versus after all; tai means versus.
対[たい]がある,there is a to; tai also means to.
対[たい]を見[み]た,I saw a toward; tai also means toward.
草[くさ]がある,there is a grass; kusa means grass.
ちょっと酷[ひど]い,it is a bit cruel; hidoi means cruel.
それは酷[ひど]い,that one is tragic; hidoi also means tragic.
とてもひどいです,it is very cruel; hidoidesu is the polite form of hidoi meaning cruel.
これは俺[おれ]の願[ねが]いだ,this is my desire; negai means desire.
願[ねが]いとは何[なん]だ,what is a request; negai also means request.
大[おお]きな願[ねが]いだ,it is a big prayer; negai also means prayer.
正体[しょうたい]とは何[なん]だ,what is a true character; shoutai means true character.
大[おお]きな正体[しょうたい]だ,it is a big consciousness; shoutai also means consciousness.
大[おお]きなライオンだ,it is a big lion; raion means lion.
俺[おれ]が狙[ねら]う,I am the one who will aim at; nerau means to aim at.
それを狙[ねら]う,I will be after that; nerau also means to be after.
何[なに]を狙[ねら]うのか,what do you aim for; nerau also means to aim for.
それを狙[ねら]った,I aimed at that; neratta is the past form of nerau meaning to aim at.
俺[おれ]が狙[ねら]われる,someone aims at me; nerawareru is the passive form of nerau meaning to aim at.
俺[おれ]のために狙[ねら]ってください,please aim at for me; neratte is the te form of nerau meaning to aim at.
今[いま]狙[ねら]っている,I am aiming at right now; neratteiru is the progressive form of nerau meaning to aim at.
もう狙[ねら]っていた,I was already aiming at; neratteita is the past progressive form of nerau meaning to aim at.
遠慮[えんりょ]の事[こと]を言[い]っている,I am talking about a reserve; enryo means reserve.
その発動[はつどう]が欲[ほ]しい,I want that putting into operation; hatsudou means putting into operation.
そもそも言[い]った,I said it in the first place; somosomo means in the first place.
そもそもを探[さが]している,I am looking for a beginning; somosomo also means beginning.
考[かんが]えを探[さが]している,I am looking for a thinking; kangae means thinking.
考[かんが]えが必要[ひつよう]だ,an idea is needed; kangae also means idea.
これは考[かんが]えだ,this is an intention; kangae also means intention.
それは考[かんが]えです,that is a thinking; kangaedesu is the polite form of kangae meaning thinking.
いや、分[わ]かった,no I understand; iya also means no.
本当[ほんとう]のうそだ,it is a real lie; uso means lie.
うそじゃない,it is not a mistake; uso also means mistake.
やっぱりうそだ,it is an unwise move after all; uso also means unwise move.
反応[はんのう]じゃない,it is not a reaction; hannou means reaction.
それは長[なが]い,that one is long; nagai means long.
まるでした,I did it as if; marude means as if.
まるで言[い]った,I said it at all; marude also means at all.
まるでなった,it turned out really; marude also means really.
武器[ぶき]を見[み]た,I saw a weapon; buki means weapon.
明日[あした]始[はじ]まる,I will begin tomorrow; hajimaru means to begin.
皆[みんな]で始[はじ]まる,all of us happen; hajimaru also means to happen.
今[いま]始[はじ]まる,now I date; hajimaru also means to date.
皆[みんな]で始[はじ]まった,all of us began; hajimatta is the past form of hajimaru meaning to begin.
そろそろ始[はじ]まろう,let us begin soon; hajimarou is the volitional form of hajimaru meaning to begin.
今[いま]始[はじ]まります,now I begin; hajimarimasu is the polite form of hajimaru meaning to begin.
まだ始[はじ]まらない,I do not begin yet; hajimaranai is the negative form of hajimaru meaning to begin.
暇[ひま]とは何[なん]だ,what is a spare time; hima means spare time.
大[おお]きな暇[ひま]だ,it is a big time; hima also means time.
それは暇[ひま]じゃない,that is not a time off; hima also means time off.
明日[あした]売[う]る,I will sell tomorrow; uru means to sell.
一緒[いっしょ]に売[う]る,we will betray together; uru also means to betray.
皆[みんな]で売[う]る,all of us make known; uru also means to make known.
俺[おれ]が売[う]った,I am the one who sold; utta is the past form of uru meaning to sell.
今[いま]売[う]ってくる,I am selling right now; uttekuru is the progressive form of uru meaning to sell.
俺[おれ]のために売[う]ってください,please sell for me; utte is the te form of uru meaning to sell.
どうせ言[い]った,I said it in any case; douse means in any case.
どうせなった,it turned out since it makes no difference anyway; douse also means since it makes no difference anyway.
大[たい]した事[こと]だ,it is considerable matter; taishita means considerable.
その承知[しょうち]が欲[ほ]しい,I want that knowledge; shouchi means knowledge.
これは承知[しょうち]です,this is a knowledge; shouchidesu is the polite form of shouchi meaning knowledge.
とても偉[えら]い,it is very great; erai means great.
すごく偉[えら]い,it is really distinguished; erai also means distinguished.
ちょっと偉[えら]い,it is a bit awful; erai also means awful.
始末[しまつ]を探[さが]している,I am looking for a management; shimatsu means management.
始末[しまつ]が必要[ひつよう]だ,a course of events is needed; shimatsu also means course of events.
これは始末[しまつ]だ,this is an end result; shimatsu also means end result.
敵対[てきたい]が必要[ひつよう]だ,a hostility is needed; tekitai means hostility.
これは賢者[けんじゃ]だ,this is a wise person; kenja means wise person.
それは賢者[けんじゃ]だった,that was a wise person; kenjadatta is the past form of kenja meaning wise person.
本当[ほんとう]のポーションだ,it is a real portion; pooshon means portion.
それはポーションです,that is a portion; pooshondesu is the polite form of pooshon meaning portion.
化[ば]け物[もの]じゃない,it is not a goblin; bakemono means goblin.
これは化[ば]け物[もの]です,this is a goblin; bakemonodesu is the polite form of bakemono meaning goblin.
明日[あした]利[き]く,I will be effective tomorrow; kiku means to be effective.
皆[みんな]で利[き]く,all of us work; kiku also means to work.
今[いま]利[き]く,now I am possible; kiku also means to be possible.
まだ効[き]かない,I am not effective yet; kikanai is the negative form of kiku meaning to be effective.
どの事[こと]だ,it is which matter; dono means which.
心[こころ]を見[み]た,I saw a mind; kokoro means mind.
これは俺[おれ]の心[こころ]だ,this is my the meaning of a phrase; kokoro also means the meaning of a phrase.
これは俺[おれ]の技術[ぎじゅつ]だ,this is my technology; gijutsu means technology.
技術[ぎじゅつ]とは何[なん]だ,what is a technique; gijutsu also means technique.
大[おお]きな技術[ぎじゅつ]だ,it is a big art; gijutsu also means art.
道[みち]とは何[なん]だ,what is a road; michi means road.
大[おお]きな道[みち]だ,it is a big route; michi also means route.
それは道[みち]じゃない,that is not a distance; michi also means distance.
皆[みんな]仕方無[しかたな]い,everyone is there's no way; shikatanai means there's no way.
とても仕方無[しかたな]い,it is very cannot be helped; shikatanai also means cannot be helped.
すごく仕方無[しかたな]い,it is really it's no use; shikatanai also means it's no use.
それは完了[かんりょう]じゃない,that is not a completion; kanryou means completion.
完了[かんりょう]の事[こと]を言[い]っている,I am talking about a perfect; kanryou also means perfect.
文句[もんく]の事[こと]を言[い]っている,I am talking about a complaint; monku means complaint.
その文句[もんく]が欲[ほ]しい,I want that phrase; monku also means phrase.
ちゃんと笑[わら]う,I laugh properly; warau means to laugh.
俺[おれ]が笑[わら]う,I am the one who will smile; warau also means to smile.
それを笑[わら]う,I will sneer that; warau also means to sneer.
笑[わら]ってください,please laugh; waratte is the te form of warau meaning to laugh.
この苦労[くろう]を知[し]っているか,do you know this trouble; kurou means trouble.
それは苦労[くろう]だった,that was a trouble; kuroudatta is the past form of kurou meaning trouble.
ナイトを探[さが]している,I am looking for a knight; naito means knight.
癖[くせ]が必要[ひつよう]だ,a habit is needed; kuse means habit.
これは癖[くせ]だ,this is a peculiarity; kuse also means peculiarity.
本当[ほんとう]の癖[くせ]だ,it is a real crease; kuse also means crease.
これは推測[すいそく]だ,this is a guess; suisoku means guess.
本当[ほんとう]の国王[こくおう]だ,it is a real king; kokuou means king.
国王[こくおう]じゃない,it is not the Crown; kokuou also means the Crown.
皆[みんな]で落[お]ち着[つ]く,all of us calm down; ochitsuku means to calm down.
今[いま]落[お]ち着[つ]く,now I settle down; ochitsuku also means to settle down.
よく落[お]ち着[つ]く,I often am settled; ochitsuku also means to be settled.
落[お]ち着[つ]いてください,please calm down; ochitsuite is the te form of ochitsuku meaning to calm down.
早[はや]く落[お]ち着[つ]け,calm down quickly; ochitsuke is the imperative form of ochitsuku meaning to calm down.
今[いま]落[お]ち着[つ]きましょう,now I calm down; ochitsukimashou is the polite form of ochitsuku meaning to calm down.
やっぱり伝達[でんたつ]だ,it is a transmission after all; dentatsu means transmission.
ただがある,there is an ordinary; tada means ordinary.
ただを見[み]た,I saw a free of charge; tada also means free of charge.
これは俺[おれ]のただだ,this is my unaffected; tada also means unaffected.
これからさす,I will shine from now on; sasu means to shine.
ちゃんとさす,I am visible properly; sasu also means to be visible.
俺[おれ]がさす,I am the one who will be tinged with; sasu also means to be tinged with.
俺[おれ]が刺[さ]されて,someone shines me; sasarete is the passive form of sasu meaning to shine.
俺[おれ]が刺[さ]された,someone shone me; sasareta is the past passive form of sasu meaning to shine.
指[さ]してください,please shine; sashite is the te form of sasu meaning to shine.
これは俺[おれ]のメシアだ,this is my Messiah; meshia means Messiah.
ちゃんと存[ぞん]ずる,I know properly; zonzuru means to know.
俺[おれ]が存[ぞん]ずる,I am the one who will think; zonzuru also means to think.
それを存[ぞん]じます,I will know that; zonjimasu is the polite form of zonzuru meaning to know.
今[いま]存[ぞん]じております,I am knowing right now; zonjiteorimasu is the progressive form of zonzuru meaning to know.
大[おお]きな終了[しゅうりょう]だ,it is a big end; shuuryou means end.
それは終了[しゅうりょう]です,that is an end; shuuryoudesu is the polite form of shuuryou meaning end.
ゆっくりいい,it is slowly good; yukkuri means slowly.
ゆっくりした,I did it easily; yukkuri also means easily.
ゆっくり言[い]った,I said it well; yukkuri also means well.
相談[そうだん]の事[こと]を言[い]っている,I am talking about a consultation; soudan means consultation.
その提案[ていあん]が欲[ほ]しい,I want that proposal; teian means proposal.
きっとなった,it turned out surely; kitto means surely.
きっといい,it is sternly good; kitto also means sternly.
きっとした,I did it having no slack; kitto also means having no slack.
許可[きょか]を探[さが]している,I am looking for a permission; kyoka means permission.
エルが必要[ひつよう]だ,an ell is needed; eru means ell.
よく消[き]える,I often disappear; kieru means to disappear.
これから消[き]える,I will go out from now on; kieru also means to go out.
ちゃんと消[き]える,I fade properly; kieru also means to fade.
昨日[きのう]消[き]えた,yesterday I disappeared; kieta is the past form of kieru meaning to disappear.
今[いま]消[き]えてしまっている,I am disappearing right now; kieteshimatteiru is the progressive form of kieru meaning to disappear.
いいえ、分[わ]かった,no I understand; iie means no.
いいえ,you're welcome; iie also means you're welcome.
何者[なにもの]じゃない,it is not a who; nanimono means who.
ちゃんとうばう,I take properly; ubau means to take.
俺[おれ]がうばう,I am the one who will absorb; ubau also means to absorb.
俺[おれ]が奪[うば]われる,someone takes me; ubawareru is the passive form of ubau meaning to take.
俺[おれ]が奪[うば]った,I am the one who took; ubatta is the past form of ubau meaning to take.
そろそろ奪[うば]おう,let us take soon; ubaou is the volitional form of ubau meaning to take.
誰[だれ]も奪[うば]わない,nobody will take; ubawanai is the negative form of ubau meaning to take.
俺[おれ]が奪[うば]われた,someone took me; ubawareta is the past passive form of ubau meaning to take.
ともかく言[い]った,I said it anyhow; tomokaku means anyhow.
ともかくなった,it turned out apart from; tomokaku also means apart from.
やあ、分[わ]かった,yo I understand; yaa means yo.
やあ,wow; yaa also means wow.
やっぱりやあ,after all yah; yaa also means yah.
これは俺[おれ]のえいだ,this is my ray; ei means ray.
金貨[きんか]とは何[なん]だ,what is a gold coin; kinka means gold coin.
大[おお]きな村長[そんちょう]だ,it is a big village headman; sonchou means village headman.
それは蹂躙[じゅうりん]じゃない,that is not a trampling down; juurin means trampling down.
うふふ、分[わ]かった,tee-hee I understand; ufufu means tee-hee.
これは同[おな]じです,this one is same; onajidesu is the polite form of onaji meaning same.
この以外[いがい]を知[し]っているか,do you know this excluding; igai means excluding.
以外[いがい]を探[さが]している,I am looking for an outside; igai also means outside.
夢[ゆめ]を探[さが]している,I am looking for a dream; yume means dream.
夢[ゆめ]が必要[ひつよう]だ,an unrealistic aspiration is needed; yume also means unrealistic aspiration.
これは夢[ゆめ]だ,this is a delusion; yume also means delusion.
管理[かんり]が必要[ひつよう]だ,a control is needed; kanri means control.
これは終[お]わりだ,this is an end; owari means end.
本当[ほんとう]の終[お]わりだ,it is a real end of life; owari also means end of life.
本当[ほんとう]の判断[はんだん]だ,it is a real judgment; handan means judgment.
判断[はんだん]じゃない,it is not a judgement; handan also means judgement.
成長[せいちょう]じゃない,it is not a growth; seichou means growth.
やっぱり仕様[しょう]だ,it is a way after all; shou means way.
仕様[しょう]がある,there is a specification; shou also means specification.
姫[ひめ]がある,there is a young lady of noble birth; hime means young lady of noble birth.
姫[ひめ]を見[み]た,I saw a girl; hime also means girl.
様子[ようす]を見[み]た,I saw a state; yousu means state.
これは俺[おれ]の様子[ようす]だ,this is my appearance; yousu also means appearance.
様子[ようす]とは何[なん]だ,what is a sign; yousu also means sign.
それは様子[ようす]だった,that was a state; yousudatta is the past form of yousu meaning state.
これは俺[おれ]の依頼[いらい]だ,this is my request; irai means request.
それは依頼[いらい]です,that is a request; iraidesu is the polite form of irai meaning request.
消滅[しょうめつ]とは何[なん]だ,what is an extinction; shoumetsu means extinction.
大[おお]きな加減[かげん]だ,it is a big degree; kagen means degree.
それは加減[かげん]じゃない,that is not a condition; kagen also means condition.
加減[かげん]の事[こと]を言[い]っている,I am talking about a slight sign of; kagen also means slight sign of.
それは脅威[きょうい]じゃない,that is not a threat; kyoui means threat.
各国[かっこく]の事[こと]を言[い]っている,I am talking about an each country; kakkoku means each country.
俺[おれ]がうしなう,I am the one who will lose; ushinau means to lose.
それをうしなう,I will miss that; ushinau also means to miss.
何[なに]をうしなうのか,what do you concede; ushinau also means to concede.
皆[みんな]で失[うしな]った,all of us lost; ushinatta is the past form of ushinau meaning to lose.
俺[おれ]が失[うしな]われた,someone lost me; ushinawareta is the past passive form of ushinau meaning to lose.
失[うしな]ってください,please lose; ushinatte is the te form of ushinau meaning to lose.
皆[みんな]で失[うしな]ったらいい,it is fine if we all lose; ushinattara is the conditional form of ushinau meaning to lose.
もっと失[うしな]いたく,I want to lose more; ushinaitaku is the desiderative form of ushinau meaning to lose.
如何[いかが]した,I did it how; ikaga means how.
これはいかがです,this one is how; ikagadesu is the polite form of ikaga meaning how.
明日[あした]眠[ねむ]る,I will sleep tomorrow; nemuru means to sleep.
皆[みんな]で眠[ねむ]る,all of us die; nemuru also means to die.
今[いま]眠[ねむ]る,now I lie idle; nemuru also means to lie idle.
今[いま]眠[ねむ]っている,I am sleeping right now; nemutteiru is the progressive form of nemuru meaning to sleep.
昨日[きのう]眠[ねむ]った,yesterday I slept; nemutta is the past form of nemuru meaning to sleep.
眠[ねむ]れる,sleep it now; nemureru is the imperative form of nemuru meaning to sleep.
もっと眠[ねむ]りたい,I want to sleep more; nemuritai is the desiderative form of nemuru meaning to sleep.
眠[ねむ]ってください,please sleep; nemutte is the te form of nemuru meaning to sleep.
明日[あした]襲[おそ]う,I will attack tomorrow; osou means to attack.
一緒[いっしょ]に襲[おそ]う,we will succeed together; osou also means to succeed.
皆[みんな]で襲[おそ]う,all of us make a sudden visit; osou also means to make a sudden visit.
それを襲[おそ]った,I attacked that; osotta is the past form of osou meaning to attack.
まだ襲[おそ]わない,I do not attack yet; osowanai is the negative form of osou meaning to attack.
俺[おれ]のために襲[おそ]ってください,please attack for me; osotte is the te form of osou meaning to attack.
俺[おれ]が襲[おそ]われたり,someone attacks me; osowaretari is the passive form of osou meaning to attack.
俺[おれ]が襲[おそ]われた,someone attacked me; osowareta is the past passive form of osou meaning to attack.
あいつに襲[おそ]わせた,I made that guy attack; osowaseta is the past causative form of osou meaning to attack.
皆[みんな]で出向[でむ]く,all of us head out; demuku means to head out.
出向[でむ]いてください,please head out; demuite is the te form of demuku meaning to head out.
昨日[きのう]出向[でむ]いた,yesterday I headed out; demuita is the past form of demuku meaning to head out.
あの時[とき]出向[でむ]いていたでしょう,I was heading out back then; demuiteitadeshou is the past progressive form of demuku meaning to head out.
本当[ほんとう]の思[おも]いだ,it is a real thought; omoi means thought.
思[おも]いじゃない,it is not an imagination; omoi also means imagination.
やっぱり思[おも]いだ,it is a desire after all; omoi also means desire.
全部[ぜんぶ]言[い]った,I said it all; zembu means all.
やっぱりいえだ,it is a house after all; ie means house.
娘[むすめ]がある,there is an unmarried woman; musume means unmarried woman.
娘[むすめ]を見[み]た,I saw a Miss; musume also means Miss.
これは俺[おれ]の娘[むすめ]だ,this is my -ess; musume also means -ess.
これは大事[だいじ]だ,this one is important; daiji means important.
すごく大事[だいじ]だ,it is really valuable; daiji also means valuable.
それは大事[だいじ]だ,that one is safe; daiji also means safe.
これは大事[だいじ]です,this one is important; daijidesu is the polite form of daiji meaning important.
それは難[むずか]しい,that one is difficult; muzukashii means difficult.
この難[むずか]しいやつだ,it is this impossible one; muzukashii also means impossible.
皆[みんな]難[むずか]しい,everyone is fussy; muzukashii also means fussy.
とても難[むずか]しいです,it is very difficult; muzukashiidesu is the polite form of muzukashii meaning difficult.
会議[かいぎ]とは何[なん]だ,what is a meeting; kaigi means meeting.
大[おお]きな戦闘[せんとう]だ,it is a big battle; sentou means battle.
一体[いったい]の事[こと]を言[い]っている,I am talking about one object; ittai also means one object.
その一体[いったい]が欲[ほ]しい,I want that one form; ittai also means one form.
兄弟[きょうだい]の事[こと]を言[い]っている,I am talking about brothers and sisters; kyoudai means brothers and sisters.
その兄弟[きょうだい]が欲[ほ]しい,I want that half-siblings; kyoudai also means half-siblings.
この兄弟[きょうだい]を知[し]っているか,do you know this mate; kyoudai also means mate.
その挨拶[あいさつ]が欲[ほ]しい,I want that greeting; aisatsu means greeting.
この向[む]こうを知[し]っているか,do you know this opposite side; mukou means opposite side.
向[む]こうを探[さが]している,I am looking for an over there; mukou also means over there.
向[む]こうが必要[ひつよう]だ,a destination is needed; mukou also means destination.
今[いま]落[お]ちる,now I fall; ochiru means to fall.
よく落[お]ちる,I often set; ochiru also means to set.
これから落[お]ちる,I will decrease from now on; ochiru also means to decrease.
俺[おれ]が落[お]ちた,I am the one who fell; ochita is the past form of ochiru meaning to fall.
あの時[とき]落[お]ちてきた,I was falling back then; ochitekita is the past progressive form of ochiru meaning to fall.
女王[じょおう]が必要[ひつよう]だ,a queen is needed; joou means queen.
これは女王[じょおう]だ,this is a queen consort; joou also means queen consort.
本当[ほんとう]の女王[じょおう]だ,it is a real princess; joou also means princess.
これから聞[き]こえる,I will be heard from now on; kikoeru means to be heard.
ちゃんと聞[き]こえる,I sound properly; kikoeru also means to sound.
俺[おれ]が聞[き]こえる,I am the one who will be well known; kikoeru also means to be well known.
昨日[きのう]聞[き]こえた,yesterday I was heard; kikoeta is the past form of kikoeru meaning to be heard.
何[なに]も聞[き]こえない,I am not heard anything; kikoenai is the negative form of kikoeru meaning to be heard.
今[いま]聞[き]こえているだろう,I am being heard right now; kikoeteirudarou is the progressive form of kikoeru meaning to be heard.
今[いま]聞[き]こえます,now I am heard; kikoemasu is the polite form of kikoeru meaning to be heard.
ちゃんと決[き]まる,I am decided properly; kimaru means to be decided.
俺[おれ]が決[き]まる,I am the one who will be unchanging; kimaru also means to be unchanging.
明日[あした]決[き]まる,I will be a fixed rule tomorrow; kimaru also means to be a fixed rule.
皆[みんな]で決[き]まった,all of us was decided; kimatta is the past form of kimaru meaning to be decided.
皆[みんな]で決[き]まったならばいい,it is fine if we all be decided; kimattanaraba is the conditional form of kimaru meaning to be decided.
今[いま]決[き]まってます,now I am decided; kimattemasu is the polite form of kimaru meaning to be decided.
これは厄介[やっかい]だ,this one is trouble; yakkai means trouble.
それはやっかいです,that is a trouble; yakkaidesu is the polite form of yakkai meaning trouble.
俺[おれ]がしゃべる,I am the one who will talk; shaberu means to talk.
何[なに]もしゃべらねえ,I do not talk anything; shaberanee is the negative form of shaberu meaning to talk.
しゃべれよ,talk it now; shabereyo is the imperative form of shaberu meaning to talk.
あの時[とき]しゃべっていた,I was talking back then; shabetteita is the past progressive form of shaberu meaning to talk.
それをしゃべった,I talked that; shabetta is the past form of shaberu meaning to talk.
そろそろしゃべろう,let us talk soon; shaberou is the volitional form of shaberu meaning to talk.
ギルドがある,there is a guild; girudo means guild.
何[なに]を食[く]らうのか,what do you receive; kurau means to receive.
明日[あした]食[く]らう,I will be on the receiving end tomorrow; kurau also means to be on the receiving end.
それをくらえ,receive that; kurae is the imperative form of kurau meaning to receive.
昨日[きのう]食[く]らった,yesterday I received; kuratta is the past form of kurau meaning to receive.
俺[おれ]のためにくらってください,please receive for me; kuratte is the te form of kurau meaning to receive.
食[く]らったらいい,it is fine if I receive; kurattara is the conditional form of kurau meaning to receive.
これは俺[おれ]の牢獄[ろうごく]だ,this is my prison; rougoku means prison.
大[おお]きな家[いえ]だ,it is a big family; ie also means family.
それは家[いえ]じゃない,that is not a lineage; ie also means lineage.
それはちた,that was a house; chita is the past form of ie meaning house.
最近[さいきん]なった,it turned out recently; saikin means recently.
それは最近[さいきん]じゃない,that is not a nearest; saikin also means nearest.
皆[みんな]結構[けっこう]だ,everyone is splendid; kekkou means splendid.
結構[けっこう]した,I did it rather; kekkou also means rather.
必[かなら]ずした,I did it always; kanarazu means always.
その疲[つか]れが欲[ほ]しい,I want that tiredness; tsukare means tiredness.
この客[きゃく]を知[し]っているか,do you know this guest; kyaku means guest.
客[きゃく]を探[さが]している,I am looking for a customer; kyaku also means customer.
それは客[きゃく]だった,that was a guest; kyakudatta is the past form of kyaku meaning guest.
代[か]わりを探[さが]している,I am looking for a substitute; kawari means substitute.
代[か]わりが必要[ひつよう]だ,a stand-in is needed; kawari also means stand-in.
これは代[か]わりだ,this is a compensation; kawari also means compensation.
勝利[しょうり]が必要[ひつよう]だ,a victory is needed; shouri means victory.
すごく罪[つみ]だ,it is really crime; tsumi means crime.
本当[ほんとう]の罪[つみ]だ,it is a real penalty; tsumi also means penalty.
罪[つみ]じゃない,it is not a fault; tsumi also means fault.
本当[ほんとう]の余裕[よゆう]だ,it is a real surplus; yoyuu means surplus.
余裕[よゆう]じゃない,it is not a composure; yoyuu also means composure.
民[たみ]じゃない,it is not a people; tami means people.
やっぱり再生[さいせい]だ,it is a restoration to life after all; saisei means restoration to life.
噂[うわさ]がある,there is a rumour; uwasa means rumour.
これはうわさです,this is a rumour; uwasadesu is the polite form of uwasa meaning rumour.
勝負[しょうぶ]を見[み]た,I saw a victory or defeat; shoubu means victory or defeat.
これは俺[おれ]の兵士[へいし]だ,this is my soldier; heishi means soldier.
無限[むげん]とは何[なん]だ,what is an infinity; mugen means infinity.
たまに喜[よろこ]ぶ,I am delighted once in a while; yorokobu means to be delighted.
ちゃんと喜[よろこ]ぶ,I congratulate properly; yorokobu also means to congratulate.
俺[おれ]が喜[よろこ]ぶ,I am the one who will welcome; yorokobu also means to welcome.
喜[よろこ]んでください,please be delighted; yorokonde is the te form of yorokobu meaning to be delighted.
一緒[いっしょ]に喜[よろこ]ぼう,let us be delighted together; yorokobou is the volitional form of yorokobu meaning to be delighted.
今[いま]喜[よろこ]んでいる,I am being delighted right now; yorokondeiru is the progressive form of yorokobu meaning to be delighted.
それは秘書[ひしょ]じゃない,that is not a secretary; hisho means secretary.
秘書[ひしょ]の事[こと]を言[い]っている,I am talking about a treasured book; hisho also means treasured book.
鑑定[かんてい]の事[こと]を言[い]っている,I am talking about a judgement; kantei means judgement.
その諸国[しょこく]が欲[ほ]しい,I want that various countries; shokoku means various countries.
然[しか]も言[い]った,I said it really; shikamo means really.
明日[あした]ばれる,I will leak out tomorrow; bareru means to leak out.
皆[みんな]でばれる,all of us get away; bareru also means to get away.
もうバレた,I already leaked out; bareta is the past form of bareru meaning to leak out.
皆[みんな]でバレたらいい,it is fine if we all leak out; baretara is the conditional form of bareru meaning to leak out.
頃[ころ]いい,it is time good; koro means time.
これは大切[たいせつ]だ,this one is important; taisetsu means important.
すごく大切[たいせつ]だ,it is really precious; taisetsu also means precious.
それは大切[たいせつ]だ,that one is careful; taisetsu also means careful.
本当[ほんとう]の真[しん]だ,it is a real truth; shin means truth.
真[しん]じゃない,it is not a seriousness; shin also means seriousness.
やっぱり真[しん]だ,it is a printed style writing after all; shin also means printed style writing.
旅[たび]じゃない,it is not a travel; tabi means travel.
やっぱり申[もう]し訳[わけ]だ,it is an apology after all; moushiwake means apology.
納得[なっとく]がある,there is a consent; nattoku means consent.
それは納得[なっとく]です,that is a consent; nattokudesu is the polite form of nattoku meaning consent.
仲良[なかよ]く言[い]った,I said it on good terms; nakayoku means on good terms.
これは俺[おれ]の糸[いと]だ,this is my thread; ito means thread.
暴走[ぼうそう]とは何[なん]だ,what is an acting rashly; bousou means acting rashly.
これが己[おら]だ,this is oneself; ora means oneself.
己[おら]の事[こと]を言[い]っている,I am talking about I; ora also means I.
一緒[いっしょ]に立[た]てる,we will stand up together; tateru means to stand up.
皆[みんな]で立[た]てる,all of us thrust into; tateru also means to thrust into.
今[いま]立[た]てる,now I make; tateru also means to make.
昨日[きのう]立[た]てた,yesterday I stood up; tateta is the past form of tateru meaning to stand up.
そのグランドが欲[ほ]しい,I want that ground; gurando means ground.
この護衛[ごえい]を知[し]っているか,do you know this guard; goei means guard.
それは護衛[ごえい]です,that is a guard; goeidesu is the polite form of goei meaning guard.
よく試[ため]す,I often try; tamesu means to try.
あいつに試[ため]させて,I will make that guy try; tamesasete is the causative form of tamesu meaning to try.
俺[おれ]が試[ため]されていた,someone tried me; tamesareteita is the past passive form of tamesu meaning to try.
俺[おれ]が試[ため]してみた,I am the one who tried; tameshitemita is the past form of tamesu meaning to try.
互[たが]いが必要[ひつよう]だ,an each other is needed; tagai means each other.
おいおいいい,it is gradually good; oioi means gradually.
本当[ほんとう]のおじだ,it is a real uncle; oji means uncle.
七曜[しちよう]じゃない,it is not the seven luminaries; shichiyou means the seven luminaries.
やっぱり七曜[しちよう]だ,it is the seven days of the week after all; shichiyou also means the seven days of the week.
やっぱり側[そば]だ,it is a near by after all; soba means near by.
側[そば]がある,there is as soon as; soba also means as soon as.
確[たし]かした,I did it If I'm not mistaken; tashika also means If I'm not mistaken.
大会[たいかい]を見[み]た,I saw a mass meeting; taikai means mass meeting.
これは俺[おれ]の大会[たいかい]だ,this is my tournament; taikai also means tournament.
大会[たいかい]とは何[なん]だ,what is a grand event; taikai also means grand event.
一緒[いっしょ]に読[よ]む,we will read together; yomu means to read.
皆[みんな]で読[よ]む,all of us recite; yomu also means to recite.
今[いま]読[よ]む,now I predict; yomu also means to predict.
もっと読[よ]みたい,I want to read more; yomitai is the desiderative form of yomu meaning to read.
もう読[よ]めた,I already read; yometa is the past form of yomu meaning to read.
本来[ほんらい]なった,it turned out originally; honrai means originally.
大[おお]きな本来[ほんらい]だ,it is a big proper; honrai also means proper.
更[さら]にいい,it is furthermore good; sarani means furthermore.
これは迷惑[めいわく]だ,this one is trouble; meiwaku means trouble.
最強[さいきょう]の事[こと]を言[い]っている,I am talking about a strongest; saikyou means strongest.
ちゃんと働[はたら]く,I work properly; hataraku means to work.
俺[おれ]が働[はたら]く,I am the one who will function; hataraku also means to function.
明日[あした]働[はたら]く,I will commit tomorrow; hataraku also means to commit.
働[はたら]いてください,please work; hataraite is the te form of hataraku meaning to work.
今[いま]働[はたら]いております,I am working right now; hataraiteorimasu is the progressive form of hataraku meaning to work.
決[けっ]していい,it is ever good; kesshite means ever.
周囲[しゅうい]を探[さが]している,I am looking for surroundings; shuui means surroundings.
周囲[しゅうい]が必要[ひつよう]だ,a circumference is needed; shuui also means circumference.
明日[あした]乗[の]る,I will get on tomorrow; noru means to get on.
皆[みんな]で乗[の]る,all of us reach; noru also means to reach.
今[いま]乗[の]る,now I follow; noru also means to follow.
乗[の]ってください,please get on; notte is the te form of noru meaning to get on.
昨日[きのう]乗[の]った,yesterday I got on; notta is the past form of noru meaning to get on.
これは武装[ぶそう]だ,this is arms; busou means arms.
明日[あした]隠[かく]す,I will hide tomorrow; kakusu means to hide.
隠[かく]してください,please hide; kakushite is the te form of kakusu meaning to hide.
それを隠[かく]している,I am hiding that; kakushiteiru is the progressive form of kakusu meaning to hide.
あの時[とき]隠[かく]していた,I was hiding back then; kakushiteita is the past progressive form of kakusu meaning to hide.
街道[かいどう]じゃない,it is not a highway; kaidou means highway.
やっぱり街道[かいどう]だ,it is a subdistrict after all; kaidou also means subdistrict.
やっぱり感知[かんち]だ,it is a perception after all; kanchi means perception.
取[と]り引[ひ]きがある,there is transactions; torihiki means transactions.
よく引[ひ]き受[う]ける,I often take on; hikiukeru means to take on.
これから引[ひ]き受[う]ける,I will take over from now on; hikiukeru also means to take over.
たまに引[ひ]き受[う]ける,I guarantee once in a while; hikiukeru also means to guarantee.
引[ひ]き受[う]けてください,please take on; hikiukete is the te form of hikiukeru meaning to take on.
皆[みんな]で引[ひ]き受[う]けた,all of us took on; hikiuketa is the past form of hikiukeru meaning to take on.
あいつに引[ひ]き受[う]けさせて,I will make that guy take on; hikiukesasete is the causative form of hikiukeru meaning to take on.
それを引[ひ]き受[う]けている,I am taking on that; hikiuketeiru is the progressive form of hikiukeru meaning to take on.
これから似[に]る,I will resemble from now on; niru means to resemble.
昨日[きのう]似[に]た,yesterday I resembled; nita is the past form of niru meaning to resemble.
今[いま]似[に]ている,I am resembling right now; niteiru is the progressive form of niru meaning to resemble.
まだ似[に]てない,I do not resemble yet; nitenai is the negative form of niru meaning to resemble.
貴殿[きでん]がやる,you will do it; kiden means you.
それは雲母[きらら]じゃない,that is not a mica; kirara means mica.
これは最高[さいこう]だ,this one is best; saikou means best.
その開始[かいし]が欲[ほ]しい,I want that start; kaishi means start.
この連絡[れんらく]を知[し]っているか,do you know this contacting; renraku means contacting.
母[はは]を探[さが]している,I am looking for a mother; haha means mother.
星[ほし]が必要[ひつよう]だ,a star is needed; hoshi means star.
これは星[ほし]だ,this is a dot; hoshi also means dot.
本当[ほんとう]の星[ほし]だ,it is a real bullseye; hoshi also means bullseye.
これは食事[しょくじ]だ,this is a meal; shokuji means meal.
本当[ほんとう]の食事[しょくじ]だ,it is a real diet; shokuji also means diet.
それは食事[しょくじ]です,that is a meal; shokujidesu is the polite form of shokuji meaning meal.
自[みずか]らなった,it turned out naturally; mizukara means naturally.
これから続[つづ]く,I will continue from now on; tsuzuku means to continue.
ちゃんと続[つづ]く,I occur again and again properly; tsuzuku also means to occur again and again.
俺[おれ]が続[つづ]く,I am the one who will lead to; tsuzuku also means to lead to.
続[つづ]いてください,please continue; tsuzuite is the te form of tsuzuku meaning to continue.
今[いま]続[つづ]きまして,now I continue; tsuzukimashite is the polite form of tsuzuku meaning to continue.
何[なに]も続[つづ]かない,I do not continue anything; tsuzukanai is the negative form of tsuzuku meaning to continue.
今[いま]続[つづ]いている,I am continuing right now; tsuzuiteiru is the progressive form of tsuzuku meaning to continue.
続[つづ]けばいい,it is fine if I continue; tsuzukeba is the conditional form of tsuzuku meaning to continue.
やっぱり腹[はら]だ,it is an abdomen after all; hara means abdomen.
腹[はら]がある,there is a womb; hara also means womb.
腹[はら]を見[み]た,I saw one's mind; hara also means one's mind.
あんな事[こと]だ,it is that matter; anna means that sort of.
俺[おれ]が合[あ]う,I am the one who will come together; au means to come together.
明日[あした]合[あ]う,I will fit tomorrow; au also means to fit.
皆[みんな]で合[あ]う,all of us am profitable; au also means to be profitable.
誰[だれ]も合[あ]わない,nobody will come together; awanai is the negative form of au meaning to come together.
まだ合[あ]わなかった,I had not come together yet; awanakatta is the past negative form of au meaning to come together.
もう合[あ]いませんでした,I already came together; aimasendeshita is the polite past form of au meaning to come together.
合[あ]えばいい,it is fine if I come together; aeba is the conditional form of au meaning to come together.
これは俺[おれ]の角[かく]だ,this is my angle; kaku means angle.
角[かく]とは何[なん]だ,what is a square; kaku also means square.
大[おお]きな角[かく]だ,it is a big bishop; kaku also means bishop.
解放[かいほう]とは何[なん]だ,what is a release; kaihou means release.
すごく立派[りっぱ]だ,it is really splendid; rippa means splendid.
それは立派[りっぱ]だ,that one is praiseworthy; rippa also means praiseworthy.
皆[みんな]立派[りっぱ]だ,everyone is legal; rippa also means legal.
皆[みんな]で泣[な]く,all of us cry; naku means to cry.
今[いま]泣[な]く,now I suffer; naku also means to suffer.
よく泣[な]く,I often accept; naku also means to accept.
昨日[きのう]泣[な]いてた,yesterday I cried; naiteta is the past form of naku meaning to cry.
泣[な]いてください,please cry; naite is the te form of naku meaning to cry.
随分[ずいぶん]いい,it is very good; zuibun means very.
今[いま]抜[ぬ]く,now I pull out; nuku means to pull out.
よく抜[ぬ]く,I often omit; nuku also means to omit.
これから抜[ぬ]く,I will let out from now on; nuku also means to let out.
皆[みんな]で抜[ぬ]いた,all of us pulled out; nuita is the past form of nuku meaning to pull out.
抜[ぬ]いてください,please pull out; nuite is the te form of nuku meaning to pull out.
あいつに抜[ぬ]かせ,I will make that guy pull out; nukase is the causative form of nuku meaning to pull out.
この守護[しゅご]を知[し]っているか,do you know this protection; shugo means protection.
守護[しゅご]を探[さが]している,I am looking for a shugo; shugo also means shugo.
魔導[まどう]を探[さが]している,I am looking for a heresy; madou means heresy.
魔導[まどう]が必要[ひつよう]だ,a sorcery is needed; madou also means sorcery.
これは魔導[まどう]だ,this is a netherworld; madou also means netherworld.
西側[にしがわ]が必要[ひつよう]だ,a west side is needed; nishigawa means west side.
まだまだした,I did it still; madamada means still.
ううん、分[わ]かった,um I understand; uun means um.
ううん,nuh-uh; uun also means nuh-uh.
やっぱりううん,after all oof; uun also means oof.
笑[わら]い声[ごえ]じゃない,it is not a laughter; waraigoe means laughter.
何[なに]を褒[ほ]めるのか,what do you praise; homeru means to praise.
褒[ほ]めてください,please praise; homete is the te form of homeru meaning to praise.
皆[みんな]に褒[ほ]められて,everyone praises me; homerarete is the passive form of homeru meaning to praise.
まだ褒[ほ]めてねえ,I do not praise yet; hometenee is the negative form of homeru meaning to praise.
俺[おれ]が褒[ほ]められた,someone praised me; homerareta is the past passive form of homeru meaning to praise.
クレーがある,there is a clay; kure means clay.
クレーを見[み]た,I saw a clay pigeon shooting; kure also means clay pigeon shooting.
住処[すみか]を見[み]た,I saw a dwelling; sumika means dwelling.
これは俺[おれ]の住処[すみか]だ,this is my den; sumika also means den.
これは俺[おれ]の開国[かいこく]だ,this is my founding a country; kaikoku means founding a country.
トルとは何[なん]だ,what is a torr; toru means torr.
ぬう、分[わ]かった,to sew I understand; nuu means to sew.
それは金[かね]じゃない,that is not a money; kane means money.
金[かね]の事[こと]を言[い]っている,I am talking about a metal; kane also means metal.
用[よう]の事[こと]を言[い]っている,I am talking about a business; you means business.
その用[よう]が欲[ほ]しい,I want that use; you also means use.
この用[よう]を知[し]っているか,do you know this for the use of; you also means for the use of.
それは用[よう]です,that is a business; youdesu is the polite form of you meaning business.
その状態[じょうたい]が欲[ほ]しい,I want that state; joutai means state.
この研究[けんきゅう]を知[し]っているか,do you know this research; kenkyuu means research.
際[さい]を探[さが]している,I am looking for an edge; sai means edge.
際[さい]が必要[ひつよう]だ,a time is needed; sai also means time.
それは無駄[むだ]だ,that one is futility; muda means futility.
これは条件[じょうけん]だ,this is a condition; jouken means condition.
これは条件[じょうけん]です,this is a condition; joukendesu is the polite form of jouken meaning condition.
本当[ほんとう]の都市[とし]だ,it is a real town; toshi means town.
我慢[がまん]じゃない,it is not an endurance; gaman means endurance.
やっぱり案内[あんない]だ,it is a guidance after all; annai means guidance.
案内[あんない]がある,there is an announcement; annai also means announcement.
案内[あんない]を見[み]た,I saw an acquaintance; annai also means acquaintance.
リーダーがある,there is a leader; riida means leader.
リーダーを見[み]た,I saw leaders; riida also means leaders.
奴隷[どれい]を見[み]た,I saw a slave; dorei means slave.
これは俺[おれ]の奴隷[どれい]だ,this is my slavery; dorei also means slavery.
それは詳[くわ]しい,that one is detailed; kuwashii means detailed.
この詳[くわ]しいやつだ,it is this knowing very well one; kuwashii also means knowing very well.
ちゃんと当[あ]たる,I am hit properly; ataru means to be hit.
俺[おれ]が当[あ]たる,I am the one who will touch; ataru also means to touch.
明日[あした]当[あ]たる,I will be equivalent to tomorrow; ataru also means to be equivalent to.
今[いま]当[あ]たります,now I am hit; atarimasu is the polite form of ataru meaning to be hit.
当[あ]たってください,please be hit; atatte is the te form of ataru meaning to be hit.
大[おお]きな奥[おく]だ,it is a big inner part; oku means inner part.
それは奥[おく]じゃない,that is not a living quarters; oku also means living quarters.
奥[おく]の事[こと]を言[い]っている,I am talking about recesses; oku also means recesses.
それを思[おも]い出[だ]す,I will recall that; omoidasu means to recall.
もう思[おも]い出[だ]した,I already recalled; omoidashita is the past form of omoidasu meaning to recall.
思[おも]い出[だ]してください,please recall; omoidashite is the te form of omoidasu meaning to recall.
連邦[れんぽう]の事[こと]を言[い]っている,I am talking about a federation; rempou means federation.
その職人[しょくにん]が欲[ほ]しい,I want that craftsman; shokunin means craftsman.
一緒[いっしょ]に集[あつ]める,we will collect together; atsumeru means to collect.
集[あつ]めてください,please collect; atsumete is the te form of atsumeru meaning to collect.
皆[みんな]で集[あつ]めた,all of us collected; atsumeta is the past form of atsumeru meaning to collect.
まだ集[あつ]めなくて,I do not collect yet; atsumenakute is the negative form of atsumeru meaning to collect.
転生[てんしょう]を探[さが]している,I am looking for a reincarnation; tenshou means reincarnation.
国交[こっこう]が必要[ひつよう]だ,a diplomatic relations is needed; kokkou means diplomatic relations.
よく譲[ゆず]る,I often hand over; yuzuru means to hand over.
これから譲[ゆず]る,I will give up from now on; yuzuru also means to give up.
たまに譲[ゆず]る,I yield once in a while; yuzuru also means to yield.
俺[おれ]のために譲[ゆず]ってください,please hand over for me; yuzutte is the te form of yuzuru meaning to hand over.
何[なに]も譲[ゆず]れないでや,I do not hand over anything; yuzurenaideya is the negative form of yuzuru meaning to hand over.
それを譲[ゆず]りません,I will hand over that; yuzurimasen is the polite form of yuzuru meaning to hand over.
俺[おれ]が譲[ゆず]った,I am the one who handed over; yuzutta is the past form of yuzuru meaning to hand over.
本当[ほんとう]の意気[いき]だ,it is a real spirit; iki means spirit.
これは意気[いき]です,this is a spirit; ikidesu is the polite form of iki meaning spirit.
たまに命[めい]ずる,I order once in a while; meizuru means to order.
ちゃんと命[めい]ずる,I appoint properly; meizuru also means to appoint.
俺[おれ]が命[めい]じられて,someone orders me; meijirarete is the passive form of meizuru meaning to order.
俺[おれ]のために命[めい]じてください,please order for me; meijite is the te form of meizuru meaning to order.
俺[おれ]が命[めい]じられた,someone orderred me; meijirareta is the past passive form of meizuru meaning to order.
それを命[めい]じた,I orderred that; meijita is the past form of meizuru meaning to order.
それはずるい,that one is sly; zurui means sly.
このずるいやつだ,it is this miserly one; zurui also means miserly.
とてもずるいです,it is very sly; zuruidesu is the polite form of zurui meaning sly.
試合[しあい]がある,there is a match; shiai means match.
少女[しょうじょ]を見[み]た,I saw a girl; shoujo means girl.
これは俺[おれ]の負[ま]けだ,this is my defeat; make means defeat.
負[ま]けとは何[なん]だ,what is a discount; make also means discount.
すごくフルだ,it is really full; furu means full.
ちょっと深[ぶか]い,it is a bit deep; bukai means deep.
それは深[ぶか]い,that one is profound; bukai also means profound.
この深[ぶか]いやつだ,it is this dense one; bukai also means dense.
それは運命[うんめい]じゃない,that is not a fate; ummei means fate.
人形[にんぎょう]の事[こと]を言[い]っている,I am talking about a doll; ningyou means doll.
その人形[にんぎょう]が欲[ほ]しい,I want that puppet; ningyou also means puppet.
その領域[りょういき]が欲[ほ]しい,I want that territory; ryouiki means territory.
この領域[りょういき]を知[し]っているか,do you know this field; ryouiki also means field.
領域[りょういき]を探[さが]している,I am looking for a domain; ryouiki also means domain.
それは領域[りょういき]だった,that was a territory; ryouikidatta is the past form of ryouiki meaning territory.
早速[さっそく]なった,it turned out at once; sassoku means at once.
たまに避[さ]ける,I avoid once in a while; sakeru means to avoid.
ちゃんと避[さ]ける,I ward off properly; sakeru also means to ward off.
俺[おれ]が避[さ]ける,I am the one who will put aside; sakeru also means to put aside.
よけてください,please avoid; yokete is the te form of sakeru meaning to avoid.
それを避[さ]けたい,I want to avoid that; saketai is the desiderative form of sakeru meaning to avoid.
あの時[とき]避[さ]けていた,I was avoiding back then; saketeita is the past progressive form of sakeru meaning to avoid.
皆[みんな]で避[さ]けねばいい,it is fine if we all avoid; sakeneba is the conditional form of sakeru meaning to avoid.
ちゃんとつながる,I am connected properly; tsunagaru means to be connected.
俺[おれ]がつながる,I am the one who will connect; tsunagaru also means to connect.
明日[あした]つながる,I will lead tomorrow; tsunagaru also means to lead.
今[いま]つながっている,I am being connected right now; tsunagatteiru is the progressive form of tsunagaru meaning to be connected.
あの時[とき]つながっていた,I was being connected back then; tsunagatteita is the past progressive form of tsunagaru meaning to be connected.
皆[みんな]でつながった,all of us was connected; tsunagatta is the past form of tsunagaru meaning to be connected.
これは礼[れい]だ,this is thanks; rei means thanks.
本当[ほんとう]の礼[れい]だ,it is a real manners; rei also means manners.
礼[れい]じゃない,it is not a reward; rei also means reward.
己等[おいら]の事[こと]を言[い]っている,I am talking about we; oira means we.
己等[おいら]がやる,I will do it; oira also means I.
明日[あした]渡[わた]る,I will cross over tomorrow; wataru means to cross over.
皆[みんな]で渡[わた]る,all of us extend; wataru also means to extend.
もう渡[わた]ってきた,I was already crossing over; watattekita is the past progressive form of wataru meaning to cross over.
もう渡[わた]ってしまった,I already crossed over; watatteshimatta is the past form of wataru meaning to cross over.
明日[あした]加[くわ]える,I will add tomorrow; kuwaeru means to add.
一緒[いっしょ]に加[くわ]える,we will increase together; kuwaeru also means to increase.
皆[みんな]で加[くわ]える,all of us include; kuwaeru also means to include.
俺[おれ]のために加[くわ]えてください,please add for me; kuwaete is the te form of kuwaeru meaning to add.
それを加[くわ]えた,I added that; kuwaeta is the past form of kuwaeru meaning to add.
皆[みんな]で及[およ]ぶ,all of us reach; oyobu means to reach.
今[いま]及[およ]ぶ,now I am up to the task; oyobu also means to be up to the task.
よく及[およ]ぶ,I often compare with; oyobu also means to compare with.
今[いま]及[およ]びません,now I reach; oyobimasen is the polite form of oyobu meaning to reach.
誰[だれ]も及[およ]ばない,nobody will reach; oyobanai is the negative form of oyobu meaning to reach.
今[いま]及[およ]んでいる,I am reaching right now; oyondeiru is the progressive form of oyobu meaning to reach.
余[よ]を見[み]た,I saw an other; yo means other.
これが余[よ]だ,this is I; yo also means I.
これは俺[おれ]の雑魚[ざこ]だ,this is my small fish; zako means small fish.
雑魚[ざこ]とは何[なん]だ,what is a nobody; zako also means nobody.
よく生[い]き残[のこ]る,I often survive; ikinokoru means to survive.
昨日[きのう]生[い]き残[のこ]った,yesterday I survived; ikinokotta is the past form of ikinokoru meaning to survive.
生[い]き残[のこ]れてください,please survive; ikinokorete is the te form of ikinokoru meaning to survive.
今[いま]生[い]き残[のこ]りましょう,now I survive; ikinokorimashou is the polite form of ikinokoru meaning to survive.
これから差[さ]し上[あ]げる,I will lift up from now on; sashiageru means to lift up.
たまに差[さ]し上[あ]げる,I give once in a while; sashiageru also means to give.
それをさしあげます,I will lift up that; sashiagemasu is the polite form of sashiageru meaning to lift up.
さしあげろ,lift up it now; sashiagero is the imperative form of sashiageru meaning to lift up.
その対応[たいおう]が欲[ほ]しい,I want that correspondence; taiou means correspondence.
この風[かぜ]を知[し]っているか,do you know this appearance; kaze means appearance.
風[かぜ]を探[さが]している,I am looking for a pretence; kaze also means pretence.
風[かぜ]が必要[ひつよう]だ,a coming to restaurant is needed; kaze also means coming to restaurant.
それは重要[じゅうよう]だ,that one is important; juuyou means important.
光[ひかり]が必要[ひつよう]だ,a light is needed; hikari means light.
これは光[ひかり]だ,this is an illumination; hikari also means illumination.
本当[ほんとう]の光[ひかり]だ,it is a real happiness; hikari also means happiness.
これは種[しゅ]だ,this is a kind; shu means kind.
本当[ほんとう]の種[しゅ]だ,it is a real species; shu also means species.
すごく大量[たいりょう]だ,it is really large quantity; tairyou means large quantity.
人類[じんるい]じゃない,it is not a mankind; jinrui means mankind.
やっぱり到着[とうちゃく]だ,it is an arrival after all; touchaku means arrival.
学園[がくえん]がある,there is an educational institution; gakuen means educational institution.
これは俺[おれ]の空間[くうかん]だ,this is my space; kuukan means space.
地下[ちか]とは何[なん]だ,what is an underground; chika means underground.
大[おお]きな地下[ちか]だ,it is a big world of the dead; chika also means world of the dead.
ちょっと優[やさ]しい,it is a bit tender; yasashii means tender.
それは無視[むし]じゃない,that is not a disregarding; mushi means disregarding.
それは得意[とくい]だ,that one is satisfaction; tokui means satisfaction.
その得意[とくい]が欲[ほ]しい,I want that regular customer; tokui also means regular customer.
皆[みんな]で進[すす]む,all of us advance; susumu means to advance.
今[いま]進[すす]む,now I precede; susumu also means to precede.
よく進[すす]む,I often make progress; susumu also means to make progress.
あの時[とき]進[すす]んでいた,I was advancing back then; susundeita is the past progressive form of susumu meaning to advance.
もう進[すす]んだ,I already advanced; susunda is the past form of susumu meaning to advance.
このけんかを知[し]っているか,do you know this quarrel; kenka means quarrel.
今[いま]起[お]こす,now I raise; okosu means to raise.
よく起[お]こす,I often wake; okosu also means to wake.
これから起[お]こす,I will cause from now on; okosu also means to cause.
起[お]こせばいい,it is fine if I raise; okoseba is the conditional form of okosu meaning to raise.
あいつに起[お]こさせる,I will make that guy raise; okosaseru is the causative form of okosu meaning to raise.
今[いま]起[お]こしている,I am raising right now; okoshiteiru is the progressive form of okosu meaning to raise.
俺[おれ]のために起[お]こしてください,please raise for me; okoshite is the te form of okosu meaning to raise.
よく集[あつ]まる,I often gather; atsumaru means to gather.
もう集[あつ]まった,I already gatherred; atsumatta is the past form of atsumaru meaning to gather.
あの時[とき]集[あつ]まってきた,I was gatherring back then; atsumattekita is the past progressive form of atsumaru meaning to gather.
集[あつ]まってください,please gather; atsumatte is the te form of atsumaru meaning to gather.
これから残[のこ]す,I will leave from now on; nokosu means to leave.
たまに残[のこ]す,I save once in a while; nokosu also means to save.
ちゃんと残[のこ]す,I stay properly; nokosu also means to stay.
俺[おれ]が残[のこ]された,someone left me; nokosareta is the past passive form of nokosu meaning to leave.
俺[おれ]のために残[のこ]してください,please leave for me; nokoshite is the te form of nokosu meaning to leave.
俺[おれ]が残[のこ]されています,someone leaves me; nokosareteimasu is the passive form of nokosu meaning to leave.
もう残[のこ]していた,I was already leaving; nokoshiteita is the past progressive form of nokosu meaning to leave.
本当[ほんとう]の覚醒[かくせい]だ,it is a real waking up; kakusei means waking up.
すごく順調[じゅんちょう]だ,it is really favourable; junchou means favourable.
これは順調[じゅんちょう]です,this one is favourable; junchoudesu is the polite form of junchou meaning favourable.
俺[おれ]がなくなる,I am the one who will be lost; nakunaru means to be lost.
明日[あした]なくなる,I will be used up tomorrow; nakunaru also means to be used up.
皆[みんな]でなくなる,all of us disappear; nakunaru also means to disappear.
俺[おれ]がなくなった,I am the one who was lost; nakunatta is the past form of nakunaru meaning to be lost.
じゅうがある,there is a dwelling; juu means dwelling.
甲斐[かい]を見[み]た,I saw a result; kai means result.
すごく卑怯[ひきょう]だ,it is really cowardly; hikyou means cowardly.
それは邪悪[じゃあく]だ,that one is wicked; jaaku means wicked.
大[おお]きなアークだ,it is a big arc; aaku means arc.
それは黒幕[くろまく]じゃない,that is not a black curtain; kuromaku means black curtain.
黒幕[くろまく]の事[こと]を言[い]っている,I am talking about a wirepuller; kuromaku also means wirepuller.
よく誓[ちか]う,I often swear; chikau means to swear.
今[いま]誓[ちか]いましょう,now I swear; chikaimashou is the polite form of chikau meaning to swear.
俺[おれ]のために誓[ちか]ってください,please swear for me; chikatte is the te form of chikau meaning to swear.
今[いま]誓[ちか]っている,I am swearing right now; chikatteiru is the progressive form of chikau meaning to swear.
一緒[いっしょ]に誓[ちか]おうで,let us swear together; chikaoude is the volitional form of chikau meaning to swear.
これから暴[あば]れる,I will act violently from now on; abareru means to act violently.
まだ暴[あば]れない,I do not act violently yet; abarenai is the negative form of abareru meaning to act violently.
昨日[きのう]暴[あば]れた,yesterday I acted violently; abareta is the past form of abareru meaning to act violently.
たまに巻[ま]き込[こ]む,I roll up once in a while; makikomu means to roll up.
ちゃんと巻[ま]き込[こ]む,I involve properly; makikomu also means to involve.
俺[おれ]のために巻[ま]き込[こ]んでください,please roll up for me; makikonde is the te form of makikomu meaning to roll up.
もう巻[ま]き込[こ]んだ,I already rolled up; makikonda is the past form of makikomu meaning to roll up.
このおとなしいやつだ,it is this gentle one; otonashii means gentle.
皆[みんな]おとなしい,everyone is quiet; otonashii also means quiet.
すごく奇麗[きれい]だ,it is really pretty; kirei means pretty.
それは奇麗[きれい]だ,that one is clean; kirei also means clean.
皆[みんな]奇麗[きれい]だ,everyone is completely; kirei also means completely.
明日[あした]現[あら]われる,I will appear tomorrow; arawareru means to appear.
皆[みんな]で現[あら]われる,all of us am expressed; arawareru also means to be expressed.
昨日[きのう]現[あらわ]れた,yesterday I appeared; arawareta is the past form of arawareru meaning to appear.
まだ現[あらわ]れない,I do not appear yet; arawarenai is the negative form of arawareru meaning to appear.
現[あらわ]れてください,please appear; arawarete is the te form of arawareru meaning to appear.
本当[ほんとう]のゼネラルだ,it is a real general; zeneraru means general.
ゲームじゃない,it is not a game; geemu means game.
やっぱり感[かん]だ,it is a feeling after all; kan means feeling.
感[かん]がある,there is an interjection; kan also means interjection.
点[てん]がある,there is a dot; ten means dot.
点[てん]を見[み]た,I saw a gidayū musicians; ten also means gidayū musicians.
開催[かいさい]を見[み]た,I saw a holding; kaisai means holding.
夜[よる]した,I did it night; yoru means night.
夜[よる]とは何[なん]だ,what is a dinner; yoru also means dinner.
選手[せんしゅ]とは何[なん]だ,what is a player; senshu means player.
ちょっと若[わか]い,it is a bit young; wakai means young.
それは若[わか]い,that one is immature; wakai also means immature.
この若[わか]いやつだ,it is this low one; wakai also means low.
それは指導[しどう]じゃない,that is not a guidance; shidou means guidance.
指導[しどう]の事[こと]を言[い]っている,I am talking about a shido; shidou also means shido.
これは平和[へいわ]だ,this one is peace; heiwa means peace.
その身体[しんたい]が欲[ほ]しい,I want that body; shintai means body.
この身体[しんたい]を知[し]っているか,do you know this torso; shintai also means torso.
身体[しんたい]を探[さが]している,I am looking for a build; shintai also means build.
証拠[しょうこ]を探[さが]している,I am looking for an evidence; shouko means evidence.
一緒[いっしょ]に求[もと]める,we will want together; motomeru means to want.
皆[みんな]で求[もと]める,all of us request; motomeru also means to request.
今[いま]求[もと]める,now I seek; motomeru also means to seek.
俺[おれ]のために求[もと]めてください,please want for me; motomete is the te form of motomeru meaning to want.
まだ求[もと]めてない,I do not want yet; motometenai is the negative form of motomeru meaning to want.
それを求[もと]めたい,I want to want that; motometai is the desiderative form of motomeru meaning to want.
これは都合[つごう]だ,this is circumstances; tsugou means circumstances.
本当[ほんとう]のランクだ,it is a real rank; ranku means rank.
よく増[ふ]える,I often increase; fueru means to increase.
昨日[きのう]増[ふ]えた,yesterday I increased; fueta is the past form of fueru meaning to increase.
増[ふ]えてください,please increase; fuete is the te form of fueru meaning to increase.
もう増[ふ]えました,I already increased; fuemashita is the polite past form of fueru meaning to increase.
一応[いちおう]した,I did it more or less; ichiou means more or less.
味方[みかた]がある,there is a friend; mikata means friend.
全力[ぜんりょく]を見[み]た,I saw an all one's power; zenryoku means all one's power.
これは俺[おれ]の正解[せいかい]だ,this is my correct answer; seikai means correct answer.
正解[せいかい]とは何[なん]だ,what is a right decision; seikai also means right decision.
昔[むかし]は正解[せいかい]だった,long ago it was a correct answer; seikaidatta is the past form of seikai meaning correct answer.
それを引[ひ]く,I will pull that; hiku means to pull.
何[なに]を引[ひ]くのか,what do you draw; hiku also means to draw.
明日[あした]引[ひ]く,I will draw back tomorrow; hiku also means to draw back.
それを引[ひ]いている,I am pulling that; hiiteiru is the progressive form of hiku meaning to pull.
引[ひ]いてください,please pull; hiite is the te form of hiku meaning to pull.
皆[みんな]寂[さび]しい,everyone is lonely; sabishii means lonely.
とても寂[さび]しかった,it was very lonely; sabishikatta is the past form of sabishii meaning lonely.
とても寂[さび]しいです,it is very lonely; sabishiidesu is the polite form of sabishii meaning lonely.
いざなった,it turned out now; iza means now.
体内[たいない]の事[こと]を言[い]っている,I am talking about an interior of the body; tainai means interior of the body.
皆[みんな]でたたく,all of us strike; tataku means to strike.
今[いま]たたく,now I attack; tataku also means to attack.
よくたたく,I often sound out; tataku also means to sound out.
すごく神聖[しんせい]だ,it is really holiness; shinsei means holiness.
それは無茶[むちゃ]だ,that one is absurd; mucha means absurd.
これからうたがう,I will doubt from now on; utagau means to doubt.
疑[うたが]わねばいい,it is fine if I doubt; utagawaneba is the conditional form of utagau meaning to doubt.
たまに断[ことわ]る,I refuse once in a while; kotowaru means to refuse.
ちゃんと断[ことわ]る,I inform properly; kotowaru also means to inform.
俺[おれ]が断[ことわ]る,I am the one who will ask leave; kotowaru also means to ask leave.
皆[みんな]で断[ことわ]ったらいい,it is fine if we all refuse; kotowattara is the conditional form of kotowaru meaning to refuse.
皆[みんな]で断[ことわ]った,all of us refused; kotowatta is the past form of kotowaru meaning to refuse.
俺[おれ]が断[ことわ]られた,someone refused me; kotowarareta is the past passive form of kotowaru meaning to refuse.
本当[ほんとう]の紅葉[もみじ]だ,it is a real leaves turning red; momiji means leaves turning red.
それは光栄[こうえい]だ,that one is honour; kouei means honour.
それは光栄[こうえい]です,that is an honour; koueidesu is the polite form of kouei meaning honour.
それを仰[おっしゃ]る,I will say that; ossharu means to say.
何[なに]を仰[おっしゃ]るのか,what do you be called; ossharu also means to be called.
それをおっしゃっている,I am saying that; osshatteiru is the progressive form of ossharu meaning to say.
今[いま]おっしゃいます,now I say; osshaimasu is the polite form of ossharu meaning to say.
それをおっしゃった,I said that; osshatta is the past form of ossharu meaning to say.
俺[おれ]がおっしゃられた,someone said me; ossharareta is the past passive form of ossharu meaning to say.
道化[どうけ]がある,there is antics; douke means antics.
道化[どうけ]を見[み]た,I saw a clown; douke also means clown.
ちなみを見[み]た,I saw an association; chinami means association.
これは俺[おれ]のちなみだ,this is my pledge; chinami also means pledge.
よりなった,it turned out more; yori means more.
回[かい]とは何[なん]だ,what is a time; kai means a time.
大[おお]きな回[かい]だ,it is a big inning; kai also means inning.
それは回[かい]じゃない,that is not an episode; kai also means episode.
大[おお]きな自身[じしん]だ,it is a big self; jishin means self.
これがお主[ぬし]だ,this is you; onushi means you.
使[つか]いの事[こと]を言[い]っている,I am talking about an errand; tsukai means errand.
その使[つか]いが欲[ほ]しい,I want that messenger; tsukai also means messenger.
この使[つか]いを知[し]っているか,do you know this familiar spirit; tsukai also means familiar spirit.
その息子[むすこ]が欲[ほ]しい,I want that son; musuko means son.
この息子[むすこ]を知[し]っているか,do you know this penis; musuko also means penis.
この人物[じんぶつ]を知[し]っているか,do you know this person; jimbutsu means person.
人物[じんぶつ]を探[さが]している,I am looking for one's character; jimbutsu also means one's character.
人物[じんぶつ]が必要[ひつよう]だ,an able person is needed; jimbutsu also means able person.
破壊[はかい]を探[さが]している,I am looking for a destruction; hakai means destruction.
おっとが必要[ひつよう]だ,a husband is needed; otto means husband.
これは本物[ほんもの]だ,this is a genuine article; hommono means genuine article.
本当[ほんとう]の検討[けんとう]だ,it is a real consideration; kentou means consideration.
一緒[いっしょ]に変[か]える,we will change together; kaeru means to change.
皆[みんな]で変[か]える,all of us reform; kaeru also means to reform.
俺[おれ]のために変[か]えてください,please change for me; kaete is the te form of kaeru meaning to change.
俺[おれ]が変[か]えられる,someone changes me; kaerareru is the passive form of kaeru meaning to change.
それを変[か]えましょう,I will change that; kaemashou is the polite form of kaeru meaning to change.
そろそろ変[か]えよう,let us change soon; kaeyou is the volitional form of kaeru meaning to change.
やっぱり部隊[ぶたい]だ,it is a force after all; butai means force.
野郎[やろう]がある,there is a guy; yarou means guy.
とんでもを見[み]た,I saw an unthinkable; tondemo means unthinkable.
これは俺[おれ]の毒[どく]だ,this is my poison; doku means poison.
毒[どく]とは何[なん]だ,what is a harm; doku also means harm.
大[おお]きな毒[どく]だ,it is a big ill will; doku also means ill will.
日記[にっき]とは何[なん]だ,what is a diary; nikki means diary.
大[おお]きな同時[どうじ]だ,it is a big same time; douji means same time.
それは同時[どうじ]じゃない,that is not simultaneous; douji also means simultaneous.
俺[おれ]が開[ひら]く,I am the one who will open; hiraku means to open.
それを開[ひら]く,I will bloom that; hiraku also means to bloom.
何[なに]を開[ひら]くのか,what do you be wide; hiraku also means to be wide.
俺[おれ]が開[ひら]かれた,someone openned me; hirakareta is the past passive form of hiraku meaning to open.
何[なに]も開[ひら]かない,I do not open anything; hirakanai is the negative form of hiraku meaning to open.
それを開[ひら]いている,I am openning that; hiraiteiru is the progressive form of hiraku meaning to open.
肉体[にくたい]の事[こと]を言[い]っている,I am talking about the body; nikutai means the body.
その念[ねん]が欲[ほ]しい,I want that sense; nen means sense.
この念[ねん]を知[し]っているか,do you know this desire; nen also means desire.
念[ねん]を探[さが]している,I am looking for an attention; nen also means attention.
この知恵[ちえ]を知[し]っているか,do you know this wisdom; chie means wisdom.
知恵[ちえ]を探[さが]している,I am looking for a prajna; chie also means prajna.
一緒[いっしょ]に渡[わた]す,we will ferry across together; watasu means to ferry across.
皆[みんな]で渡[わた]す,all of us lay across; watasu also means to lay across.
今[いま]渡[わた]す,now I hand over; watasu also means to hand over.
俺[おれ]のために渡[わた]してください,please ferry across for me; watashite is the te form of watasu meaning to ferry across.
それを渡[わた]した,I ferried across that; watashita is the past form of watasu meaning to ferry across.
それを渡[わた]したい,I want to ferry across that; watashitai is the desiderative form of watasu meaning to ferry across.
皆[みんな]で果[は]たす,all of us accomplish; hatasu means to accomplish.
もう果[は]たした,I already accomplished; hatashita is the past form of hatasu meaning to accomplish.
俺[おれ]が果[は]たされた,someone accomplished me; hatasareta is the past passive form of hatasu meaning to accomplish.
それはうぐだ,that one is stupid; ugu means stupid.
よくいらっしゃる,I often come; irassharu means to come.
今[いま]いらっしゃいます,now I come; irasshaimasu is the polite form of irassharu meaning to come.
早[はや]くいらっしゃい,come quickly; irasshai is the imperative form of irassharu meaning to come.
いらしてください,please come; irashite is the te form of irassharu meaning to come.
もういらした,I already came; irashita is the past form of irassharu meaning to come.
精々[せいぜい]した,I did it at the most; seizei means at the most.
精々[せいぜい]言[い]った,I said it to the utmost; seizei also means to the utmost.
それはふさわしい,that one is appropriate; fusawashii means appropriate.
リリーがある,there is a lily; riri means lily.
俺[おれ]が目覚[めざ]める,I am the one who will wake up; mezameru means to wake up.
明日[あした]目覚[めざ]める,I will awaken to tomorrow; mezameru also means to awaken to.
皆[みんな]で目覚[めざ]める,all of us come to one's senses; mezameru also means to come to one's senses.
昨日[きのう]目覚[めざ]めた,yesterday I woke up; mezameta is the past form of mezameru meaning to wake up.
もう目覚[めざ]めました,I already woke up; mezamemashita is the polite past form of mezameru meaning to wake up.
明日[あした]下[くだ]る,I will come down tomorrow; kudaru means to come down.
皆[みんな]で下[くだ]る,all of us hang; kudaru also means to hang.
今[いま]下[くだ]る,now I move back; kudaru also means to move back.
まだくだらない,I do not come down yet; kudaranai is the negative form of kudaru meaning to come down.
今[いま]下[くだ]っていってる,I am coming down right now; kudatteitteru is the progressive form of kudaru meaning to come down.
先程[さきほど]言[い]った,I said it a short while ago; sakihodo means a short while ago.
明日[あした]ふざける,I will joke tomorrow; fuzakeru means to joke.
皆[みんな]でふざける,all of us make fun of; fuzakeru also means to make fun of.
今[いま]ふざける,now I romp; fuzakeru also means to romp.
俺[おれ]がふざけた,I am the one who joked; fuzaketa is the past form of fuzakeru meaning to joke.
それはめでたい,that one is happy; medetai means happy.
このめでたいやつだ,it is this naive one; medetai also means naive.
ごらん、分[わ]かった,try to I understand; goran means try to.
そのごらんが欲[ほ]しい,I want that seeing; goran also means seeing.
その法皇[ほうおう]が欲[ほ]しい,I want that cloistered emperor; houou means cloistered emperor.
よく応[おう]ずる,I often answer; ouzuru means to answer.
これから応[おう]ずる,I will satisfy from now on; ouzuru also means to satisfy.
応[おう]じてください,please answer; oujite is the te form of ouzuru meaning to answer.
今[いま]応[おう]じます,now I answer; oujimasu is the polite form of ouzuru meaning to answer.
十分[じゅうぶん]を探[さが]している,I am looking for a ten minutes; juubun means ten minutes.
これは十分[じゅうぶん]です,this one is ten minutes; juubundesu is the polite form of juubun meaning ten minutes.
夏[なつ]した,I did it summer; natsu means summer.
これは違[ちが]いだ,this is a difference; chigai means difference.
本当[ほんとう]の違[ちが]いだ,it is a real mistake; chigai also means mistake.
本当[ほんとう]の希望[きぼう]だ,it is a real hope; kibou means hope.
希望[きぼう]じゃない,it is not prospects; kibou also means prospects.
皆[みんな]逆[ぎゃく]だ,everyone is reverse; gyaku means reverse.
やっぱり逆[ぎゃく]だ,it is an inverse after all; gyaku also means inverse.
やっぱり酒[さけ]だ,it is an alcohol after all; sake means alcohol.
勉強[べんきょう]がある,there is a study; benkyou means study.
勉強[べんきょう]を見[み]た,I saw an experience; benkyou also means experience.
移動[いどう]を見[み]た,I saw a movement; idou means movement.
これは俺[おれ]の移動[いどう]だ,this is my mobile; idou also means mobile.
これは俺[おれ]の誕生[たんじょう]だ,this is my birth; tanjou means birth.
誕生[たんじょう]とは何[なん]だ,what is one's first birthday; tanjou also means one's first birthday.
薬[くすり]とは何[なん]だ,what is a medicine; kusuri means medicine.
大[おお]きな薬[くすり]だ,it is a big efficacious chemical; kusuri also means efficacious chemical.
それは薬[くすり]じゃない,that is not a glaze; kusuri also means glaze.
大[おお]きな選択[せんたく]だ,it is a big choice; sentaku means choice.
皆[みんな]ハイだ,everyone is high; hai means high.
これは秘密[ひみつ]だ,this one is secret; himitsu means secret.
この秘密[ひみつ]を知[し]っているか,do you know this mystery; himitsu also means mystery.
秘密[ひみつ]を探[さが]している,I am looking for an esoteric teachings; himitsu also means esoteric teachings.
この一杯[いっぱい]を知[し]っているか,do you know this one cup; ippai means one cup.
一杯[いっぱい]なった,it turned out fully; ippai also means fully.
一杯[いっぱい]いい,it is a lot good; ippai also means a lot.
感情[かんじょう]を探[さが]している,I am looking for an emotion; kanjou means emotion.
挑戦[ちょうせん]が必要[ひつよう]だ,a challenge is needed; chousen means challenge.
これは中央[ちゅうおう]だ,this is a centre; chuuou means centre.
本当[ほんとう]の中央[ちゅうおう]だ,it is a real capital; chuuou also means capital.
本当[ほんとう]の周辺[しゅうへん]だ,it is a real circumference; shuuhen means circumference.
周辺[しゅうへん]じゃない,it is not a peripheral; shuuhen also means peripheral.
それは急[きゅう]だ,that one is sudden; kyuu means sudden.
やっぱり急[きゅう]だ,it is an emergency after all; kyuu also means emergency.
急[きゅう]がある,there is an urgency; kyuu also means urgency.
やっぱり獣人[じゅうじん]だ,it is a fusion of human and animal after all; juujin means fusion of human and animal.
これは異常[いじょう]だ,this one is abnormal; ijou means abnormal.
それは異常[いじょう]です,that is an abnormal; ijoudesu is the polite form of ijou meaning abnormal.
集団[しゅうだん]を見[み]た,I saw a group; shuudan means group.
これは俺[おれ]のダムだ,this is my dam; damu means dam.
自信[じしん]とは何[なん]だ,what is a self-confidence; jishin means self-confidence.
本日[ほんじつ]した,I did it today; honjitsu means today.
すごく優秀[ゆうしゅう]だ,it is really superior; yuushuu means superior.
この厳[きび]しいやつだ,it is this severe one; kibishii means severe.
皆[みんな]厳[きび]しい,everyone is hard; kibishii also means hard.
とても厳[きび]しい,it is very intense; kibishii also means intense.
その制御[せいぎょ]が欲[ほ]しい,I want that control; seigyo means control.
この避難[ひなん]を知[し]っているか,do you know this taking refuge; hinan means taking refuge.
招待[しょうたい]を探[さが]している,I am looking for an invitation; shoutai means invitation.
ちょっと恐[おそ]ろしい,it is a bit terrible; osoroshii means terrible.
それは恐[おそ]ろしい,that one is surprising; osoroshii also means surprising.
皆[みんな]強力[きょうりょく]だ,everyone is powerful; kyouryoku means powerful.
本当[ほんとう]の勘違[かんちが]いだ,it is a real misunderstanding; kanchigai means misunderstanding.
すごく素直[すなお]だ,it is really obedient; sunao means obedient.
それは素直[すなお]だ,that one is honest; sunao also means honest.
皆[みんな]素直[すなお]だ,everyone is straight; sunao also means straight.
それは無効[むこう]だ,that one is invalid; mukou means invalid.
賠償[ばいしょう]がある,there is a compensation; baishou means compensation.
明日[あした]減[へ]る,I will decrease tomorrow; heru means to decrease.
俺[おれ]が減[へ]った,I am the one who decreased; hetta is the past form of heru meaning to decrease.
何[なに]も減[へ]ってない,I do not decrease anything; hettenai is the negative form of heru meaning to decrease.
今[いま]減[へ]っていく,I am decreasing right now; hetteiku is the progressive form of heru meaning to decrease.
これは俺[おれ]のパーセントだ,this is my percent; paasento means percent.
明日[あした]殴[なぐ]る,I will strike tomorrow; naguru means to strike.
俺[おれ]のために殴[なぐ]ってください,please strike for me; nagutte is the te form of naguru meaning to strike.
今[いま]殴[なぐ]ってくる,I am striking right now; naguttekuru is the progressive form of naguru meaning to strike.
あいつに殴[なぐ]らせろ,I will make that guy strike; nagurasero is the causative form of naguru meaning to strike.
俺[おれ]が殴[なぐ]った,I am the one who struck; nagutta is the past form of naguru meaning to strike.
一緒[いっしょ]に向[む]ける,we will turn together; mukeru means to turn.
皆[みんな]で向[む]ける,all of us head to; mukeru also means to head to.
今[いま]向[む]ける,now I allot; mukeru also means to allot.
向[む]けてください,please turn; mukete is the te form of mukeru meaning to turn.
俺[おれ]が向[む]けられていた,someone turned me; mukerareteita is the past passive form of mukeru meaning to turn.
皆[みんな]で率[ひき]いる,all of us lead; hikiiru means to lead.
俺[おれ]のために率[ひき]いてください,please lead for me; hikiite is the te form of hikiiru meaning to lead.
今[いま]率[ひき]いている,I am leading right now; hikiiteiru is the progressive form of hikiiru meaning to lead.
あいつに率[ひき]いてるらしいでっせ,I will make that guy lead; hikiiterurashiidesse is the causative form of hikiiru meaning to lead.
皆殺[みなごろ]しの事[こと]を言[い]っている,I am talking about a massacre; minagoroshi means massacre.
これから裏切[うらぎ]る,I will betray from now on; uragiru means to betray.
たまに裏切[うらぎ]る,I disappoint once in a while; uragiru also means to disappoint.
皆[みんな]で裏切[うらぎ]った,all of us betrayed; uragitta is the past form of uragiru meaning to betray.
たまに手伝[てつだ]う,I help once in a while; tetsudau means to help.
ちゃんと手伝[てつだ]う,I contribute to properly; tetsudau also means to contribute to.
手伝[てつだ]ってください,please help; tetsudatte is the te form of tetsudau meaning to help.
俺[おれ]が手伝[てつだ]った,I am the one who helped; tetsudatta is the past form of tetsudau meaning to help.
閃光[せんこう]が必要[ひつよう]だ,a flash is needed; senkou means flash.
これは閃光[せんこう]だ,this is a schiller; senkou also means schiller.
俺[おれ]が慌[あわ]てる,I am the one who will become confused; awateru means to become confused.
明日[あした]慌[あわ]てる,I will hurry tomorrow; awateru also means to hurry.
昨日[きのう]慌[あわ]ててた,yesterday I became confused; awateteta is the past form of awateru meaning to become confused.
まだ慌[あわ]てない,I do not become confused yet; awatenai is the negative form of awateru meaning to become confused.
本当[ほんとう]の胃袋[いぶくろ]だ,it is a real stomach; ibukuro means stomach.
胃袋[いぶくろ]じゃない,it is not a dietary needs; ibukuro also means dietary needs.
やっぱり漫画[まんが]だ,it is a cartoon after all; manga means cartoon.
人生[じんせい]がある,there is a life; jinsei means life.
以前[いぜん]を見[み]た,I saw a before; izen means before.
今年[ことし]した,I did it this year; kotoshi means this year.
対象[たいしょう]とは何[なん]だ,what is a target; taishou means target.
それは変[へん]だ,that one is strange; hen means strange.
それは変[へん]じゃない,that is not a change; hen also means change.
変[へん]の事[こと]を言[い]っている,I am talking about an incident; hen also means incident.
皆[みんな]有名[ゆうめい]だ,everyone is famous; yuumei means famous.
それは有名[ゆうめい]だった,that one was famous; yuumeidatta is the past form of yuumei meaning famous.
活躍[かつやく]の事[こと]を言[い]っている,I am talking about an activity; katsuyaku means activity.
すごくたくさんだ,it is really a lot; takusan means a lot.
この優勝[ゆうしょう]を知[し]っているか,do you know this overall victory; yuushou means overall victory.
皆[みんな]突然[とつぜん]だ,everyone is abrupt; totsuzen means abrupt.
虫[むし]が必要[ひつよう]だ,an insect is needed; mushi means insect.
これは虫[むし]だ,this is a worm; mushi also means worm.
本当[ほんとう]の虫[むし]だ,it is a real nervousness; mushi also means nervousness.
これは後悔[こうかい]だ,this is a regret; koukai means regret.
本当[ほんとう]の指揮[しき]だ,it is a real command; shiki means command.
皆[みんな]意外[いがい]だ,everyone is unexpected; igai means unexpected.
きちんとした,I did it properly; kichinto means properly.
きちんと言[い]った,I said it neatly; kichinto also means neatly.
ちゃんと驚[おどろ]く,I am surprised properly; odoroku means to be surprised.
俺[おれ]が驚[おどろ]く,I am the one who will be frightened; odoroku also means to be frightened.
昨日[きのう]驚[おどろ]いた,yesterday I was surprised; odoroita is the past form of odoroku meaning to be surprised.
もう驚[おどろ]きました,I already was surprised; odorokimashita is the polite past form of odoroku meaning to be surprised.
らんとは何[なん]だ,what is a section; ran means section.
ちょうど言[い]った,I said it exactly; choudo means exactly.
ちょうどなった,it turned out just; choudo also means just.
明日[あした]暮[く]らす,I will live tomorrow; kurasu means to live.
皆[みんな]で暮[く]らす,all of us make a living; kurasu also means to make a living.
一緒[いっしょ]に暮[く]らす,we will spend one's time together; kurasu also means to spend one's time.
今[いま]暮[く]らしている,I am living right now; kurashiteiru is the progressive form of kurasu meaning to live.
兄貴[あにき]の事[こと]を言[い]っている,I am talking about an elder brother; aniki means elder brother.
その兄貴[あにき]が欲[ほ]しい,I want that one's senior; aniki also means one's senior.
この兄貴[あにき]を知[し]っているか,do you know this older man; aniki also means older man.
その故[ゆえ]が欲[ほ]しい,I want that used item; yue means used item.
この故[ゆえ]を知[し]っているか,do you know this old; yue also means old.
この転送[てんそう]を知[し]っているか,do you know this transfer; tensou means transfer.
それは忠誠[ちゅうせい]だ,that one is loyalty; chuusei means loyalty.
まさにいい,it is exactly good; masani means exactly.
まさにした,I did it right; masani also means right.
まさに言[い]った,I said it just; masani also means just.
これは加護[かご]だ,this is a divine protection; kago means divine protection.
御免[ごめん]、分[わ]かった,I'm sorry I understand; gomen means I'm sorry.
御免[ごめん]じゃない,it is not a permission; gomen also means permission.
やっぱり御免[ごめん]だ,it is a dismissal after all; gomen also means dismissal.
一気[いっき]じゃない,it is not one breath; ikki means one breath.
俺[おれ]がなす,I am the one who will form; nasu means to form.
それをなす,I will build up that; nasu also means to build up.
何[なに]をなすのか,what do you accomplish; nasu also means to accomplish.
俺[おれ]がなされた,someone formed me; nasareta is the past passive form of nasu meaning to form.
それをなせる,form that; naseru is the imperative form of nasu meaning to form.
俺[おれ]がなされる,someone forms me; nasareru is the passive form of nasu meaning to form.
鉱石[こうせき]がある,there is an ore; kouseki means ore.
武闘[ぶとう]を見[み]た,I saw an armed struggle; butou means armed struggle.
これは俺[おれ]の妖魔[ようま]だ,this is my ghost; youma means ghost.
ホーリーとは何[なん]だ,what is an English holly; hoori means English holly.
大[おお]きなホーリーだ,it is a big holy; hoori also means holy.
皆[みんな]で関[かん]する,all of us concern; kansuru means to concern.
俺[おれ]のために関[かん]してください,please concern for me; kanshite is the te form of kansuru meaning to concern.
それは爆炎[ばくえん]じゃない,that is not flames produced by an explosion; bakuen means flames produced by an explosion.
その外[そと]が欲[ほ]しい,I want that outside; soto means outside.
この外[そと]を知[し]っているか,do you know this the open; soto also means the open.
外[そと]を探[さが]している,I am looking for an other place; soto also means other place.
チームを探[さが]している,I am looking for a team; chiimu means team.
形[かたち]が必要[ひつよう]だ,a form is needed; katachi means form.
これは形[かたち]だ,this is a visage; katachi also means visage.
本当[ほんとう]の形[かたち]だ,it is a real state; katachi also means state.
これは開発[かいはつ]だ,this is a development; kaihatsu means development.
本当[ほんとう]の発生[はっせい]だ,it is a real occurrence; hassei means occurrence.
被害[ひがい]じゃない,it is not a damage; higai means damage.
やっぱり味[あじ]だ,it is a flavor after all; aji means flavor.
味[あじ]がある,there is a charm; aji also means charm.
味[あじ]を見[み]た,I saw an experience; aji also means experience.
答[こた]えがある,there is an answer; kotae means answer.
これは答[こた]えです,this is an answer; kotaedesu is the polite form of kotae meaning answer.
精神[せいしん]を見[み]た,I saw a mind; seishin means mind.
これは俺[おれ]の精神[せいしん]だ,this is my attitude; seishin also means attitude.
精神[せいしん]とは何[なん]だ,what is a spirit; seishin also means spirit.
これは俺[おれ]の割[わり]だ,this is my rate; wari means rate.
割[わり]とは何[なん]だ,what is one tenth; wari also means one tenth.
大[おお]きな割[わり]だ,it is a big profit; wari also means profit.
自然[しぜん]とは何[なん]だ,what is a nature; shizen means nature.
皆[みんな]自然[しぜん]だ,everyone is natural; shizen also means natural.
これは自然[しぜん]です,this one is nature; shizendesu is the polite form of shizen meaning nature.
皆[みんな]小[ちい]さい,everyone is small; chiisai means small.
とても小[ちい]さい,it is very slight; chiisai also means slight.
すごく小[ちい]さい,it is really low; chiisai also means low.
小[ちい]さくていい,it is small and that is good; chiisakute is the te form of chiisai meaning small.
それは友[とも]じゃない,that is not a friend; tomo means friend.
友[とも]の事[こと]を言[い]っている,I am talking about an accompaniment; tomo also means accompaniment.
発言[はつげん]の事[こと]を言[い]っている,I am talking about a statement; hatsugen means statement.
その次第[しだい]が欲[ほ]しい,I want that order; shidai means order.
この次第[しだい]を知[し]っているか,do you know this circumstances; shidai also means circumstances.
次第[しだい]を探[さが]している,I am looking for a reason; shidai also means reason.
それはしだいです,that is an order; shidaidesu is the polite form of shidai meaning order.
それはいたい,that one is painful; itai means painful.
このいたいやつだ,it is this cringy one; itai also means cringy.
調子[ちょうし]を探[さが]している,I am looking for a tune; choushi means tune.
調子[ちょうし]が必要[ひつよう]だ,a vein is needed; choushi also means vein.
これは調子[ちょうし]だ,this is a condition; choushi also means condition.
皆[みんな]で寝[ね]る,all of us sleep; neru means to sleep.
今[いま]寝[ね]る,now I go to bed; neru also means to go to bed.
よく寝[ね]る,I often lie down; neru also means to lie down.
誰[だれ]も寝[ね]てない,nobody will sleep; netenai is the negative form of neru meaning to sleep.
寝[ね]てください,please sleep; nete is the te form of neru meaning to sleep.
皆[みんな]で選[えら]ぶ,all of us choose; erabu means to choose.
俺[おれ]のために選[えら]んでください,please choose for me; erande is the te form of erabu meaning to choose.
それを選[えら]んだ,I chose that; eranda is the past form of erabu meaning to choose.
それを選[えら]びます,I will choose that; erabimasu is the polite form of erabu meaning to choose.
今[いま]目指[めざ]す,now I aim at; mezasu means to aim at.
よく目指[めざ]す,I often go toward; mezasu also means to go toward.
俺[おれ]のために目指[めざ]してください,please aim at for me; mezashite is the te form of mezasu meaning to aim at.
もっと目指[めざ]したい,I want to aim at more; mezashitai is the desiderative form of mezasu meaning to aim at.
防衛[ぼうえい]じゃない,it is not a defense; bouei means defense.
やっぱり怒[いか]りだ,it is an anger after all; ikari means anger.
攻略[こうりゃく]がある,there is a capture; kouryaku means capture.
攻略[こうりゃく]を見[み]た,I saw a strategy; kouryaku also means strategy.
了解[りょうかい]を見[み]た,I saw a comprehension; ryoukai means comprehension.
これは了解[りょうかい]です,this is a comprehension; ryoukaidesu is the polite form of ryoukai meaning comprehension.
これは正式[せいしき]だ,this one is formal; seishiki means formal.
それを扱[あつか]う,I will deal with that; atsukau means to deal with.
何[なに]を扱[あつか]うのか,what do you operate; atsukau also means to operate.
明日[あした]扱[あつか]う,I will deal in tomorrow; atsukau also means to deal in.
今[いま]扱[あつか]えている,I am dealing with right now; atsukaeteiru is the progressive form of atsukau meaning to deal with.
大[おお]きな賛成[さんせい]だ,it is a big approval; sansei means approval.
それは賛成[さんせい]です,that is an approval; sanseidesu is the polite form of sansei meaning approval.
それは怪[あや]しい,that one is suspicious; ayashii means suspicious.
この怪[あや]しいやつだ,it is this doubtful one; ayashii also means doubtful.
皆[みんな]怪[あや]しい,everyone is untrustworthy; ayashii also means untrustworthy.
隊長[たいちょう]の事[こと]を言[い]っている,I am talking about a commanding officer; taichou means commanding officer.
その濃度[のうど]が欲[ほ]しい,I want that concentration; noudo means concentration.
この濃度[のうど]を知[し]っているか,do you know this cardinality; noudo also means cardinality.
この弟子[でし]を知[し]っているか,do you know this pupil; deshi means pupil.
ふふん、分[わ]かった,pish I understand; fufun means pish.
ふふん,I see; fufun also means I see.
これから諦[あきら]める,I will give up from now on; akirameru means to give up.
皆[みんな]で諦[あきら]めたらいい,it is fine if we all give up; akirametara is the conditional form of akirameru meaning to give up.
俺[おれ]が諦[あきら]めた,I am the one who gave up; akirameta is the past form of akirameru meaning to give up.
俺[おれ]のために諦[あきら]めてください,please give up for me; akiramete is the te form of akirameru meaning to give up.
これは友好[ゆうこう]だ,this is a friendship; yuukou means friendship.
聖人[せいじん]じゃない,it is not a saint; seijin means saint.
やっぱり聖人[せいじん]だ,it is a wise and virtuous person after all; seijin also means wise and virtuous person.
聖人[せいじん]がある,there is a refined sake; seijin also means refined sake.
やっぱり天狗[てんぐ]だ,it is a tengu after all; tengu means tengu.
天狗[てんぐ]がある,there is a bragging; tengu also means bragging.
殿下[でんか]がある,there is a Your Highness; denka means Your Highness.
明日[あした]仕掛[しか]ける,I will start tomorrow; shikakeru means to start.
一緒[いっしょ]に仕掛[しか]ける,we will challenge together; shikakeru also means to challenge.
皆[みんな]で仕掛[しか]ける,all of us set; shikakeru also means to set.
それを仕掛[しか]けてくる,I am starting that; shikaketekuru is the progressive form of shikakeru meaning to start.
あの時[とき]仕掛[しか]けてきただ,I was starting back then; shikaketekitada is the past progressive form of shikakeru meaning to start.
皆[みんな]に仕掛[しか]けられている,everyone starts me; shikakerareteiru is the passive form of shikakeru meaning to start.
一緒[いっしょ]に呼[よ]び出[だ]す,we will call to together; yobidasu means to call to.
皆[みんな]で呼[よ]び出[だ]す,all of us invoke; yobidasu also means to invoke.
昨日[きのう]呼[よ]び出[だ]した,yesterday I called to; yobidashita is the past form of yobidasu meaning to call to.
俺[おれ]が呼[よ]び出[だ]される,someone calls to me; yobidasareru is the passive form of yobidasu meaning to call to.
俺[おれ]のために呼[よ]び出[だ]してください,please call to for me; yobidashite is the te form of yobidasu meaning to call to.
司教[しきょう]とは何[なん]だ,what is a bishop; shikyou means bishop.
今[いま]見極[みきわ]める,now I watch to the end; mikiwameru means to watch to the end.
よく見極[みきわ]める,I often ascertain; mikiwameru also means to ascertain.
これから見極[みきわ]める,I will know thoroughly from now on; mikiwameru also means to know thoroughly.
見極[みきわ]めてください,please watch to the end; mikiwamete is the te form of mikiwameru meaning to watch to the end.
早[はや]く見極[みきわ]めよ,watch to the end quickly; mikiwameyo is the imperative form of mikiwameru meaning to watch to the end.
よく宿[やど]る,I often dwell; yadoru means to dwell.
これから宿[やど]る,I will stay from now on; yadoru also means to stay.
ちゃんと宿[やど]る,I am in the womb properly; yadoru also means to be in the womb.
昨日[きのう]宿[やど]った,yesterday I dwelled; yadotta is the past form of yadoru meaning to dwell.
もっと宿[やど]らせたい,I want to dwell more; yadorasetai is the desiderative form of yadoru meaning to dwell.
エキストラの事[こと]を言[い]っている,I am talking about an extra; ekisutora means extra.
ちゃんと通[つう]ずる,I am open properly; tsuuzuru means to be open.
俺[おれ]が通[つう]ずる,I am the one who will flow; tsuuzuru also means to flow.
明日[あした]通[つう]ずる,I will be conveyed tomorrow; tsuuzuru also means to be conveyed.
誰[だれ]も通[つう]じない,nobody will be open; tsuujinai is the negative form of tsuuzuru meaning to be open.
ちゃんと従[したが]える,I am accompanied by properly; shitagaeru means to be accompanied by.
俺[おれ]が従[したが]える,I am the one who will conquer; shitagaeru also means to conquer.
俺[おれ]のために従[したが]えてください,please be accompanied by for me; shitagaete is the te form of shitagaeru meaning to be accompanied by.
もっと従[したが]えたい,I want to be accompanied by more; shitagaetai is the desiderative form of shitagaeru meaning to be accompanied by.
此[こ]の世[よ]を探[さが]している,I am looking for this world; konoyo means this world.
その、分[わ]かった,um I understand; sono also means um.
これは実際[じっさい]だ,this is a reality; jissai means reality.
本当[ほんとう]の実際[じっさい]だ,it is a real practice; jissai also means practice.
実際[じっさい]じゃない,it is not a bhutakoti; jissai also means bhutakoti.
本当[ほんとう]の発表[はっぴょう]だ,it is a real announcement; happyou means announcement.
部屋[へや]じゃない,it is not a room; heya means room.
やっぱり部屋[へや]だ,it is an apartment after all; heya also means apartment.
部屋[へや]がある,there is a stable; heya also means stable.
やっぱりイメージだ,it is an image after all; imeeji means image.
イメージがある,there is a depiction; imeeji also means depiction.
最終[さいしゅう]がある,there is a last; saishuu means last.
最終[さいしゅう]を見[み]た,I saw a last train; saishuu also means last train.
発見[はっけん]を見[み]た,I saw a discovery; hakken means discovery.
これは俺[おれ]の経験[けいけん]だ,this is my experience; keiken means experience.
ちゃんと敵[かな]う,I match properly; kanau means to match.
今[いま]かないません,now I match; kanaimasen is the polite form of kanau meaning to match.
まだかなわない,I do not match yet; kanawanai is the negative form of kanau meaning to match.
大[おお]きな面[めん]だ,it is a big face; men means face.
それは面[めん]じゃない,that is not a surface; men also means surface.
面[めん]の事[こと]を言[い]っている,I am talking about a mask; men also means mask.
それは気分[きぶん]じゃない,that is not a feeling; kibun means feeling.
空[そら]の事[こと]を言[い]っている,I am talking about an emptiness; sora means emptiness.
その時点[じてん]が欲[ほ]しい,I want that point in time; jiten means point in time.
この肉[にく]を知[し]っているか,do you know this flesh; niku means flesh.
肉[にく]を探[さが]している,I am looking for a meat; niku also means meat.
肉[にく]が必要[ひつよう]だ,the physical body is needed; niku also means the physical body.
予想[よそう]を探[さが]している,I am looking for an expectation; yosou means expectation.
手段[しゅだん]が必要[ひつよう]だ,means is needed; shudan means means.
これは事態[じたい]だ,this is a situation; jitai means situation.
これは事態[じたい]です,this is a situation; jitaidesu is the polite form of jitai meaning situation.
本当[ほんとう]の生命[せいめい]だ,it is a real life; seimei means life.
生命[せいめい]じゃない,it is not a working life; seimei also means working life.
やっぱり生命[せいめい]だ,it is a life force after all; seimei also means life force.
モンスターじゃない,it is not a monster; monsuta means monster.
やっぱりモンスターだ,it is a giant after all; monsuta also means giant.
モンスターがある,there is a monsterlike; monsuta also means monsterlike.
やっぱりタグだ,it is a tag after all; tagu means tag.
タグがある,there is a game of tag; tagu also means game of tag.
タグを見[み]た,I saw a tag-team match; tagu also means tag-team match.
すごく忙[いそが]しい,it is really busy; isogashii means busy.
ちょっと忙[いそが]しい,it is a bit restless; isogashii also means restless.
辺[へん]を見[み]た,I saw an area; hen means area.
これは俺[おれ]の辺[へん]だ,this is my side; hen also means side.
辺[へん]とは何[なん]だ,what is circumstances; hen also means circumstances.
改[あらた]めて言[い]った,I said it another time; aratamete means another time.
改[あらた]めてなった,it turned out formally; aratamete also means formally.
ありとは何[なん]だ,what is an existing; ari means existing.
大[おお]きな自慢[じまん]だ,it is a big pride; jiman means pride.
それは茶[ちゃ]じゃない,that is not a tea; cha means tea.
茶[ちゃ]の事[こと]を言[い]っている,I am talking about a tea plant; cha also means tea plant.
その茶[ちゃ]が欲[ほ]しい,I want that tea preparation; cha also means tea preparation.
辺[あた]り言[い]った,I said it neighbourhood; atari means neighbourhood.
その支払[しはら]いが欲[ほ]しい,I want that payment; shiharai means payment.
この戦場[せんじょう]を知[し]っているか,do you know this battlefield; senjou means battlefield.
襲撃[しゅうげき]を探[さが]している,I am looking for an attack; shuugeki means attack.
すごく不能[ふのう]だ,it is really impossible; funou means impossible.
これは不能[ふのう]だ,this is an incompetence; funou also means incompetence.
本当[ほんとう]の不能[ふのう]だ,it is a real impotence; funou also means impotence.
これは不能[ふのう]です,this is an impossible; funoudesu is the polite form of funou meaning impossible.
ちゃんと比[くら]べる,I compare properly; kuraberu means to compare.
俺[おれ]が比[くら]べる,I am the one who will compete; kuraberu also means to compete.
比[くら]べればいい,it is fine if I compare; kurabereba is the conditional form of kuraberu meaning to compare.
俺[おれ]のために比[くら]べてください,please compare for me; kurabete is the te form of kuraberu meaning to compare.
本当[ほんとう]の出番[でばん]だ,it is a real one's turn; deban means one's turn.
出番[でばん]じゃない,it is not one's turn on stage; deban also means one's turn on stage.
やっぱり出番[でばん]だ,it is one's time after all; deban also means one's time.
これは出番[でばん]です,this is one's turn; debandesu is the polite form of deban meaning one's turn.
遺跡[いせき]じゃない,it is not remains; iseki means remains.
何[なに]を回[まわ]すのか,what do you turn; mawasu means to turn.
明日[あした]回[まわ]す,I will pass around tomorrow; mawasu also means to pass around.
一緒[いっしょ]に回[まわ]す,we will move together; mawasu also means to move.
俺[おれ]が回[まわ]した,I am the one who turned; mawashita is the past form of mawasu meaning to turn.
こら、分[わ]かった,hey I understand; kora means hey.
捕虜[ほりょ]を見[み]た,I saw a prisoner; horyo means prisoner.
これは俺[おれ]の芋[いも]だ,this is my tuber; imo means tuber.
芋[いも]とは何[なん]だ,what is a dud; imo also means dud.
これは芋[いも]です,this is a tuber; imodesu is the polite form of imo meaning tuber.
あっさり言[い]った,I said it easily; assari means easily.
あっさりなった,it turned out lightly; assari also means lightly.
よく去[さ]る,I often leave; saru means to leave.
これから去[さ]る,I will pass from now on; saru also means to pass.
ちゃんと去[さ]る,I am distant properly; saru also means to be distant.
もう去[さ]っていった,I was already leaving; satteitta is the past progressive form of saru meaning to leave.
昨日[きのう]去[さ]った,yesterday I left; satta is the past form of saru meaning to leave.
それは団長[だんちょう]じゃない,that is not a leader of a group; danchou means leader of a group.
それは団長[だんちょう]だった,that was a leader of a group; danchoudatta is the past form of danchou meaning leader of a group.
伯爵[はくしゃく]の事[こと]を言[い]っている,I am talking about a count; hakushaku means count.
その圧倒[あっとう]が欲[ほ]しい,I want that to overwhelm; attou means to overwhelm.
このウルフを知[し]っているか,do you know this wolf; urufu means wolf.
それを備[そな]える,I will furnish with that; sonaeru means to furnish with.
何[なに]を備[そな]えるのか,what do you prepare for; sonaeru also means to prepare for.
明日[あした]備[そな]える,I will possess tomorrow; sonaeru also means to possess.
備[そな]えてください,please furnish with; sonaete is the te form of sonaeru meaning to furnish with.
それを備[そな]えた,I furnished with that; sonaeta is the past form of sonaeru meaning to furnish with.
ちょっとすさまじい,it is a bit terrible; susamajii means terrible.
それはすさまじい,that one is tremendous; susamajii also means tremendous.
このすさまじいやつだ,it is this appalling one; susamajii also means appalling.
昔[むかし]はすさまじかった,long ago it was terrible; susamajikatta is the past form of susamajii meaning terrible.
明日[あした]張[はれ]る,I will stick tomorrow; hareru means to stick.
一緒[いっしょ]に張[はれ]る,we will stretch together; hareru also means to stretch.
皆[みんな]で張[はれ]る,all of us form; hareru also means to form.
張[は]ってください,please stick; hatte is the te form of hareru meaning to stick.
皆[みんな]に張[は]られている,everyone sticks me; harareteiru is the passive form of hareru meaning to stick.
もう張[は]った,I already stuck; hatta is the past form of hareru meaning to stick.
本当[ほんとう]の王朝[おうちょう]だ,it is a real dynasty; ouchou means dynasty.
ボディーじゃない,it is not a body; bodi means body.
やっぱりボディーだ,it is a body blow after all; bodi also means body blow.
それはボディーです,that is a body; bodiidesu is the polite form of bodi meaning body.
ある事[こと]だ,it is a matter; aru means a certain.
すごくありがたい,it is really grateful; arigatai means grateful.
手出[てだ]しを見[み]た,I saw a meddling; tedashi means meddling.
これは俺[おれ]のガイだ,this is my guy; gai means guy.
バンパイアとは何[なん]だ,what is a vampire; bampaia means vampire.
ようやく言[い]った,I said it finally; youyaku means finally.
ようやくなった,it turned out barely; youyaku also means barely.
ようやくいい,it is gradually good; youyaku also means gradually.
それを授[さず]ける,I will grant that; sazukeru means to grant.
何[なに]を授[さず]けるのか,what do you teach; sazukeru also means to teach.
授[さず]けてください,please grant; sazukete is the te form of sazukeru meaning to grant.
一緒[いっしょ]に授[さず]けよう,let us grant together; sazukeyou is the volitional form of sazukeru meaning to grant.
昨日[きのう]授[さず]けた,yesterday I granted; sazuketa is the past form of sazukeru meaning to grant.
何[なに]をよこすのか,what do you send; yokosu means to send.
明日[あした]よこす,I will hand over tomorrow; yokosu also means to hand over.
早[はや]くよこせ,send quickly; yokose is the imperative form of yokosu meaning to send.
よこしてください,please send; yokoshite is the te form of yokosu meaning to send.
明日[あした]於[お]く,I will hey tomorrow; oku means hey.
おいてください,please hey; oite is the te form of oku meaning hey.
それをおける,hey that; okeru is the imperative form of oku meaning hey.
この使用[しよう]を知[し]っているか,do you know this use; shiyou means use.
特[とく]になった,it turned out particularly; tokuni means particularly.
週間[しゅうかん]が必要[ひつよう]だ,a week is needed; shuukan means week.
これは非常[ひじょう]だ,this is an emergency; hijou means emergency.
すごく非常[ひじょう]だ,it is really extreme; hijou also means extreme.
すごく幸[しあわ]せだ,it is really happiness; shiawase means happiness.
それは幸[しあわ]せだった,that was a happiness; shiawasedatta is the past form of shiawase meaning happiness.
事実[じじつ]じゃない,it is not a fact; jijitsu means fact.
裏[うら]いい,it is inside good; ura means inside.
裏[うら]がある,there is an in; ura also means in.
裏[うら]を見[み]た,I saw a within oneself; ura also means within oneself.
当然[とうぜん]言[い]った,I said it naturally; touzen also means naturally.
胸[むね]を見[み]た,I saw a chest; mune means chest.
これは俺[おれ]の胸[むね]だ,this is my breasts; mune also means breasts.
胸[むね]とは何[なん]だ,what is a heart; mune also means heart.
これは俺[おれ]の教師[きょうし]だ,this is my teacher; kyoushi means teacher.
それは教師[きょうし]です,that is a teacher; kyoushidesu is the polite form of kyoushi meaning teacher.
模様[もよう]とは何[なん]だ,what is a pattern; moyou means pattern.
大[おお]きな模様[もよう]だ,it is a big state; moyou also means state.
それは模様[もよう]じゃない,that is not a conjecture of the current situation; moyou also means conjecture of the current situation.
これはもようです,this is a pattern; moyoudesu is the polite form of moyou meaning pattern.
それは任[まか]せじゃない,that is not a leaving everything up to someone else; makase means leaving everything up to someone else.
抵抗[ていこう]の事[こと]を言[い]っている,I am talking about a resistance; teikou means resistance.
その抵抗[ていこう]が欲[ほ]しい,I want that electrical resistance; teikou also means electrical resistance.
この抵抗[ていこう]を知[し]っているか,do you know this resistor; teikou also means resistor.
その影[かげ]が欲[ほ]しい,I want that shadow; kage means shadow.
この影[かげ]を知[し]っているか,do you know this reflection; kage also means reflection.
影[かげ]を探[さが]している,I am looking for ominous sign; kage also means ominous sign.
これから起[お]こる,I will occur from now on; okoru means to occur.
昨日[きのう]起[お]こった,yesterday I occurred; okotta is the past form of okoru meaning to occur.
今[いま]起[お]こりません,now I occur; okorimasen is the polite form of okoru meaning to occur.
今[いま]起[お]こっている,I am occurring right now; okotteiru is the progressive form of okoru meaning to occur.
策[さく]を探[さが]している,I am looking for a plan; saku means plan.
ちょっと恥[は]ずかしい,it is a bit embarrassing; hazukashii means embarrassing.
それは恥[は]ずかしい,that one is disgraceful; hazukashii also means disgraceful.
これは方々[かたがた]だ,this is a people; katagata means people.
これは方々[かたがた]です,this is a people; katagatadesu is the polite form of katagata meaning people.
本当[ほんとう]の犠牲[ぎせい]だ,it is a real sacrifice; gisei means sacrifice.
犠牲[ぎせい]じゃない,it is not a victim; gisei also means victim.
振[ふ]りじゃない,it is not an appearance; furi means appearance.
やっぱり振[ふ]りだ,it is a pretence after all; furi also means pretence.
振[ふ]りがある,there is a coming to restaurant; furi also means coming to restaurant.
やっぱり狙[ねら]いだ,it is an aim after all; nerai means aim.
勢力[せいりょく]がある,there is an influence; seiryoku means influence.
皆[みんな]で至[いた]る,all of us arrive at; itaru means to arrive at.
今[いま]至[いた]る,now I lead to; itaru also means to lead to.
よく至[いた]る,I often in the extreme case of; itaru also means in the extreme case of.
昨日[きのう]至[いた]った,yesterday I arrived at; itatta is the past form of itaru meaning to arrive at.
今[いま]消[け]す,now I erase; kesu means to erase.
よく消[け]す,I often turn off; kesu also means to turn off.
これから消[け]す,I will extinguish from now on; kesu also means to extinguish.
皆[みんな]で消[け]した,all of us erased; keshita is the past form of kesu meaning to erase.
皆[みんな]に消[け]される,everyone erases me; kesareru is the passive form of kesu meaning to erase.
消[け]してください,please erase; keshite is the te form of kesu meaning to erase.
このでかいやつだ,it is this huge one; dekai means huge.
とてもデカかったです,it was very huge; dekakattadesu is the polite past form of dekai meaning huge.
おや、分[わ]かった,oh I understand; oya means oh.
いきなりした,I did it abruptly; ikinari means abruptly.
ラムの事[こと]を言[い]っている,I am talking about a lamb; ramu means lamb.
俺[おれ]が受[う]け取[と]る,I am the one who will receive; uketoru means to receive.
それを受[う]け取[と]る,I will take that; uketoru also means to take.
受[う]け取[と]ってください,please receive; uketotte is the te form of uketoru meaning to receive.
皆[みんな]で受[う]け取[と]った,all of us received; uketotta is the past form of uketoru meaning to receive.
皆[みんな]有能[ゆうのう]だ,everyone is able; yuunou means able.
これは有能[ゆうのう]です,this is an able; yuunoudesu is the polite form of yuunou meaning able.
野外[やがい]を探[さが]している,I am looking for outdoors; yagai means outdoors.
野外[やがい]が必要[ひつよう]だ,fields is needed; yagai also means fields.
明日[あした]間[ま]に合[あ]う,I will be in time tomorrow; maniau means to be in time.
皆[みんな]で間[ま]に合[あ]う,all of us serve the purpose; maniau also means to serve the purpose.
今[いま]間[ま]に合[あ]っている,I am being in time right now; maniatteiru is the progressive form of maniau meaning to be in time.
これが彼方[あっち]だ,this is beyond; acchi means beyond.
しばらくいい,it is for a moment good; shibaraku means for a moment.
しばらくした,I did it for a while; shibaraku also means for a while.
しばらく言[い]った,I said it for the time being; shibaraku also means for the time being.
こくじゃない,it is not an ancient expression; koku means ancient expression.
よく争[あらそ]う,I often compete; arasou means to compete.
これから争[あらそ]う,I will quarrel from now on; arasou also means to quarrel.
ちゃんと争[あらそ]う,I deny properly; arasou also means to deny.
今[いま]争[あらそ]っている,I am competing right now; arasotteiru is the progressive form of arasou meaning to compete.
これから確[たし]かめる,I will make sure from now on; tashikameru means to make sure.
あいつに確[たし]かめさせて,I will make that guy make sure; tashikamesasete is the causative form of tashikameru meaning to make sure.
もっと確[たし]かめたい,I want to make sure more; tashikametai is the desiderative form of tashikameru meaning to make sure.
本当[ほんとう]は確[たし]かめたかった,the truth is I wanted to make sure; tashikametakatta is the past desiderative form of tashikameru meaning to make sure.
たまに耐[た]える,I bear once in a while; taeru means to bear.
ちゃんと耐[た]える,I support properly; taeru also means to support.
俺[おれ]が耐[た]える,I am the one who will be fit for; taeru also means to be fit for.
俺[おれ]が耐[た]えられる,someone bears me; taerareru is the passive form of taeru meaning to bear.
皆[みんな]で耐[た]えた,all of us beared; taeta is the past form of taeru meaning to bear.
これは俺[おれ]の一騎[いっき]だ,this is my one horseman; ikki means one horseman.
使者[ししゃ]とは何[なん]だ,what is a messenger; shisha means messenger.
大[おお]きな匹敵[ひってき]だ,it is a big to be a match for; hitteki means to be a match for.
明日[あした]そろう,I will be complete tomorrow; sorou means to be complete.
皆[みんな]でそろう,all of us am equal; sorou also means to be equal.
今[いま]そろう,now I gather; sorou also means to gather.
そろってください,please be complete; sorotte is the te form of sorou meaning to be complete.
昨日[きのう]そろった,yesterday I was complete; sorotta is the past form of sorou meaning to be complete.
今[いま]そろっている,I am being complete right now; sorotteiru is the progressive form of sorou meaning to be complete.
ほれ、分[わ]かった,look I understand; hore means look.
一緒[いっしょ]に取[と]り込[こ]む,we will take in together; torikomu means to take in.
皆[みんな]で取[と]り込[こ]む,all of us capture; torikomu also means to capture.
今[いま]取[と]り込[こ]む,now I win over; torikomu also means to win over.
取[と]り込[こ]んでください,please take in; torikonde is the te form of torikomu meaning to take in.
もう取[と]り込[こ]んだ,I already took in; torikonda is the past form of torikomu meaning to take in.
俺[おれ]が取[と]り込[こ]まれる,someone takes in me; torikomareru is the passive form of torikomu meaning to take in.
それぞれなった,it turned out each; sorezore means each.
今[いま]間違[まちが]う,now I am mistaken; machigau means to be mistaken.
よく間違[まちが]う,I often make a mistake; machigau also means to make a mistake.
これから間違[まちが]う,I will mistake from now on; machigau also means to mistake.
間違[まちが]ってください,please be mistaken; machigatte is the te form of machigau meaning to be mistaken.
もう間違[まちが]っていた,I was already being mistaken; machigatteita is the past progressive form of machigau meaning to be mistaken.
よく詰[つ]まる,I often am packed; tsumaru means to be packed.
これから詰[つ]まる,I will be blocked from now on; tsumaru also means to be blocked.
ちゃんと詰[つ]まる,I am become shorter properly; tsumaru also means to be become shorter.
誰[だれ]もつまらない,nobody will be packed; tsumaranai is the negative form of tsumaru meaning to be packed.
これから逃[に]がす,I will set free from now on; nigasu means to set free.
たまに逃[に]がす,I miss once in a while; nigasu also means to miss.
俺[おれ]のために逃[に]がしてください,please set free for me; nigashite is the te form of nigasu meaning to set free.
昨日[きのう]逃[に]がしてしまった,yesterday I set free; nigashiteshimatta is the past form of nigasu meaning to set free.
何[なに]も逃[に]がさない,I do not set free anything; nigasanai is the negative form of nigasu meaning to set free.
何[なん]せなった,it turned out in any case; nanse means in any case.
オクじゃない,it is not an auction; oku means auction.
むむ,hum; mumu means hum.
むむ、分[わ]かった,hm hm I understand; mumu also means hm hm.
やっぱりむむ,after all uh-huh; mumu also means uh-huh.
鍬[くわ]がある,there is a hoe; kuwa means hoe.
フウを見[み]た,I saw a Formosan sweetgum; fuu means Formosan sweetgum.
あくまでいい,it is to the end good; akumade means to the end.
あくまでした,I did it after all; akumade also means after all.
これはさようだ,this one is so; sayou means so.
これはさようです,this one is so; sayoudesu is the polite form of sayou meaning so.
それは街[まち]じゃない,that is not a street; machi means street.
足[あし]の事[こと]を言[い]っている,I am talking about a foot; ashi means foot.
その足[あし]が欲[ほ]しい,I want that leg; ashi also means leg.
この足[あし]を知[し]っているか,do you know this gait; ashi also means gait.
そのレベルが欲[ほ]しい,I want that level; reberu means level.
それはレベルです,that is a level; reberudesu is the polite form of reberu meaning level.
すごく特別[とくべつ]だ,it is really special; tokubetsu means special.
近[ちか]くなった,it turned out near; chikaku means near.
近[ちか]くが必要[ひつよう]だ,a nearly is needed; chikaku also means nearly.
原因[げんいん]が必要[ひつよう]だ,a cause is needed; genin means cause.
これは大人[おとな]だ,this one is adult; otona means adult.
本当[ほんとう]の記憶[きおく]だ,it is a real memory; kioku means memory.
未来[みらい]じゃない,it is not a future; mirai means future.
やっぱり未来[みらい]だ,it is a future existence after all; mirai also means future existence.
それは近[ちか]い,that one is near; chikai means near.
この近[ちか]いやつだ,it is this close one; chikai also means close.
皆[みんな]近[ちか]い,everyone is closely related; chikai also means closely related.
これは楽[らく]だ,this one is comfort; raku means comfort.
楽[らく]を見[み]た,I saw a raku pottery; raku also means raku pottery.
これは俺[おれ]の楽[らく]だ,this is my sukha; raku also means sukha.
機会[きかい]を見[み]た,I saw a chance; kikai means chance.
これは俺[おれ]のプレゼントだ,this is my present; purezento means present.
熱[ねつ]とは何[なん]だ,what is a heat; netsu means heat.
大[おお]きな熱[ねつ]だ,it is a big fever; netsu also means fever.
大[おお]きな王都[おうと]だ,it is a big royal capital; outo means royal capital.
それは宣伝[せんでん]じゃない,that is not a publicity; senden means publicity.
宣言[せんげん]の事[こと]を言[い]っている,I am talking about a declaration; sengen means declaration.
その連[れん]が欲[ほ]しい,I want that two reams; ren means two reams.
この連[れん]を知[し]っているか,do you know this stanza; ren also means stanza.
連[れん]を探[さが]している,I am looking for a tribe; ren also means tribe.
とても遅[おそ]い,it is very slow; osoi means slow.
すごく遅[おそ]い,it is really late; osoi also means late.
ちょっと遅[おそ]い,it is a bit too late; osoi also means too late.
帝国[ていこく]を探[さが]している,I am looking for an empire; teikoku means empire.
帝国[ていこく]が必要[ひつよう]だ,an Empire of Japan is needed; teikoku also means Empire of Japan.
下手[へた]が必要[ひつよう]だ,a humble position is needed; heta means humble position.
これは下手[へた]だ,this is an underarm grip on opponent's belt; heta also means underarm grip on opponent's belt.
皆[みんな]不要[ふよう]だ,everyone is unnecessary; fuyou means unnecessary.
これは不要[ふよう]です,this one is unnecessary; fuyoudesu is the polite form of fuyou meaning unnecessary.
本当[ほんとう]の警備[けいび]だ,it is a real defense; keibi means defense.
しんじゃない,it is not a newness; shin means newness.
やっぱりしんだ,it is a Gregorian calendar after all; shin also means Gregorian calendar.
しんがある,there is a Xin dynasty; shin also means Xin dynasty.
やっぱり組合[くみあい]だ,it is an association after all; kumiai means association.
統合[とうごう]がある,there is an integration; tougou means integration.
湖[みずうみ]を見[み]た,I saw a lake; mizuumi means lake.
せめて言[い]った,I said it at least; semete means at least.
幹部[かんぶ]とは何[なん]だ,what is a management; kambu means management.
それは幹部[かんぶ]です,that is a management; kambudesu is the polite form of kambu meaning management.
皆[みんな]冷[つめ]たい,everyone is cold; tsumetai means cold.
冷[つめ]たくていい,it is cold and that is good; tsumetakute is the te form of tsumetai meaning cold.
それは修行[しゅぎょう]じゃない,that is not a training; shugyou means training.
妖精[ようせい]の事[こと]を言[い]っている,I am talking about a fairy; yousei means fairy.
その誇[ほこ]りが欲[ほ]しい,I want that pride; hokori means pride.
皆[みんな]偉大[いだい]だ,everyone is great; idai means great.
よく育[そだ]てる,I often raise; sodateru means to raise.
これから育[そだ]てる,I will train from now on; sodateru also means to train.
たまに育[そだ]てる,I promote the growth of once in a while; sodateru also means to promote the growth of.
俺[おれ]が育[そだ]てた,I am the one who raised; sodateta is the past form of sodateru meaning to raise.
あの時[とき]育[そだ]てていた,I was raising back then; sodateteita is the past progressive form of sodateru meaning to raise.
俺[おれ]が育[そだ]てられた,someone raised me; sodaterareta is the past passive form of sodateru meaning to raise.
育[そだ]ててください,please raise; sodatete is the te form of sodateru meaning to raise.
容赦[ようしゃ]が必要[ひつよう]だ,a pardon is needed; yousha means pardon.
たまに合[あ]わせる,I match once in a while; awaseru means to match.
ちゃんと合[あ]わせる,I join together properly; awaseru also means to join together.
俺[おれ]が合[あ]わせる,I am the one who will face; awaseru also means to face.
俺[おれ]のために合[あ]わせてください,please match for me; awasete is the te form of awaseru meaning to match.
皆[みんな]で合[あ]わせたなら,all of us matched; awasetanara is the past form of awaseru meaning to match.
恐[おそ]らくいい,it is probably good; osoraku means probably.
通用[つうよう]じゃない,it is not an use; tsuuyou means use.
ついに言[い]った,I said it finally; tsuini means finally.
ついになった,it turned out in the end; tsuini also means in the end.
望[のぞ]みがある,there is a wish; nozomi means wish.
望[のぞ]みを見[み]た,I saw a prospect; nozomi also means prospect.
それは望[のぞ]みだった,that was a wish; nozomidatta is the past form of nozomi meaning wish.
名付[なづ]けを見[み]た,I saw a naming; nazuke means naming.
これは俺[おれ]の名付[なづ]けだ,this is my fiance; nazuke also means fiance.
これは俺[おれ]の申[もう]し出[で]だ,this is my proposal; moushide means proposal.
侵攻[しんこう]とは何[なん]だ,what is an invasion; shinkou means invasion.
今[いま]挑[いど]む,now I challenge to; idomu means to challenge to.
よく挑[いど]む,I often tackle; idomu also means to tackle.
これから挑[いど]む,I will pressure for sex from now on; idomu also means to pressure for sex.
俺[おれ]が挑[いど]んだ,I am the one who challenged to; idonda is the past form of idomu meaning to challenge to.
それは獅子[しし]じゃない,that is not a lion; shishi means lion.
これから倒[たお]れる,I will fall from now on; taoreru means to fall.
ちゃんと倒[たお]れる,I am destroyed properly; taoreru also means to be destroyed.
俺[おれ]が倒[たお]れる,I am the one who will be confined to bed; taoreru also means to be confined to bed.
昨日[きのう]倒[たお]れた,yesterday I fell; taoreta is the past form of taoreru meaning to fall.
今[いま]倒[たお]れている,I am falling right now; taoreteiru is the progressive form of taoreru meaning to fall.
倒[たお]れてください,please fall; taorete is the te form of taoreru meaning to fall.
そのトスが欲[ほ]しい,I want that toss; tosu means toss.
ちゃんと貸[か]す,I lend properly; kasu means to lend.
俺[おれ]が貸[か]す,I am the one who will rent out; kasu also means to rent out.
それを貸[か]す,I will hand that; kasu also means to hand.
俺[おれ]のために貸[か]してください,please lend for me; kashite is the te form of kasu meaning to lend.
そろそろ貸[か]そう,let us lend soon; kasou is the volitional form of kasu meaning to lend.
俺[おれ]がつかむ,I am the one who will seize; tsukamu means to seize.
それをつかむ,I will obtain that; tsukamu also means to obtain.
何[なに]をつかむのか,what do you understand; tsukamu also means to understand.
俺[おれ]がつかめた,I am the one who seized; tsukameta is the past form of tsukamu meaning to seize.
援軍[えんぐん]が必要[ひつよう]だ,a reinforcement is needed; engun means reinforcement.
これは同胞[どうほう]だ,this is a brethren; douhou means brethren.
明日[あした]突[つ]く,I will prick tomorrow; tsuku means to prick.
一緒[いっしょ]に突[つ]く,we will poke together; tsuku also means to poke.
皆[みんな]で突[つ]く,all of us use; tsuku also means to use.
皆[みんな]でつついた,all of us pricked; tsutsuita is the past form of tsuku meaning to prick.
従者[じゅうしゃ]じゃない,it is not an attendant; juusha means attendant.
皆[みんな]で押[お]し付[つ]ける,all of us press against; oshitsukeru means to press against.
今[いま]押[お]し付[つ]ける,now I foist on; oshitsukeru also means to foist on.
そろそろ押[お]し付[つ]けよう,let us press against soon; oshitsukeyou is the volitional form of oshitsukeru meaning to press against.
今[いま]生[う]まれ変[か]わる,now I am reborn; umarekawaru means to be reborn.
よく生[う]まれ変[か]わる,I often turn over a new leaf; umarekawaru also means to turn over a new leaf.
これから生[う]まれ変[か]わる,I will be reorganized from now on; umarekawaru also means to be reorganized.
昨日[きのう]生[う]まれ変[か]わった,yesterday I was reborn; umarekawatta is the past form of umarekawaru meaning to be reborn.
生[う]まれ変[か]わってください,please be reborn; umarekawatte is the te form of umarekawaru meaning to be reborn.
生[う]まれ変[か]わったらいい,it is fine if I be reborn; umarekawattara is the conditional form of umarekawaru meaning to be reborn.
よく押[お]さえる,I often pin down; osaeru means to pin down.
これから押[お]さえる,I will cover from now on; osaeru also means to cover.
たまに押[お]さえる,I get a hold of once in a while; osaeru also means to get a hold of.
それを抑[おさ]えている,I am pinning down that; osaeteiru is the progressive form of osaeru meaning to pin down.
抑[おさ]えてください,please pin down; osaete is the te form of osaeru meaning to pin down.
これが何[いず]れだ,this is which; izure means which.
擬態[ぎたい]とは何[なん]だ,what is a mimicry; gitai means mimicry.
ちゃんと申[もう]し上[あ]げる,I say properly; moushiageru means to say.
今[いま]申[もう]し上[あ]げます,now I say; moushiagemasu is the polite form of moushiageru meaning to say.
それはビーストじゃない,that is not a beast; biisuto means beast.
すごくおかしい,it is really funny; okashii means funny.
ちょっとおかしい,it is a bit strange; okashii also means strange.
それはおかしい,that one is wrong; okashii also means wrong.
その天王[てんのう]が欲[ほ]しい,I want that heavenly king; tennou means heavenly king.
この天王[てんのう]を知[し]っているか,do you know this Gozu Tenno; tennou also means Gozu Tenno.
この使節[しせつ]を知[し]っているか,do you know this envoy; shisetsu means envoy.
クーガーを探[さが]している,I am looking for a cougar; kuuga means cougar.
皆[みんな]で見付[みつ]ける,all of us find; mitsukeru means to find.
今[いま]見付[みつ]ける,now I am used to seeing; mitsukeru also means to be used to seeing.
俺[おれ]が見[み]つけた,I am the one who found; mitsuketa is the past form of mitsukeru meaning to find.
見[み]つけてください,please find; mitsukete is the te form of mitsukeru meaning to find.
皆[みんな]で見[み]つけたらいい,it is fine if we all find; mitsuketara is the conditional form of mitsukeru meaning to find.
今[いま]託[たく]する,now I entrust with; takusuru means to entrust with.
よく託[たく]する,I often have someone deliver; takusuru also means to have someone deliver.
これから託[たく]する,I will use to express from now on; takusuru also means to use to express.
俺[おれ]が託[たく]された,someone entrusted with me; takusareta is the past passive form of takusuru meaning to entrust with.
託[たく]してください,please entrust with; takushite is the te form of takusuru meaning to entrust with.
もう託[たく]した,I already entrusted with; takushita is the past form of takusuru meaning to entrust with.
本当[ほんとう]の部[ぶ]だ,it is a real department; bu means department.
部[ぶ]じゃない,it is not a club; bu also means club.
やっぱり部[ぶ]だ,it is a part after all; bu also means part.
方法[ほうほう]じゃない,it is not a method; houhou means method.
現在[げんざい]いい,it is the present good; genzai means the present.
現在[げんざい]がある,there is as of; genzai also means as of.
現在[げんざい]を見[み]た,I saw a present tense; genzai also means present tense.
ついした,I did it just; tsui means just.
つい言[い]った,I said it quite; tsui also means quite.
ついなった,it turned out unintentionally; tsui also means unintentionally.
ねえ、分[わ]かった,hey I understand; nee means hey.
これは俺[おれ]の歴史[れきし]だ,this is my history; rekishi means history.
企画[きかく]とは何[なん]だ,what is a planning; kikaku means planning.
これはまあまあだ,this one is so-so; maamaa means so-so.
結局[けっきょく]言[い]った,I said it after all; kekkyoku means after all.
結局[けっきょく]の事[こと]を言[い]っている,I am talking about a conclusion; kekkyoku also means conclusion.
その結局[けっきょく]が欲[ほ]しい,I want that end of a game of go; kekkyoku also means end of a game of go.
人々[ひとびと]の事[こと]を言[い]っている,I am talking about a people; hitobito means people.
その人々[ひとびと]が欲[ほ]しい,I want that each person; hitobito also means each person.
その差[さ]が欲[ほ]しい,I want that difference; sa means difference.
これは差[さ]です,this is a difference; sadesu is the polite form of sa meaning difference.
これは素敵[すてき]だ,this one is lovely; suteki means lovely.
これはすてきです,this one is lovely; sutekidesu is the polite form of suteki meaning lovely.
すごく直接[ちょくせつ]だ,it is really direct; chokusetsu means direct.
耳[みみ]が必要[ひつよう]だ,an ear is needed; mimi means ear.
これは耳[みみ]だ,this is a hearing; mimi also means hearing.
本当[ほんとう]の耳[みみ]だ,it is a real edge; mimi also means edge.
これはママだ,this is a mom; mama means mom.
本当[ほんとう]のママだ,it is a real female proprietress; mama also means female proprietress.
これは様々[さまざま]だ,this one is various; samazama means various.
尻[しり]じゃない,it is not an ass; shiri means ass.
やっぱり尻[しり]だ,it is a rear after all; shiri also means rear.
尻[しり]がある,there is an acupuncture point; shiri also means acupuncture point.
やっぱり残[のこ]りだ,it is a remainder after all; nokori means remainder.
タイミングがある,there is a timing; taimingu means timing.
鬼[おに]を見[み]た,I saw an ogre; oni means ogre.
これは俺[おれ]の鬼[おに]だ,this is my spirit of a deceased person; oni also means spirit of a deceased person.
鬼[おに]とは何[なん]だ,what is an ogre-like person; oni also means ogre-like person.
くそ,damn; kuso means damn.
恐怖[きょうふ]とは何[なん]だ,what is a fear; kyoufu means fear.
皆[みんな]短[みじか]い,everyone is short; mijikai means short.
とても短[みじか]い,it is very brief; mijikai also means brief.
それは返事[へんじ]じゃない,that is not a reply; henji means reply.
すごく暑[あつ]い,it is really hot; atsui means hot.
ちょっと暑[あつ]い,it is a bit passionate; atsui also means passionate.
それは暑[あつ]い,that one is on everybody's mind; atsui also means on everybody's mind.
わっしがやる,I will do it; wasshi means I.
この侵入[しんにゅう]を知[し]っているか,do you know this invasion; shinnyuu means invasion.
それを捨[す]てる,I will throw away that; suteru means to throw away.
何[なに]を捨[す]てるのか,what do you abandon; suteru also means to abandon.
明日[あした]捨[す]てる,I will give up tomorrow; suteru also means to give up.
俺[おれ]のために捨[す]ててください,please throw away for me; sutete is the te form of suteru meaning to throw away.
俺[おれ]が捨[す]てられて,someone throws away me; suterarete is the passive form of suteru meaning to throw away.
昨日[きのう]捨[す]てた,yesterday I threw away; suteta is the past form of suteru meaning to throw away.
明日[あした]出会[であ]う,I will meet tomorrow; deau means to meet.
皆[みんな]で出会[であ]う,all of us emerge and engage; deau also means to emerge and engage.
俺[おれ]が出会[であ]った,I am the one who met; deatta is the past form of deau meaning to meet.
明日[あした]抜[ぬ]ける,I will come out tomorrow; nukeru means to come out.
皆[みんな]で抜[ぬ]ける,all of us fade; nukeru also means to fade.
今[いま]抜[ぬ]ける,now I wear a hole; nukeru also means to wear a hole.
抜[ぬ]けてください,please come out; nukete is the te form of nukeru meaning to come out.
俺[おれ]が抜[ぬ]けられたら,someone came out me; nukeraretara is the past passive form of nukeru meaning to come out.
誰[だれ]も抜[ぬ]けない,nobody will come out; nukenai is the negative form of nukeru meaning to come out.
すごく羨[うらや]ましい,it is really envious; urayamashii means envious.
ちょっと羨[うらや]ましい,it is a bit enviable; urayamashii also means enviable.
とても羨[うらや]ましいです,it is very envious; urayamashiidesu is the polite form of urayamashii meaning envious.
相撲[すもう]じゃない,it is not a sumo; sumou means sumo.
やっぱり相撲[すもう]だ,it is a sumo wrestler after all; sumou also means sumo wrestler.
今[いま]目立[めだ]つ,now I am conspicuous; medatsu means to be conspicuous.
何[なに]も目立[めだ]たない,I am not conspicuous anything; medatanai is the negative form of medatsu meaning to be conspicuous.
皆[みんな]で目立[めだ]たねばいい,it is fine if we all be conspicuous; medataneba is the conditional form of medatsu meaning to be conspicuous.
敗北[はいぼく]がある,there is a defeat; haiboku means defeat.
これからたつ,I will pass from now on; tatsu means to pass.
たってください,please pass; tatte is the te form of tatsu meaning to pass.
これはかなりだ,this one is considerably; kanari means considerably.
ちゃんと休[やす]む,I am absent properly; yasumu means to be absent.
俺[おれ]が休[やす]む,I am the one who will rest; yasumu also means to rest.
明日[あした]休[やす]む,I will go to bed tomorrow; yasumu also means to go to bed.
今[いま]休[やす]んでいる,I am being absent right now; yasundeiru is the progressive form of yasumu meaning to be absent.
休[やす]んでください,please be absent; yasunde is the te form of yasumu meaning to be absent.
大[おお]きな大将[たいしょう]だ,it is a big general; taishou means general.
それは大将[たいしょう]じゃない,that is not a head; taishou also means head.
大将[たいしょう]の事[こと]を言[い]っている,I am talking about an old chap; taishou also means old chap.
それは隙[すき]じゃない,that is not a gap; suki means gap.
隙[すき]の事[こと]を言[い]っている,I am talking about a break; suki also means break.
その隙[すき]が欲[ほ]しい,I want that unguarded moment; suki also means unguarded moment.
これは愚[おろ]かだ,this one is foolish; oroka means foolish.
明日[あした]焼[や]く,I will burn tomorrow; yaku means to burn.
一緒[いっしょ]に焼[や]く,we will roast together; yaku also means to roast.
皆[みんな]で焼[や]く,all of us heat; yaku also means to heat.
皆[みんな]で焼[や]いた,all of us burned; yaita is the past form of yaku meaning to burn.
この領土[りょうど]を知[し]っているか,do you know this territory; ryoudo means territory.
きっちりいい,it is exactly good; kicchiri means exactly.
きっちりした,I did it closely; kicchiri also means closely.
きっちり言[い]った,I said it properly; kicchiri also means properly.
万[まん]が一[いち]した,I did it by some chance; mangaichi means by some chance.
これは万[まん]が一[いち]だ,this is an emergency; mangaichi also means emergency.
よく下[くだ]す,I often make a decision; kudasu means to make a decision.
これから下[くだ]す,I will give a judgement from now on; kudasu also means to give a judgement.
たまに下[くだ]す,I let go down once in a while; kudasu also means to let go down.
本当[ほんとう]の転移[てんい]だ,it is a real moving; teni means moving.
塵[ごみ]じゃない,it is not a rubbish; gomi means rubbish.
やっぱり闘技[とうぎ]だ,it is a competition after all; tougi means competition.
似合[にあ]いがある,there is a well-matched; niai means well-matched.
これは似合[にあ]いです,this is a well-matched; niaidesu is the polite form of niai meaning well-matched.
もはやなった,it turned out already; mohaya means already.
もはやいい,it is no longer good; mohaya also means no longer.
わざわざいい,it is expressly good; wazawaza means expressly.
わざわざした,I did it intentionally; wazawaza also means intentionally.
明日[あした]おびえる,I will become frightened tomorrow; obieru means to become frightened.
もうおびえていた,I was already becoming frightened; obieteita is the past progressive form of obieru meaning to become frightened.
おびえてください,please become frightened; obiete is the te form of obieru meaning to become frightened.
大[おお]きな樹立[じゅりつ]だ,it is a big establishment; juritsu means establishment.
皆[みんな]で捕[と]らえる,all of us catch; toraeru means to catch.
今[いま]捕[と]らえる,now I grasp; toraeru also means to grasp.
よく捕[と]らえる,I often captivate; toraeru also means to captivate.
それを捕[と]らえた,I caught that; toraeta is the past form of toraeru meaning to catch.
そろそろ捕[と]らえよ,let us catch soon; toraeyo is the volitional form of toraeru meaning to catch.
捕[と]らえろ,catch it now; toraero is the imperative form of toraeru meaning to catch.
皆[みんな]中庸[ちゅうよう]だ,everyone is middle way; chuuyou means middle way.
その中庸[ちゅうよう]が欲[ほ]しい,I want that the Doctrine of the Mean; chuuyou also means the Doctrine of the Mean.
きゃあ、分[わ]かった,yikes I understand; kyaa means yikes.
これからまとめる,I will collect from now on; matomeru means to collect.
たまにまとめる,I summarize once in a while; matomeru also means to summarize.
ちゃんとまとめる,I bring to a conclusion properly; matomeru also means to bring to a conclusion.
まとめてください,please collect; matomete is the te form of matomeru meaning to collect.
たまに断[だん]ずる,I conclude once in a while; danzuru means to conclude.
ちゃんと断[だん]ずる,I judge properly; danzuru also means to judge.
断[だん]じてください,please conclude; danjite is the te form of danzuru meaning to conclude.
何[なに]も断[だん]じてない,I do not conclude anything; danjitenai is the negative form of danzuru meaning to conclude.
番[ばん]が必要[ひつよう]だ,a number is needed; ban means number.
これは番[ばん]だ,this is a turn; ban also means turn.
本当[ほんとう]の番[ばん]だ,it is a real watch; ban also means watch.
これは機[き]だ,this is a loom; ki means loom.
本当[ほんとう]の式[しき]だ,it is a real way; shiki means way.
式[しき]じゃない,it is not a ceremony; shiki also means ceremony.
やっぱり式[しき]だ,it is a wedding after all; shiki also means wedding.
戦[いくさ]じゃない,it is not a war; ikusa means war.
やっぱり決定[けってい]だ,it is a decision after all; kettei means decision.
限[かぎ]りがある,there is a limit; kagiri means limit.
限[かぎ]りを見[み]た,I saw a degree; kagiri also means degree.
これは俺[おれ]の限[かぎ]りだ,this is my the end; kagiri also means the end.
展開[てんかい]を見[み]た,I saw a development; tenkai means development.
これは展開[てんかい]です,this is a development; tenkaidesu is the polite form of tenkai meaning development.
時期[じき]なった,it turned out time; jiki means time.
仕方[しかた]とは何[なん]だ,what is a way; shikata means way.
大[おお]きな意見[いけん]だ,it is a big opinion; iken means opinion.
それはテストじゃない,that is not a test; tesuto means test.
テストの事[こと]を言[い]っている,I am talking about a rehearsal; tesuto also means rehearsal.
席[せき]の事[こと]を言[い]っている,I am talking about a seat; seki means seat.
その席[せき]が欲[ほ]しい,I want that location; seki also means location.
この席[せき]を知[し]っているか,do you know this position; seki also means position.
その弟[おとうと]が欲[ほ]しい,I want that younger brother; otouto means younger brother.
この弟[おとうと]を知[し]っているか,do you know this brother-in-law; otouto also means brother-in-law.
この城[しろ]を知[し]っているか,do you know this castle; shiro means castle.
連中[れんちゅう]を探[さが]している,I am looking for a company; renchuu means company.
連中[れんちゅう]が必要[ひつよう]だ,a troupe is needed; renchuu also means troupe.
それは便利[べんり]だ,that one is convenient; benri means convenient.
これは裁判[さいばん]だ,this is a trial; saiban means trial.
本当[ほんとう]の伝説[でんせつ]だ,it is a real legend; densetsu means legend.
事情[じじょう]じゃない,it is not circumstances; jijou means circumstances.
やっぱり建設[けんせつ]だ,it is a construction after all; kensetsu means construction.
強制[きょうせい]がある,there is a compulsion; kyousei means compulsion.
術[すべ]を見[み]た,I saw an art; sube means art.
これは俺[おれ]の術[すべ]だ,this is my means; sube also means means.
術[すべ]とは何[なん]だ,what is a stratagem; sube also means stratagem.
これは俺[おれ]の性能[せいのう]だ,this is my ability; seinou means ability.
それは性能[せいのう]だった,that was an ability; seinoudatta is the past form of seinou meaning ability.
兵[へい]とは何[なん]だ,what is a war; hei means war.
大[おお]きな役割[やくわり]だ,it is a big part; yakuwari means part.
それは真面目[まじめ]じゃない,that is not one's true character; majime means one's true character.
これは真面目[まじめ]です,this one is one's true character; majimedesu is the polite form of majime meaning one's true character.
ダメージの事[こと]を言[い]っている,I am talking about a damage; dameeji means damage.
一瞬[いっしゅん]なった,it turned out instant; isshun means instant.
この水着[みずぎ]を知[し]っているか,do you know this bathing suit; mizugi means bathing suit.
今[いま]上[あ]がる,now I rise; agaru means to rise.
よく上[あ]がる,I often enter; agaru also means to enter.
これから上[あ]がる,I will get out from now on; agaru also means to get out.
犯人[はんにん]が必要[ひつよう]だ,an offender is needed; hannin means offender.
これは解除[かいじょ]だ,this is a termination; kaijo means termination.
本当[ほんとう]の出現[しゅつげん]だ,it is a real appearance; shutsugen means appearance.
心臓[しんぞう]じゃない,it is not a heart; shinzou means heart.
やっぱり心臓[しんぞう]だ,it is guts after all; shinzou also means guts.
やっぱり属性[ぞくせい]だ,it is an attribute after all; zokusei means attribute.
属性[ぞくせい]がある,there is an alignment; zokusei also means alignment.
属性[ぞくせい]を見[み]た,I saw an element; zokusei also means element.
明日[あした]歩[ある]く,I will walk tomorrow; aruku means to walk.
もう歩[ある]いていた,I was already walking; aruiteita is the past progressive form of aruku meaning to walk.
歩[ある]いてください,please walk; aruite is the te form of aruku meaning to walk.
皆[みんな]軽[かる]い,everyone is light; karui means light.
とても軽[かる]い,it is very non-serious; karui also means non-serious.
すごく軽[かる]い,it is really slight; karui also means slight.
これは俺[おれ]の接触[せっしょく]だ,this is my touch; sesshoku means touch.
接触[せっしょく]とは何[なん]だ,what is a tangency; sesshoku also means tangency.
大[おお]きな衣[い]だ,it is a big clothes; i means clothes.
それは衣[い]じゃない,that is not a gown; i also means gown.
衣[い]の事[こと]を言[い]っている,I am talking about a coating; i also means coating.
それは一族[いちぞく]じゃない,that is not a family; ichizoku means family.
一族[いちぞく]の事[こと]を言[い]っている,I am talking about a household; ichizoku also means household.
よく動[うご]かす,I often move; ugokasu means to move.
これから動[うご]かす,I will inspire from now on; ugokasu also means to inspire.
たまに動[うご]かす,I change once in a while; ugokasu also means to change.
その阻止[そし]が欲[ほ]しい,I want that obstruction; soshi means obstruction.
この協定[きょうてい]を知[し]っているか,do you know this arrangement; kyoutei means arrangement.
機嫌[きげん]を探[さが]している,I am looking for a humour; kigen means humour.
機嫌[きげん]が必要[ひつよう]だ,a safety is needed; kigen also means safety.
合流[ごうりゅう]が必要[ひつよう]だ,a confluence is needed; gouryuu means confluence.
これは恩[おん]だ,this is a favour; on means favour.
本当[ほんとう]の恩[おん]だ,it is a real kindness; on also means kindness.
明日[あした]迷[まよ]う,I will lose one's way tomorrow; mayou means to lose one's way.
皆[みんな]で迷[まよ]う,all of us waver; mayou also means to waver.
今[いま]迷[まよ]う,now I am captivated; mayou also means to be captivated.
もう迷[まよ]っていた,I was already losing one's way; mayotteita is the past progressive form of mayou meaning to lose one's way.
もう迷[まよ]った,I already lost one's way; mayotta is the past form of mayou meaning to lose one's way.
明日[あした]付[つ]き合[あ]う,I will associate with tomorrow; tsukiau means to associate with.
皆[みんな]で付[つ]き合[あ]う,all of us go along with; tsukiau also means to go along with.
つきあってください,please associate with; tsukiatte is the te form of tsukiau meaning to associate with.
皆[みんな]で疲[つか]れる,all of us get tired; tsukareru means to get tired.
今[いま]疲[つか]れる,now I become worn out; tsukareru also means to become worn out.
もう疲[つか]れた,I already got tired; tsukareta is the past form of tsukareru meaning to get tired.
皆[みんな]で潰[つぶ]す,all of us smash; tsubusu means to smash.
今[いま]潰[つぶ]す,now I shut down; tsubusu also means to shut down.
よく潰[つぶ]す,I often wreck; tsubusu also means to wreck.
今[いま]抱[いだ]く,now I hold in one's arms; idaku means to hold in one's arms.
よく抱[いだ]く,I often have; idaku also means to have.
俺[おれ]が抱[いだ]かれる,someone holds in one's arms me; idakareru is the passive form of idaku meaning to hold in one's arms.
もう抱[いだ]いていた,I was already holding in one's arms; idaiteita is the past progressive form of idaku meaning to hold in one's arms.
あいつに抱[いだ]かせて,I will make that guy hold in one's arms; idakasete is the causative form of idaku meaning to hold in one's arms.
もう抱[いだ]いた,I already held in one's arms; idaita is the past form of idaku meaning to hold in one's arms.
皆[みんな]退屈[たいくつ]だ,everyone is tedious; taikutsu means tedious.
これから問[と]う,I will ask from now on; tou means to ask.
たまに問[と]う,I blame for once in a while; tou also means to blame for.
ちゃんと問[と]う,I care about properly; tou also means to care about.
俺[おれ]が問[と]われていた,someone asked me; towareteita is the past passive form of tou meaning to ask.
転[てん]言[い]った,I said it turning around; ten means turning around.
それは転[てん]じゃない,that is not a flail; ten also means flail.
これが是[ぜ]だ,this is here; ze means here.
鳴[な]き声[ごえ]の事[こと]を言[い]っている,I am talking about a cry; nakigoe means cry.
それを築[きず]く,I will build that; kizuku means to build.
何[なに]を築[きず]くのか,what do you build up; kizuku also means to build up.
何[なに]も築[きず]けない,I do not build anything; kizukenai is the negative form of kizuku meaning to build.
それを築[きず]きたい,I want to build that; kizukitai is the desiderative form of kizuku meaning to build.
何[なに]を控[ひか]えるのか,what do you be temperate in; hikaeru means to be temperate in.
明日[あした]控[ひか]える,I will make notes tomorrow; hikaeru also means to make notes.
皆[みんな]で控[ひか]える,all of us am in preparation for; hikaeru also means to be in preparation for.
早[はや]く控[ひか]えよ,be temperate in quickly; hikaeyo is the imperative form of hikaeru meaning to be temperate in.
明日[あした]攻[せ]める,I will attack tomorrow; semeru means to attack.
一緒[いっしょ]に攻[せ]める,we will challenge together; semeru also means to challenge.
皆[みんな]で攻[せ]める,all of us am bold; semeru also means to be bold.
もう攻[せ]めてきた,I was already attacking; semetekita is the past progressive form of semeru meaning to attack.
今[いま]攻[せ]めてくる,I am attacking right now; semetekuru is the progressive form of semeru meaning to attack.
一緒[いっしょ]に攻[せ]めよう,let us attack together; semeyou is the volitional form of semeru meaning to attack.
一緒[いっしょ]に見逃[みのが]す,we will miss together; minogasu means to miss.
皆[みんな]で見逃[みのが]す,all of us let pass; minogasu also means to let pass.
今[いま]見逃[みのが]す,now I pass up; minogasu also means to pass up.
見逃[みのが]してください,please miss; minogashite is the te form of minogasu meaning to miss.
昨日[きのう]見逃[みのが]した,yesterday I missed; minogashita is the past form of minogasu meaning to miss.
これは用心[ようじん]だ,this is a care; youjin means care.
本当[ほんとう]の伝言[でんごん]だ,it is a real message; dengon means message.
これは伝言[でんごん]です,this is a message; dengondesu is the polite form of dengon meaning message.
よく集[つど]う,I often meet; tsudou means to meet.
皆[みんな]無礼[ぶれい]だ,everyone is rudeness; burei means rudeness.
これは無礼[ぶれい]です,this is a rudeness; bureidesu is the polite form of burei meaning rudeness.
たまに受[う]け継[つ]ぐ,I inherit once in a while; uketsugu means to inherit.
もう受[う]け継[つ]いだ,I already inheritted; uketsuida is the past form of uketsugu meaning to inherit.
俺[おれ]が受[う]け継[つ]がれる,someone inherits me; uketsugareru is the passive form of uketsugu meaning to inherit.
一緒[いっしょ]に受[う]け継[つ]ごう,let us inherit together; uketsugou is the volitional form of uketsugu meaning to inherit.
すごく阿呆[あほ]だ,it is really fool; aho means fool.
ますますなった,it turned out increasingly; masumasu means increasingly.
ますますいい,it is decreasingly good; masumasu also means decreasingly.
侯爵[こうしゃく]とは何[なん]だ,what is marquis; koushaku means marquis.
大[おお]きな御意[ぎょい]だ,it is a big your will; gyoi means your will.
明日[あした]見[み]せ付[つ]ける,I will make a display of tomorrow; misetsukeru means to make a display of.
見[み]せつけてください,please make a display of; misetsukete is the te form of misetsukeru meaning to make a display of.
俺[おれ]が見[み]せつけた,I am the one who made a display of; misetsuketa is the past form of misetsukeru meaning to make a display of.
皆[みんな]で捲[まく]る,all of us turn up; makuru means to turn up.
まくってください,please turn up; makutte is the te form of makuru meaning to turn up.
昨日[きのう]まくった,yesterday I turned up; makutta is the past form of makuru meaning to turn up.
とても忌[い]ま忌[い]ましい,it is very annoying; imaimashii means annoying.
たとえ言[い]った,I said it even if; tatoe means even if.
コレウスが必要[ひつよう]だ,coleus is needed; koreusu means coleus.
本当[ほんとう]のてまえだ,it is a real before oneself; temae means before oneself.
てまえがやる,I will do it; temae also means I.
これがてまえだ,this is you; temae also means you.
法[ほう]じゃない,it is not a rule; hou means rule.
やっぱり法[ほう]だ,it is a model after all; hou also means model.
法[ほう]がある,there is teachings of Buddha; hou also means teachings of Buddha.
やっぱり服[ふく]だ,it is clothes after all; fuku means clothes.
倍[ばい]がある,there is a double; bai means double.
意識[いしき]を見[み]た,I saw a consciousness; ishiki means consciousness.
これは俺[おれ]の組織[そしき]だ,this is my organization; soshiki means organization.
組織[そしき]とは何[なん]だ,what is a system; soshiki also means system.
大[おお]きな組織[そしき]だ,it is a big tissue; soshiki also means tissue.
大[おお]きな位置[いち]だ,it is a big place; ichi means place.
それは位置[いち]じゃない,that is not a position; ichi also means position.
それは出会[であ]いじゃない,that is not a meeting; deai means meeting.
出会[であ]いの事[こと]を言[い]っている,I am talking about a meeting for the first time; deai also means meeting for the first time.
その出会[であ]いが欲[ほ]しい,I want that confluence; deai also means confluence.
変化[へんか]の事[こと]を言[い]っている,I am talking about a change; henka means change.
その変化[へんか]が欲[ほ]しい,I want that variety; henka also means variety.
ちょっと美[うつく]しい,it is a bit beautiful; utsukushii means beautiful.
この謎[なぞ]を知[し]っているか,do you know this riddle; nazo means riddle.
謎[なぞ]を探[さが]している,I am looking for an enigmatic; nazo also means enigmatic.
この正[ただ]しいやつだ,it is this right one; tadashii means right.
皆[みんな]正[ただ]しい,everyone is proper; tadashii also means proper.
とても正[ただ]しかった,it was very right; tadashikatta is the past form of tadashii meaning right.
食[しょく]が必要[ひつよう]だ,a food is needed; shoku means food.
これは食[しょく]だ,this is an eating; shoku also means eating.
これは帰[かえ]りだ,this is a return; kaeri means return.
本当[ほんとう]の普段[ふだん]だ,it is a real usual; fudan means usual.
殺[ころ]しじゃない,it is not a murder; koroshi means murder.
やっぱり権利[けんり]だ,it is a right after all; kenri means right.
雪[ゆき]がある,there is a snow; yuki means snow.
皆[みんな]不思議[ふしぎ]だ,everyone is wonderful; fushigi means wonderful.
これは不思議[ふしぎ]です,this is a wonderful; fushigidesu is the polite form of fushigi meaning wonderful.
これは俺[おれ]の爆発[ばくはつ]だ,this is my explosion; bakuhatsu means explosion.
空気[くうき]とは何[なん]だ,what is an air; kuuki means air.
大[おお]きな空気[くうき]だ,it is a big mood; kuuki also means mood.
それは空気[くうき]じゃない,that is not a someone with no presence; kuuki also means someone with no presence.
大[おお]きな立場[たちば]だ,it is a big position; tachiba means position.
それは立場[たちば]じゃない,that is not a viewpoint; tachiba also means viewpoint.
それは作成[さくせい]じゃない,that is not a making; sakusei means making.
派遣[はけん]の事[こと]を言[い]っている,I am talking about a dispatch; haken means dispatch.
その派遣[はけん]が欲[ほ]しい,I want that temporary employee; haken also means temporary employee.
その強化[きょうか]が欲[ほ]しい,I want that strengthening; kyouka means strengthening.
はっきりなった,it turned out clearly; hakkiri means clearly.
交流[こうりゅう]を探[さが]している,I am looking for an exchange; kouryuu means exchange.
交流[こうりゅう]が必要[ひつよう]だ,an alternating current is needed; kouryuu also means alternating current.
座[ざ]が必要[ひつよう]だ,a seat is needed; za means seat.
これは座[ざ]だ,this is a position; za also means position.
本当[ほんとう]の座[ざ]だ,it is a real gathering; za also means gathering.
これは発展[はってん]だ,this is a development; hatten means development.
本当[ほんとう]の兵器[へいき]だ,it is a real arms; heiki means arms.
確率[かくりつ]じゃない,it is not a probability; kakuritsu means probability.
やっぱり教会[きょうかい]だ,it is a church after all; kyoukai means church.
クリスマスがある,there is Christmas; kurisumasu means Christmas.
整備[せいび]を見[み]た,I saw a maintenance; seibi means maintenance.
元々[もともと]いい,it is originally good; motomoto means originally.
この赤[あか]いやつだ,it is this red one; akai means red.
明日[あした]送[おく]る,I will send tomorrow; okuru means to send.
一緒[いっしょ]に送[おく]る,we will see off together; okuru also means to see off.
皆[みんな]で送[おく]る,all of us bid farewell to; okuru also means to bid farewell to.
送[おく]ってください,please send; okutte is the te form of okuru meaning to send.
それは扉[とびら]じゃない,that is not a door; tobira means door.
扉[とびら]の事[こと]を言[い]っている,I am talking about a title page; tobira also means title page.
同[おな]じくいい,it is in the same way good; onajiku means in the same way.
その一言[ひとこと]が欲[ほ]しい,I want that single word; hitokoto means single word.
この絶望[ぜつぼう]を知[し]っているか,do you know this despair; zetsubou means despair.
この危[あぶ]ないやつだ,it is this dangerous one; abunai means dangerous.
皆[みんな]危[あぶ]ない,everyone is in danger; abunai also means in danger.
とても危[あぶ]ない,it is very uncertain; abunai also means uncertain.
回避[かいひ]が必要[ひつよう]だ,an evasion is needed; kaihi means evasion.
大体[だいたい]した,I did it generally; daitai means generally.
本当[ほんとう]の大体[だいたい]だ,it is a real general; daitai also means general.
大体[だいたい]じゃない,it is not an outline; daitai also means outline.
すごく珍[めずら]しい,it is really rare; mezurashii means rare.
ちょっと珍[めずら]しい,it is a bit new; mezurashii also means new.
それは珍[めずら]しい,that one is fine; mezurashii also means fine.
争[あらそ]いじゃない,it is not a fight; arasoi means fight.
やっぱり争[あらそ]いだ,it is a competition after all; arasoi also means competition.
やっぱり排除[はいじょ]だ,it is an exclusion after all; haijo means exclusion.
今更[いまさら]した,I did it now; imasara means now.
今更[いまさら]言[い]った,I said it afresh; imasara also means afresh.
ほとんど言[い]った,I said it almost; hotondo means almost.
これは俺[おれ]のほとんどだ,this is my large majority; hotondo also means large majority.
皆[みんな]で防[ふせ]ぐ,all of us defend against; fusegu means to defend against.
今[いま]防[ふせ]ぐ,now I prevent; fusegu also means to prevent.
死体[したい]とは何[なん]だ,what is a dead body; shitai means dead body.
よく取[と]れる,I often come off; toreru means to come off.
これから取[と]れる,I will go away from now on; toreru also means to go away.
ちゃんと取[と]れる,I am harvested properly; toreru also means to be harvested.
今[いま]採[と]れます,now I come off; toremasu is the polite form of toreru meaning to come off.
昨日[きのう]採[と]れた,yesterday I came off; toreta is the past form of toreru meaning to come off.
それはマジックじゃない,that is not a magic; majikku means magic.
マジックの事[こと]を言[い]っている,I am talking about a Magic Marker; majikku also means Magic Marker.
そのマジックが欲[ほ]しい,I want that magic number; majikku also means magic number.
復讐[ふくしゅう]の事[こと]を言[い]っている,I am talking about a revenge; fukushuu means revenge.
皆[みんな]すい,everyone is sour; sui means sour.
この魔族[まぞく]を知[し]っているか,do you know this class of demons; mazoku means class of demons.
少々[しょうしょう]言[い]った,I said it a little; shoushou means a little.
通話[つうわ]が必要[ひつよう]だ,a telephone call is needed; tsuuwa means telephone call.
これはせりふだ,this is a line; serifu means line.
本当[ほんとう]のせりふだ,it is a real comment; serifu also means comment.
せりふじゃない,it is not a stock phrase; serifu also means stock phrase.
一緒[いっしょ]に誇[ほこ]る,we will boast of together; hokoru means to boast of.
すごくレアだ,it is really rare; rea means rare.
やっぱり干渉[かんしょう]だ,it is an interference after all; kanshou means interference.
よく光[ひか]る,I often shine; hikaru means to shine.
これから祈[いの]る,I will pray from now on; inoru means to pray.
たまに祈[いの]る,I wish once in a while; inoru also means to wish.
それを祈[いの]った,I prayed that; inotta is the past form of inoru meaning to pray.
俺[おれ]のために祈[いの]ってください,please pray for me; inotte is the te form of inoru meaning to pray.
これは俺[おれ]の威力[いりょく]だ,this is my power; iryoku means power.
大物[おおもの]とは何[なん]だ,what is an important person; oomono means important person.
大[おお]きな大物[おおもの]だ,it is a big big thing; oomono also means big thing.
これは大物[おおもの]です,this is an important person; oomonodesu is the polite form of oomono meaning important person.
大[おお]きな役目[やくめ]だ,it is a big duty; yakume means duty.
それを通[とお]す,I will let pass that; toosu means to let pass.
何[なに]を通[とお]すのか,what do you transmit; toosu also means to transmit.
明日[あした]通[とお]す,I will stick through tomorrow; toosu also means to stick through.
俺[おれ]のために通[とお]してください,please let pass for me; tooshite is the te form of toosu meaning to let pass.
何[なに]を誘[さそ]うのか,what do you invite; sasou means to invite.
明日[あした]誘[さそ]う,I will tempt tomorrow; sasou also means to tempt.
一緒[いっしょ]に誘[さそ]う,we will induce together; sasou also means to induce.
昨日[きのう]誘[さそ]った,yesterday I invited; sasotta is the past form of sasou meaning to invite.
誰[だれ]も誘[さそ]わない,nobody will invite; sasowanai is the negative form of sasou meaning to invite.
その通行[つうこう]が欲[ほ]しい,I want that passage; tsuukou means passage.
皆[みんな]無用[むよう]だ,everyone is useless; muyou means useless.
これは無用[むよう]です,this is an useless; muyoudesu is the polite form of muyou meaning useless.
一撃[いちげき]を探[さが]している,I am looking for one blow; ichigeki means one blow.
楓[かえで]が必要[ひつよう]だ,a maple is needed; kaede means maple.
よく生[う]み出[だ]す,I often create; umidasu means to create.
これから生[う]み出[だ]す,I will invent from now on; umidasu also means to invent.
たまに生[う]み出[だ]す,I give birth to once in a while; umidasu also means to give birth to.
皆[みんな]で生[う]み出[だ]せばいい,it is fine if we all create; umidaseba is the conditional form of umidasu meaning to create.
皆[みんな]で生[う]み出[だ]した,all of us created; umidashita is the past form of umidasu meaning to create.
俺[おれ]が生[う]み出[だ]された,someone created me; umidasareta is the past passive form of umidasu meaning to create.
これから加[くわ]わる,I will be added to from now on; kuwawaru means to be added to.
ちゃんと加[くわ]わる,I join in properly; kuwawaru also means to join in.
俺[おれ]が加[くわ]わる,I am the one who will increase; kuwawaru also means to increase.
もう加[くわ]わった,I already was added to; kuwawatta is the past form of kuwawaru meaning to be added to.
加[くわ]わってください,please be added to; kuwawatte is the te form of kuwawaru meaning to be added to.
たまに放[はな]つ,I fire once in a while; hanatsu means to fire.
ちゃんと放[はな]つ,I set free properly; hanatsu also means to set free.
俺[おれ]が放[はな]つ,I am the one who will emit; hanatsu also means to emit.
皆[みんな]に放[はな]たれる,everyone fires me; hanatareru is the passive form of hanatsu meaning to fire.
ちゃんと絡[から]む,I twine properly; karamu means to twine.
俺[おれ]が絡[から]む,I am the one who will be involved; karamu also means to be involved.
明日[あした]絡[から]む,I will pick a quarrel tomorrow; karamu also means to pick a quarrel.
今[いま]絡[から]んでいる,I am twining right now; karandeiru is the progressive form of karamu meaning to twine.
この固[かた]いやつだ,it is this hard one; katai means hard.
皆[みんな]固[かた]い,everyone is stiff; katai also means stiff.
とても固[かた]い,it is very strong; katai also means strong.
馬車[ばしゃ]を見[み]た,I saw a coach; basha means coach.
これは俺[おれ]の獲物[えもの]だ,this is my prey; emono means prey.
獲物[えもの]とは何[なん]だ,what is spoils; emono also means spoils.
ほほうとは何[なん]だ,what is a horse gait; hohou means horse gait.
ひょっとなった,it turned out possibly; hyotto means possibly.
ひょっといい,it is unintentionally good; hyotto also means unintentionally.
皆[みんな]で焦[あせ]る,all of us am in a hurry; aseru means to be in a hurry.
今[いま]焦[あせ]る,now I get a fright; aseru also means to get a fright.
俺[おれ]が焦[あせ]った,I am the one who was in a hurry; asetta is the past form of aseru meaning to be in a hurry.
あの時[とき]焦[あせ]っておりました,I was being in a hurry back then; asetteorimashita is the past progressive form of aseru meaning to be in a hurry.
焦[あせ]ってください,please be in a hurry; asette is the te form of aseru meaning to be in a hurry.
もったいの事[こと]を言[い]っている,I am talking about a superior airs; mottai means superior airs.
そのもったいが欲[ほ]しい,I want that overemphasis; mottai also means overemphasis.
その堕落[だらく]が欲[ほ]しい,I want that depravity; daraku means depravity.
この見所[みどころ]を知[し]っているか,do you know this point worthy of note; midokoro means point worthy of note.
見所[みどころ]を探[さが]している,I am looking for a promise; midokoro also means promise.
そうそういい,it is so much good; sousou means so much.
そうそう、分[わ]かった,oh I understand; sousou also means oh.
そうそう,that's right; sousou also means that's right.
鍛冶[たんや]が必要[ひつよう]だ,a blacksmithing is needed; tanya means blacksmithing.
これは鍛冶[たんや]だ,this is a blacksmith; tanya also means blacksmith.
むしろ言[い]った,I said it rather; mushiro means rather.
本当[ほんとう]の落[お]とし穴[あな]だ,it is a real pitfall; otoshiana means pitfall.
何[なに]を刻[きざ]むのか,what do you mince; kizamu means to mince.
明日[あした]刻[きざ]む,I will carve tomorrow; kizamu also means to carve.
一緒[いっしょ]に刻[きざ]む,we will tick away together; kizamu also means to tick away.
俺[おれ]が刻[きざ]まれた,someone minced me; kizamareta is the past passive form of kizamu meaning to mince.
皆[みんな]に刻[きざ]まれる,everyone minces me; kizamareru is the passive form of kizamu meaning to mince.
やっぱり湿地[しっち]だ,it is a damp ground after all; shicchi means damp ground.
餓鬼[がき]がある,there is a brat; gaki means brat.
餓鬼[がき]を見[み]た,I saw a preta; gaki also means preta.
用件[ようけん]を見[み]た,I saw a business; youken means business.
これは俺[おれ]の客人[きゃくじん]だ,this is my caller; kyakujin means caller.
覇気[はき]とは何[なん]だ,what is a spirit; haki means spirit.
大[おお]きな覇気[はき]だ,it is a big ambition; haki also means ambition.
大[おお]きな原初[げんしょ]だ,it is a big origin; gensho means origin.
それはしゅっじゃない,that is not a master; shut means master.
不可侵[ふかしん]の事[こと]を言[い]っている,I am talking about an inviolability; fukashin means inviolability.
これはでたらめだ,this one is nonsense; detarame means nonsense.
何[なに]とぞ言[い]った,I said it please; nanitozo means please.
何[なに]とぞなった,it turned out by all means; nanitozo also means by all means.
おはよう、分[わ]かった,good morning I understand; ohayou means good morning.
クルセイダーが必要[ひつよう]だ,a crusader is needed; kuruseida means crusader.
一緒[いっしょ]に心得[こころえ]る,we will know together; kokoroeru means to know.
皆[みんな]で心得[こころえ]る,all of us accept; kokoroeru also means to accept.
今[いま]心得[こころえ]る,now I have a knowledge of; kokoroeru also means to have a knowledge of.
もう心得[こころえ]ました,I already knew; kokoroemashita is the polite past form of kokoroeru meaning to know.
皆[みんな]で心得[こころえ]た,all of us knew; kokoroeta is the past form of kokoroeru meaning to know.
それを心得[こころえ]ております,I am knowing that; kokoroeteorimasu is the progressive form of kokoroeru meaning to know.
本当[ほんとう]の銀嶺[ぎんれい]だ,it is a real silvery; ginrei means silvery.
女性[じょせい]じゃない,it is not a woman; josei means woman.
やっぱり女性[じょせい]だ,it is a feminine gender after all; josei also means feminine gender.
やっぱり生活[せいかつ]だ,it is a life after all; seikatsu means life.
生活[せいかつ]がある,there is a livelihood; seikatsu also means livelihood.
内容[ないよう]がある,there is contents; naiyou means contents.
率[りつ]を見[み]た,I saw a rate; ritsu means rate.
一部[いちぶ]なった,it turned out one part; ichibu means one part.
一部[いちぶ]とは何[なん]だ,what is one copy; ichibu also means one copy.
評価[ひょうか]とは何[なん]だ,what is a valuation; hyouka means valuation.
大[おお]きな代表[だいひょう]だ,it is a big representation; daihyou means representation.
それは代表[だいひょう]じゃない,that is not a leader; daihyou also means leader.
代表[だいひょう]の事[こと]を言[い]っている,I am talking about a switchboard number; daihyou also means switchboard number.
それは契約[けいやく]じゃない,that is not a contract; keiyaku means contract.
明日[あした]買[か]う,I will buy tomorrow; kau means to buy.
一緒[いっしょ]に買[か]う,we will value together; kau also means to value.
皆[みんな]で買[か]う,all of us incur; kau also means to incur.
それを買[か]っている,I am buying that; katteiru is the progressive form of kau meaning to buy.
買[か]ってください,please buy; katte is the te form of kau meaning to buy.
その解決[かいけつ]が欲[ほ]しい,I want that settlement; kaiketsu means settlement.
この想像[そうぞう]を知[し]っているか,do you know this imagination; souzou means imagination.
自動[じどう]を探[さが]している,I am looking for an automatic; jidou means automatic.
自動[じどう]が必要[ひつよう]だ,an intransitive verb is needed; jidou also means intransitive verb.
それは不明[ふめい]だ,that one is unclear; fumei means unclear.
これは不明[ふめい]だ,this is an ignorance; fumei also means ignorance.
これは不明[ふめい]です,this is an unclear; fumeidesu is the polite form of fumei meaning unclear.
これはとどめだ,this is a finishing blow; todome means finishing blow.
本当[ほんとう]の作業[さぎょう]だ,it is a real work; sagyou means work.
自己[じこ]じゃない,it is not a self; jiko means self.
やっぱり満足[まんぞく]だ,it is a satisfaction after all; manzoku means satisfaction.
瞬間[しゅんかん]がある,there is a moment; shunkan means moment.
小[ちい]さなやつだ,it is small one; chiisana means small.
一杯[いっぱい]とは何[なん]だ,what is one drink; ippai also means one drink.
大[おお]きな一杯[いっぱい]だ,it is a big one; ippai also means one.
冬[ふゆ]なった,it turned out winter; fuyu means winter.
大[おお]きな維持[いじ]だ,it is a big maintenance; iji means maintenance.
これは確実[かくじつ]だ,this one is certain; kakujitsu means certain.
血[ち]の事[こと]を言[い]っている,I am talking about a blood; chi means blood.
その魚[さかな]が欲[ほ]しい,I want that fish; sakana means fish.
内部[ないぶ]を探[さが]している,I am looking for an interior; naibu means interior.
温泉[おんせん]が必要[ひつよう]だ,a hot spring is needed; onsen means hot spring.
これは温泉[おんせん]だ,this is an onsen; onsen also means onsen.
これは歓迎[かんげい]だ,this is a welcome; kangei means welcome.
皆[みんな]最悪[さいあく]だ,everyone is worst; saiaku means worst.
これは緊急[きんきゅう]だ,this one is urgency; kinkyuu means urgency.
やっぱりびっくりだ,it is a to be surprised after all; bikkuri means to be surprised.
びっくりがある,there is a surprise; bikkuri also means surprise.
エリアがある,there is an area; eria means area.
皆[みんな]苦手[にがて]だ,everyone is poor; nigate means poor.
それは苦手[にがて]だった,that was a poor; nigatedatta is the past form of nigate meaning poor.
これは俺[おれ]の崩壊[ほうかい]だ,this is my collapse; houkai means collapse.
すごく特殊[とくしゅ]だ,it is really special; tokushu means special.
大[おお]きな装備[そうび]だ,it is a big equipment; soubi means equipment.
それは理想[りそう]じゃない,that is not an ideal; risou means ideal.
これは完璧[かんぺき]だ,this one is perfect; kampeki means perfect.
その飯[めし]が欲[ほ]しい,I want that cooked rice; meshi means cooked rice.
この飯[めし]を知[し]っているか,do you know this meal; meshi also means meal.
飯[めし]を探[さが]している,I am looking for one's living; meshi also means one's living.
この知[し]り合[あ]いを知[し]っているか,do you know this acquaintance; shiriai means acquaintance.
再現[さいげん]を探[さが]している,I am looking for a reappearance; saigen means reappearance.
これは静[しず]かだ,this one is quiet; shizuka means quiet.
すごく静[しず]かだ,it is really slow; shizuka also means slow.
それは静[しず]かだ,that one is calm; shizuka also means calm.
本当[ほんとう]の任務[にんむ]だ,it is a real duty; nimmu means duty.
出発[しゅっぱつ]じゃない,it is not a departure; shuppatsu means departure.
とても遠[とお]い,it is very far; tooi means far.
すごく遠[とお]い,it is really distant; tooi also means distant.
ちょっと遠[とお]い,it is a bit hard; tooi also means hard.
各地[かくち]がある,there is an each place; kakuchi means each place.
これは俺[おれ]のセルだ,this is my cell; seru means cell.
セルとは何[なん]だ,what is a serge; seru also means serge.
大[おお]きなセルだ,it is a big cel; seru also means cel.
死者[ししゃ]とは何[なん]だ,what is a dead person; shisha means dead person.
すごく慎重[しんちょう]だ,it is really careful; shinchou means careful.
それは防御[ぼうぎょ]じゃない,that is not a defense; bougyo means defense.
本音[ほんね]の事[こと]を言[い]っている,I am talking about a real intention; honne means real intention.
これは本音[ほんね]です,this is a real intention; honnedesu is the polite form of honne meaning real intention.
皆[みんな]で流[なが]す,all of us drain; nagasu means to drain.
今[いま]流[なが]す,now I float; nagasu also means to float.
よく流[なが]す,I often wash away; nagasu also means to wash away.
皆[みんな]で流[なが]した,all of us drained; nagashita is the past form of nagasu meaning to drain.
この条約[じょうやく]を知[し]っているか,do you know this treaty; jouyaku means treaty.
収穫[しゅうかく]を探[さが]している,I am looking for a harvest; shuukaku means harvest.
収穫[しゅうかく]が必要[ひつよう]だ,fruits is needed; shuukaku also means fruits.
のんびりいい,it is at leisure good; nombiri means at leisure.
たまに直[なお]す,I repair once in a while; naosu means to repair.
ちゃんと直[なお]す,I change properly; naosu also means to change.
俺[おれ]が直[なお]す,I am the one who will put back; naosu also means to put back.
俺[おれ]のために直[なお]してください,please repair for me; naoshite is the te form of naosu meaning to repair.
すごく忠実[ちゅうじつ]だ,it is really faithful; chuujitsu means faithful.
話[はな]し合[あ]いじゃない,it is not a discussion; hanashiai means discussion.
それを壊[こわ]す,I will break that; kowasu means to break.
何[なに]を壊[こわ]すのか,what do you wreck; kowasu also means to wreck.
もう壊[こわ]した,I already broke; kowashita is the past form of kowasu meaning to break.
評議[ひょうぎ]がある,there is a conference; hyougi means conference.
明日[あした]満[み]たす,I will satisfy tomorrow; mitasu means to satisfy.
一緒[いっしょ]に満[み]たす,we will fill together; mitasu also means to fill.
皆[みんな]に満[み]たされる,everyone satisfies me; mitasareru is the passive form of mitasu meaning to satisfy.
満[み]たせばいい,it is fine if I satisfy; mitaseba is the conditional form of mitasu meaning to satisfy.
これは俺[おれ]の薔薇[ばら]だ,this is my rose; bara means rose.
すごく悔[くや]しい,it is really frustrated; kuyashii means frustrated.
今[いま]借[か]りる,now I borrow; kariru means to borrow.
よく借[か]りる,I often rent; kariru also means to rent.
これから借[か]りる,I will make use of from now on; kariru also means to make use of.
俺[おれ]のために借[か]りてください,please borrow for me; karite is the te form of kariru meaning to borrow.
それは大国[たいこく]じゃない,that is not a large country; taikoku means large country.
大国[たいこく]の事[こと]を言[い]っている,I am talking about a province of the highest rank; taikoku also means province of the highest rank.
愚痴[ぐち]の事[こと]を言[い]っている,I am talking about an idle complaint; guchi means idle complaint.
その諸君[しょくん]が欲[ほ]しい,I want that you; shokun means you.
ちゃんと終[お]える,I finish properly; oeru means to finish.
俺[おれ]が終[お]える,I am the one who will graduate; oeru also means to graduate.
皆[みんな]で終[お]えた,all of us finished; oeta is the past form of oeru meaning to finish.
俺[おれ]のために終[お]えてください,please finish for me; oete is the te form of oeru meaning to finish.
俺[おれ]が破[やぶ]る,I am the one who will divide; yaburu means to divide.
それを破[やぶ]る,I will cut that; yaburu also means to cut.
何[なに]を破[やぶ]るのか,what do you break; yaburu also means to break.
俺[おれ]が破[やぶ]った,I am the one who divided; yabutta is the past form of yaburu meaning to divide.
俺[おれ]のために破[やぶ]ってください,please divide for me; yabutte is the te form of yaburu meaning to divide.
ナレーションが必要[ひつよう]だ,a narration is needed; nareeshon means narration.
これは蘇生[そせい]だ,this is a revival; sosei means revival.
本当[ほんとう]の思惑[おもわく]だ,it is a real expectation; omowaku means expectation.
思惑[おもわく]じゃない,it is not a purpose; omowaku also means purpose.
やっぱり思惑[おもわく]だ,it is an others' opinions of one after all; omowaku also means others' opinions of one.
村人[むらびと]じゃない,it is not a villager; murabito means villager.
やっぱりデスだ,it is a death after all; desu means death.
デスがある,there is a death metal; desu also means death metal.
今[いま]鍛[きた]える,now I forge; kitaeru means to forge.
よく鍛[きた]える,I often drill; kitaeru also means to drill.
俺[おれ]のために鍛[きた]えてください,please forge for me; kitaete is the te form of kitaeru meaning to forge.
教[おし]え子[ご]を見[み]た,I saw one's student; oshiego means one's student.
これは俺[おれ]の異論[いろん]だ,this is my different opinion; iron means different opinion.
たまに整[ととの]える,I put in order once in a while; totonoeru means to put in order.
ちゃんと整[ととの]える,I get ready properly; totonoeru also means to get ready.
俺[おれ]が整[ととの]える,I am the one who will adjust; totonoeru also means to adjust.
ちゃんと収[おさ]める,I put properly; osameru means to put.
俺[おれ]が収[おさ]める,I am the one who will include; osameru also means to include.
それを収[おさ]める,I will achieve that; osameru also means to achieve.
あの時[とき]納[おさ]めてきた,I was putting back then; osametekita is the past progressive form of osameru meaning to put.
それは鱗[うろこ]じゃない,that is not a scale; uroko means scale.
鱗[うろこ]の事[こと]を言[い]っている,I am talking about a serif ); uroko also means serif ).
威圧[いあつ]の事[こと]を言[い]っている,I am talking about a coercion; iatsu means coercion.
それは未練[みれん]だ,that one is lingering attachment; miren means lingering attachment.
それは頼[たの]もしい,that one is reliable; tanomoshii means reliable.
この頼[たの]もしいやつだ,it is this hopeful one; tanomoshii also means hopeful.
とても頼[たの]もしいです,it is very reliable; tanomoshiidesu is the polite form of tanomoshii meaning reliable.
一緒[いっしょ]に恨[うら]む,we will bear a grudge against together; uramu means to bear a grudge against.
皆[みんな]に恨[うら]まれる,everyone bears a grudge against me; uramareru is the passive form of uramu meaning to bear a grudge against.
皆[みんな]で足[た]る,all of us am sufficient; taru means to be sufficient.
今[いま]足[た]る,now I am worth doing; taru also means to be worth doing.
よく足[た]る,I often do; taru also means to do.
それは朧[おぼろ]だ,that one is hazy; oboro means hazy.
よく預[あず]かる,I often look after; azukaru means to look after.
これから預[あず]かる,I will be put in charge of from now on; azukaru also means to be put in charge of.
たまに預[あず]かる,I withhold once in a while; azukaru also means to withhold.
今[いま]預[あず]かっている,I am looking after right now; azukatteiru is the progressive form of azukaru meaning to look after.
もう預[あず]かっていた,I was already looking after; azukatteita is the past progressive form of azukaru meaning to look after.
これから近付[ちかづ]く,I will approach from now on; chikazuku means to approach.
ちゃんと近付[ちかづ]く,I get acquainted with properly; chikazuku also means to get acquainted with.
今[いま]近[ちか]づいています,I am approaching right now; chikazuiteimasu is the progressive form of chikazuku meaning to approach.
ちゃんとびびる,I feel nervous properly; bibiru means to feel nervous.
俺[おれ]がびびる,I am the one who will be startled; bibiru also means to be startled.
ビビってください,please feel nervous; bibitte is the te form of bibiru meaning to feel nervous.
あやかしがある,there is a something strange or suspicious; ayakashi means something strange or suspicious.
俺[おれ]が見掛[みか]ける,I am the one who will see; mikakeru means to see.
まだ見[み]かけなかった,I had not seen yet; mikakenakatta is the past negative form of mikakeru meaning to see.
それを見[み]かけません,I will see that; mikakemasen is the polite form of mikakeru meaning to see.
いかにした,I did it how; ikani means how.
いかに言[い]った,I said it however; ikani also means however.
何[なに]をもたらすのか,what do you bring; motarasu means to bring.
明日[あした]もたらす,I will bring about tomorrow; motarasu also means to bring about.
皆[みんな]でもたらした,all of us brought; motarashita is the past form of motarasu meaning to bring.
大[おお]きなはったりだ,it is a big bluff; hattari means bluff.
それはちそうじゃない,that is not a treating someone; chisou means treating someone.
あそこの事[こと]を言[い]っている,I am talking about there; asoko means there.
そのベルゼビュートが欲[ほ]しい,I want that Beelzebub; beruzebyuuto means Beelzebub.
多[おお]くなった,it turned out many; ooku means many.
多[おお]くを探[さが]している,I am looking for a majority; ooku also means majority.
時代[じだい]を探[さが]している,I am looking for a period; jidai means period.
時代[じだい]が必要[ひつよう]だ,the times is needed; jidai also means the times.
これは時代[じだい]だ,this is an oldness; jidai also means oldness.
女子[じょし]が必要[ひつよう]だ,a woman is needed; joshi means woman.
これは人気[にんき]だ,this is a popularity; ninki means popularity.
本当[ほんとう]の人気[にんき]だ,it is a real condition; ninki also means condition.
本当[ほんとう]の注意[ちゅうい]だ,it is a real attention; chuui means attention.
環境[かんきょう]じゃない,it is not an environment; kankyou means environment.
やっぱり最大[さいだい]だ,it is a biggest after all; saidai means biggest.
山[やま]がある,there is a protruding or high part of an object; yama means protruding or high part of an object.
山[やま]を見[み]た,I saw a climax; yama also means climax.
これは俺[おれ]の山[やま]だ,this is my guess; yama also means guess.
担当[たんとう]を見[み]た,I saw a being in charge; tantou means being in charge.
これは俺[おれ]の提供[ていきょう]だ,this is my offer; teikyou means offer.
春[はる]した,I did it spring; haru means spring.
大[おお]きな春[はる]だ,it is a big New Year; haru also means New Year.
それは春[はる]じゃない,that is not a prime; haru also means prime.
大[おお]きな労働[ろうどう]だ,it is a big labor; roudou means labor.
それは労働[ろうどう]じゃない,that is not a Labour Party; roudou also means Labour Party.
それは本人[ほんにん]じゃない,that is not the person in question; honnin means the person in question.
対策[たいさく]の事[こと]を言[い]っている,I am talking about a measure; taisaku means measure.
その反対[はんたい]が欲[ほ]しい,I want that opposition; hantai means opposition.
この反対[はんたい]を知[し]っているか,do you know this reverse; hantai also means reverse.
この応援[おうえん]を知[し]っているか,do you know this aid; ouen means aid.
およびそれでいい,and that is fine; oyobi means and.
天[てん]が必要[ひつよう]だ,a sky is needed; ten means sky.
これは天[てん]だ,this is a heaven; ten also means heaven.
本当[ほんとう]の天[てん]だ,it is a real God; ten also means God.
これは指[ゆび]だ,this is a finger; yubi means finger.
すごく低[ひく]い,it is really low; hikui means low.
ちょっと低[ひく]い,it is a bit short; hikui also means short.
それは低[ひく]い,that one is deep; hikui also means deep.
扱[あつか]いじゃない,it is not a treatment; atsukai means treatment.
やっぱり扱[あつか]いだ,it is a handling after all; atsukai also means handling.
扱[あつか]いがある,there is a treating as; atsukai also means treating as.
やっぱりほいだ,it is a supplement after all; hoi means supplement.
これは疑問[ぎもん]だ,this one is doubt; gimon means doubt.
危機[きき]を見[み]た,I saw crisis; kiki means crisis.
これは俺[おれ]の監視[かんし]だ,this is my monitoring; kanshi means monitoring.
ドアとは何[なん]だ,what is a door; doa means door.
これは困難[こんなん]だ,this one is difficulty; konnan means difficulty.
それは寒[さむ]い,that one is cold; samui means cold.
この寒[さむ]いやつだ,it is this uninteresting one; samui also means uninteresting.
参戦[さんせん]の事[こと]を言[い]っている,I am talking about a participation in a war; sansen means participation in a war.
明日[あした]語[かた]る,I will talk about tomorrow; kataru means to talk about.
一緒[いっしょ]に語[かた]る,we will recite together; kataru also means to recite.
皆[みんな]で語[かた]る,all of us indicate; kataru also means to indicate.
この放置[ほうち]を知[し]っているか,do you know this leaving as is; houchi means leaving as is.
態度[たいど]を探[さが]している,I am looking for an attitude; taido means attitude.
今[いま]学[まな]ぶ,now I learn; manabu means to learn.
もう学[まな]んだ,I already learned; mananda is the past form of manabu meaning to learn.
これは奇跡[きせき]だ,this is a miracle; kiseki means miracle.
本当[ほんとう]の披露目[ひろめ]だ,it is a real making widely known; hirome means making widely known.
代理[だいり]じゃない,it is not a representation; dairi means representation.
やっぱり代理[だいり]だ,it is a proxy after all; dairi also means proxy.
やっぱり嬢[じょう]だ,it is an unmarried woman after all; jou means unmarried woman.
嬢[じょう]がある,there is a Miss; jou also means Miss.
嬢[じょう]を見[み]た,I saw a -ess; jou also means -ess.
すごく汚[きたな]い,it is really dirty; kitanai means dirty.
ちょっと汚[きたな]い,it is a bit disordered; kitanai also means disordered.
それは汚[きたな]い,that one is indecent; kitanai also means indecent.
これは冷静[れいせい]だ,this one is calmness; reisei means calmness.
これは俺[おれ]の信仰[しんこう]だ,this is my faith; shinkou means faith.
常識[じょうしき]とは何[なん]だ,what is a common sense; joushiki means common sense.
皆[みんな]久々[ひさびさ]だ,everyone is long time; hisabisa means long time.
皆[みんな]で払[はら]う,all of us pay; harau means to pay.
今[いま]払[はら]う,now I brush off; harau also means to brush off.
よく払[はら]う,I often drive away; harau also means to drive away.
首都[しゅと]の事[こと]を言[い]っている,I am talking about a capital; shuto means capital.
その武[ぶ]が欲[ほ]しい,I want that the art of war; bu means the art of war.
この武[ぶ]を知[し]っているか,do you know this military force; bu also means military force.
武[ぶ]を探[さが]している,I am looking for a military officer; bu also means military officer.
この証言[しょうげん]を知[し]っているか,do you know this testimony; shougen means testimony.
妨害[ぼうがい]を探[さが]している,I am looking for an obstruction; bougai means obstruction.
ちゃんと落[お]とす,I drop properly; otosu means to drop.
俺[おれ]が落[お]とす,I am the one who will clean off; otosu also means to clean off.
それを落[お]とす,I will lose that; otosu also means to lose.
落[お]としてください,please drop; otoshite is the te form of otosu meaning to drop.
俺[おれ]が調[しら]べる,I am the one who will examine; shiraberu means to examine.
俺[おれ]のために調[しら]べてください,please examine for me; shirabete is the te form of shiraberu meaning to examine.
本当[ほんとう]の餌[えさ]だ,it is a real feed; esa means feed.
餌[えさ]じゃない,it is not a bait; esa also means bait.
雷[かみなり]じゃない,it is not a lightning; kaminari means lightning.
やっぱり雷[かみなり]だ,it is a god of thunder after all; kaminari also means god of thunder.
雷[かみなり]がある,there is an anger; kaminari also means anger.
やっぱり宝箱[たからばこ]だ,it is a treasure chest after all; takarabako means treasure chest.
皆[みんな]で悩[なや]む,all of us am worried; nayamu means to be worried.
もう悩[なや]んでいた,I was already being worried; nayandeita is the past progressive form of nayamu meaning to be worried.
早[はや]く悩[なや]め,be worried quickly; nayame is the imperative form of nayamu meaning to be worried.
地面[じめん]を見[み]た,I saw a ground; jimen means ground.
これは俺[おれ]の地面[じめん]だ,this is my land; jimen also means land.
今[いま]迎[むか]える,now I go out to meet; mukaeru means to go out to meet.
よく迎[むか]える,I often call for; mukaeru also means to call for.
これから迎[むか]える,I will accept from now on; mukaeru also means to accept.
皆[みんな]で迎[むか]えた,all of us went out to meet; mukaeta is the past form of mukaeru meaning to go out to meet.
貿易[ぼうえき]とは何[なん]だ,what is a trade; boueki means trade.
大[おお]きな帰還[きかん]だ,it is a big return; kikan means return.
それはライダーじゃない,that is not a rider; raida means rider.
これはかわいそうだ,this one is poor; kawaisou means poor.
俺[おれ]が開[あ]ける,I am the one who will open; akeru means to open.
それを開[あ]ける,I will empty that; akeru also means to empty.
何[なに]を開[あ]けるのか,what do you move out; akeru also means to move out.
今[いま]あけまして,now I open; akemashite is the polite form of akeru meaning to open.
この大地[だいち]を知[し]っているか,do you know this earth; daichi means earth.
何[なに]を運[はこ]ぶのか,what do you carry; hakobu means to carry.
明日[あした]運[はこ]ぶ,I will come tomorrow; hakobu also means to come.
一緒[いっしょ]に運[はこ]ぶ,we will use together; hakobu also means to use.
行使[こうし]が必要[ひつよう]だ,an use is needed; koushi means use.
皆[みんな]で似合[にあ]う,all of us suit; niau means to suit.
皆[みんな]で止[と]まる,all of us stop; tomaru means to stop.
今[いま]止[と]まる,now I alight; tomaru also means to alight.
まだ止[と]まらない,I do not stop yet; tomaranai is the negative form of tomaru meaning to stop.
皆[みんな]で止[と]まった,all of us stopped; tomatta is the past form of tomaru meaning to stop.
用事[ようじ]じゃない,it is not a business; youji means business.
やっぱり頼[たの]みだ,it is a request after all; tanomi means request.
頼[たの]みがある,there is a reliance; tanomi also means reliance.
ヤードがある,there is a yard; yaado means yard.
たまに定[さだ]める,I decide once in a while; sadameru means to decide.
ちゃんと定[さだ]める,I establish properly; sadameru also means to establish.
俺[おれ]が定[さだ]める,I am the one who will bring peace; sadameru also means to bring peace.
昨日[きのう]定[さだ]めた,yesterday I decided; sadameta is the past form of sadameru meaning to decide.
ちゃんと吐[つ]く,I breathe out properly; tsuku means to breathe out.
俺[おれ]が吐[つ]く,I am the one who will tell; tsuku also means to tell.
それを吐[つ]く,I will vomit that; tsuku also means to vomit.
宴会[えんかい]とは何[なん]だ,what is a party; enkai means party.
明日[あした]離[はな]れる,I will be separated tomorrow; hanareru means to be separated.
皆[みんな]で離[はな]れる,all of us leave; hanareru also means to leave.
今[いま]離[はな]れる,now I lose connection with; hanareru also means to lose connection with.
離[はな]れろ,be separated it now; hanarero is the imperative form of hanareru meaning to be separated.
今[いま]離[はな]れません,now I am separated; hanaremasen is the polite form of hanareru meaning to be separated.
昨日[きのう]離[はな]れた,yesterday I was separated; hanareta is the past form of hanareru meaning to be separated.
滅亡[めつぼう]の事[こと]を言[い]っている,I am talking about a downfall; metsubou means downfall.
そのソードが欲[ほ]しい,I want that sword; soodo means sword.
皆[みんな]で解[と]く,all of us untie; toku means to untie.
今[いま]解[と]く,now I unsew; toku also means to unsew.
よく解[と]く,I often solve; toku also means to solve.
もう解[と]いた,I already untied; toita is the past form of toku meaning to untie.
取[と]り敢[あ]えずなった,it turned out first of all; toriaezu means first of all.
取[と]り敢[あ]えずいい,it is for now good; toriaezu also means for now.
取[と]り敢[あ]えずした,I did it anyway; toriaezu also means anyway.
皆[みんな]速[すみ]やかだ,everyone is quick; sumiyaka means quick.
これから乗[の]せる,I will place on from now on; noseru means to place on.
たまに乗[の]せる,I give a ride once in a while; noseru also means to give a ride.
ちゃんと乗[の]せる,I load properly; noseru also means to load.
俺[おれ]のために乗[の]せてください,please place on for me; nosete is the te form of noseru meaning to place on.
俺[おれ]が乗[の]せられた,someone placed on me; noserareta is the past passive form of noseru meaning to place on.
たまに覆[おお]う,I cover once in a while; oou means to cover.
そろそろおおお,let us cover soon; ooo is the volitional form of oou meaning to cover.
手下[てした]じゃない,it is not a subordinate; teshita means subordinate.
やっぱり蜂蜜[はちみつ]だ,it is a honey after all; hachimitsu means honey.
分身[ぶんしん]がある,there is an other self; bunshin means other self.
分身[ぶんしん]を見[み]た,I saw incarnations of Buddha; bunshin also means incarnations of Buddha.
変質[へんしつ]を見[み]た,I saw an alteration; henshitsu means alteration.
これは俺[おれ]の変質[へんしつ]だ,this is my perversion; henshitsu also means perversion.
明日[あした]構[かま]える,I will set up tomorrow; kamaeru means to set up.
一緒[いっしょ]に構[かま]える,we will have at the ready together; kamaeru also means to have at the ready.
皆[みんな]で構[かま]える,all of us adopt a posture; kamaeru also means to adopt a posture.
皆[みんな]で逆[さか]らう,all of us go against; sakarau means to go against.
誰[だれ]も逆[さか]らえない,nobody will go against; sakaraenai is the negative form of sakarau meaning to go against.
大[おお]きな稲妻[いなずま]だ,it is a big lightning; inazuma means lightning.
それはおやつじゃない,that is not a between-meal snack; oyatsu means between-meal snack.
おやつの事[こと]を言[い]っている,I am talking about a mid-afternoon snack; oyatsu also means mid-afternoon snack.
よく逃[に]げ出[だ]す,I often run away; nigedasu means to run away.
これから逃[に]げ出[だ]す,I will start to run away from now on; nigedasu also means to start to run away.
昨日[きのう]逃[に]げ出[だ]した,yesterday I ran away; nigedashita is the past form of nigedasu meaning to run away.
そのぞくが欲[ほ]しい,I want that layman; zoku means layman.
このぞくを知[し]っているか,do you know this local manners; zoku also means local manners.
たまに込[こ]める,I load once in a while; komeru means to load.
ちゃんと込[こ]める,I put into properly; komeru also means to put into.
俺[おれ]が込[こ]める,I am the one who will include; komeru also means to include.
俺[おれ]のために込[こ]めてください,please load for me; komete is the te form of komeru meaning to load.
俺[おれ]が込[こ]められた,someone loaded me; komerareta is the past passive form of komeru meaning to load.
傀儡[くぐつ]を探[さが]している,I am looking for a puppet; kugutsu means puppet.
傀儡[くぐつ]が必要[ひつよう]だ,a puppeteer is needed; kugutsu also means puppeteer.
盗賊[とうぞく]が必要[ひつよう]だ,a thief is needed; touzoku means thief.
皆[みんな]貧弱[ひんじゃく]だ,everyone is poor; hinjaku means poor.
何[なに]を見抜[みぬ]くのか,what do you see through; minuku means to see through.
俺[おれ]のために見抜[みぬ]いてください,please see through for me; minuite is the te form of minuku meaning to see through.
まだ見抜[みぬ]けない,I do not see through yet; minukenai is the negative form of minuku meaning to see through.
皆[みんな]で滅[ほろ]ぶ,all of us go to ruin; horobu means to go to ruin.
皆[みんな]で滅[ほろ]んだ,all of us went to ruin; horonda is the past form of horobu meaning to go to ruin.
滅[ほろ]んでください,please go to ruin; horonde is the te form of horobu meaning to go to ruin.
王太子[おうたいし]がある,there is a crown prince; outaishi means crown prince.
シフォンを見[み]た,I saw a chiffon; shifon means chiffon.
これは俺[おれ]の生[い]け贄[にえ]だ,this is my sacrifice; ikenie means sacrifice.
生[い]け贄[にえ]とは何[なん]だ,what is a victim; ikenie also means victim.
老師[ろうし]とは何[なん]だ,what is an old master; roushi means old master.
大[おお]きな老師[ろうし]だ,it is a big old monk; roushi also means old monk.
ぎゃあ、分[わ]かった,yikes I understand; gyaa means yikes.
泣[な]き声[ごえ]の事[こと]を言[い]っている,I am talking about a tearful voice; nakigoe also means tearful voice.
すごく姑息[こそく]だ,it is really underhanded; kosoku means underhanded.
それは姑息[こそく]だ,that one is makeshift; kosoku also means makeshift.
それを統[す]べる,I will rule over that; suberu means to rule over.
何[なに]を統[す]べるのか,what do you integrate; suberu also means to integrate.
この武具[ぶぐ]を知[し]っているか,do you know this arms; bugu means arms.
これはわがままだ,this one is selfish; wagamama means selfish.
更紗[さらさ]が必要[ひつよう]だ,a chintz is needed; sarasa means chintz.
かつてなった,it turned out once; katsute means once.
かつていい,it is never yet good; katsute also means never yet.
本当[ほんとう]の蜥蜴[とかげ]だ,it is a real lizard; tokage means lizard.
蜥蜴[とかげ]じゃない,it is not a skink lizard; tokage also means skink lizard.
やっとした,I did it at last; yatto means at last.
やっと言[い]った,I said it barely; yatto also means barely.
やっぱりとっくだ,it is a long time ago after all; tokku means a long time ago.
たまに祭[まつ]る,I deify once in a while; matsuru means to deify.
ちゃんと祭[まつ]る,I pray properly; matsuru also means to pray.
皆[みんな]せいきょうだ,everyone is powerful; seikyou means powerful.
これは俺[おれ]のたかだ,this is my quantity; taka means quantity.
学校[がっこう]とは何[なん]だ,what is a school; gakkou means school.
大[おお]きな文化[ぶんか]だ,it is a big culture; bunka means culture.
それは文化[ぶんか]じゃない,that is not a Bunka era; bunka also means Bunka era.
保護[ほご]の事[こと]を言[い]っている,I am talking about a protection; hogo means protection.
その木[き]が欲[ほ]しい,I want that tree; ki means tree.
この木[き]を知[し]っているか,do you know this wood; ki also means wood.
木[き]を探[さが]している,I am looking for a wooden clappers; ki also means wooden clappers.
右[みぎ]を探[さが]している,I am looking for a right; migi means right.
右[みぎ]が必要[ひつよう]だ,a right hand is needed; migi also means right hand.
これは右[みぎ]だ,this is the above; migi also means the above.
これは国民[こくみん]だ,this is a people; kokumin means people.
本当[ほんとう]の国民[こくみん]だ,it is a real Democratic Party for the People; kokumin also means Democratic Party for the People.
本当[ほんとう]の火[ひ]だ,it is a real fire; hi means fire.
多数[たすう]じゃない,it is not a large number; tasuu means large number.
やっぱり多数[たすう]だ,it is a majority after all; tasuu also means majority.
途中[とちゅう]した,I did it on the way; tochuu means on the way.
パンがある,there is a bread; pan means bread.
パンを見[み]た,I saw a staff of life; pan also means staff of life.
壁[かべ]を見[み]た,I saw a wall; kabe means wall.
これは俺[おれ]の壁[かべ]だ,this is my barrier; kabe also means barrier.
壁[かべ]とは何[なん]だ,what is a Chinese Wall constellation; kabe also means Chinese Wall constellation.
皆[みんな]不安[ふあん]だ,everyone is anxiety; fuan means anxiety.
安定[あんてい]とは何[なん]だ,what is a stability; antei means stability.
大[おお]きな紙[かみ]だ,it is a big paper; kami means paper.
それは会話[かいわ]じゃない,that is not a conversation; kaiwa means conversation.
禁止[きんし]の事[こと]を言[い]っている,I am talking about a prohibition; kinshi means prohibition.
その遊[あそ]びが欲[ほ]しい,I want that play; asobi means play.
この遊[あそ]びを知[し]っているか,do you know this pleasure; asobi also means pleasure.
遊[あそ]びを探[さが]している,I am looking for a flexibility; asobi also means flexibility.
それは安[やす]い,that one is cheap; yasui means cheap.
この安[やす]いやつだ,it is this calm one; yasui also means calm.
努力[どりょく]を探[さが]している,I am looking for an effort; doryoku means effort.
知識[ちしき]が必要[ひつよう]だ,a knowledge is needed; chishiki means knowledge.
これはチャンスだ,this is a chance; chansu means chance.
本当[ほんとう]のラーメンだ,it is a real ramen; raamen means ramen.
要求[ようきゅう]じゃない,it is not a demand; youkyuu means demand.
やっぱり病[やまい]だ,it is an illness after all; yamai means illness.
病[やまい]がある,there is a bad habit; yamai also means bad habit.
今[いま]書[か]く,now I write; kaku means to write.
よく書[か]く,I often draw; kaku also means to draw.
書[か]いてください,please write; kaite is the te form of kaku meaning to write.
一切[いっさい]を見[み]た,I saw an all; issai means all.
これは俺[おれ]の天使[てんし]だ,this is my angel; tenshi means angel.
中身[なかみ]とは何[なん]だ,what is a blow to a vital point of a person's body; nakami means blow to a vital point of a person's body.
大[おお]きな利益[りえき]だ,it is a big profit; rieki means profit.
それは利益[りえき]じゃない,that is not a benefit; rieki also means benefit.
それはパーティーじゃない,that is not a party; paati means party.
核[かく]の事[こと]を言[い]っている,I am talking about a stone; kaku means stone.
その核[かく]が欲[ほ]しい,I want that core; kaku also means core.
この核[かく]を知[し]っているか,do you know this nuclear weapons; kaku also means nuclear weapons.
ノー、分[わ]かった,no I understand; no means no.
この指示[しじ]を知[し]っているか,do you know this indication; shiji means indication.
一生[いっしょう]言[い]った,I said it whole life; isshou means whole life.
一生[いっしょう]が必要[ひつよう]だ,an of one's life is needed; isshou also means of one's life.
今夜[こんや]なった,it turned out this evening; konya means this evening.
これは保証[ほしょう]だ,this is a guarantee; hoshou means guarantee.
本当[ほんとう]の天才[てんさい]だ,it is a real genius; tensai means genius.
食[た]べ物[もの]じゃない,it is not a food; tabemono means food.
やっぱり本部[ほんぶ]だ,it is headquarters after all; hombu means headquarters.
ちゃんと示[しめ]す,I show properly; shimesu means to show.
俺[おれ]が示[しめ]す,I am the one who will point out; shimesu also means to point out.
それを示[しめ]す,I will indicate that; shimesu also means to indicate.
示[しめ]してください,please show; shimeshite is the te form of shimesu meaning to show.
報酬[ほうしゅう]を見[み]た,I saw a remuneration; houshuu means remuneration.
多少[たしょう]言[い]った,I said it a little; tashou means a little.
多少[たしょう]とは何[なん]だ,what is an amount; tashou also means amount.
いろんな事[こと]だ,it is various matter; ironna means various.
大[おお]きな本体[ほんたい]だ,it is a big substance; hontai means substance.
それは本体[ほんたい]じゃない,that is not a main part; hontai also means main part.
本体[ほんたい]の事[こと]を言[い]っている,I am talking about an object of worship; hontai also means object of worship.
それは陣[じん]じゃない,that is not a battle formation; jin means battle formation.
陣[じん]の事[こと]を言[い]っている,I am talking about a camp; jin also means camp.
その陣[じん]が欲[ほ]しい,I want that group; jin also means group.
すごく懐[なつ]かしい,it is really dear; natsukashii means dear.
その成果[せいか]が欲[ほ]しい,I want that result; seika means result.
皆[みんな]熱[あつ]い,everyone is zealous; atsui also means zealous.
材料[ざいりょう]を探[さが]している,I am looking for materials; zairyou means materials.
材料[ざいりょう]が必要[ひつよう]だ,a material is needed; zairyou also means material.
これは材料[ざいりょう]だ,this is grounds; zairyou also means grounds.
一致[いっち]が必要[ひつよう]だ,an agreement is needed; icchi means agreement.
とても広[ひろ]い,it is very spacious; hiroi means spacious.
本当[ほんとう]の魔獣[まじゅう]だ,it is a real legendary beast; majuu means legendary beast.
ギフトじゃない,it is not a gift; gifuto means gift.
たっぷり言[い]った,I said it loosely; tappuri means loosely.
たっぷりなった,it turned out a good; tappuri also means a good.
それはロングだ,that one is long; rongu means long.
畑[はたけ]を見[み]た,I saw a field; hatake means field.
これは俺[おれ]の畑[はたけ]だ,this is my womb; hatake also means womb.
皆[みんな]で返[かえ]す,all of us return; kaesu means to return.
今[いま]返[かえ]す,now I turn over; kaesu also means to turn over.
よく返[かえ]す,I often pay back; kaesu also means to pay back.
俺[おれ]のために返[かえ]してください,please return for me; kaeshite is the te form of kaesu meaning to return.
今[いま]過[す]ごす,now I spend; sugosu means to spend.
よく過[す]ごす,I often overdo; sugosu also means to overdo.
これから過[す]ごす,I will take care of from now on; sugosu also means to take care of.
過[す]ごしてください,please spend; sugoshite is the te form of sugosu meaning to spend.
大[おお]きなスカイだ,it is a big sky; sukai means sky.
それは地位[ちい]じゃない,that is not a position; chii means position.
守[まも]りの事[こと]を言[い]っている,I am talking about a babysitting; mamori means babysitting.
その守[まも]りが欲[ほ]しい,I want that protecting; mamori also means protecting.
その地点[ちてん]が欲[ほ]しい,I want that spot; chiten means spot.
この観客[かんきゃく]を知[し]っているか,do you know this spectator; kankyaku means spectator.
土産[みやげ]を探[さが]している,I am looking for a present brought by a visitor; miyage means present brought by a visitor.
土産[みやげ]が必要[ひつよう]だ,a something unpleasant that one is given is needed; miyage also means something unpleasant that one is given.
何[なに]を押[お]すのか,what do you push; osu means to push.
明日[あした]押[お]す,I will press tomorrow; osu also means to press.
一緒[いっしょ]に押[お]す,we will stamp together; osu also means to stamp.
おせ,push it now; ose is the imperative form of osu meaning to push.
これは調達[ちょうたつ]だ,this is a supply; choutatsu means supply.
皆[みんな]で回[まわ]る,all of us go around; mawaru means to go around.
今[いま]回[まわ]る,now I surround; mawaru also means to surround.
よく回[まわ]る,I often come around; mawaru also means to come around.
皆[みんな]で回[まわ]ってしまった,all of us went around; mawatteshimatta is the past form of mawaru meaning to go around.
否[いな]じゃない,it is not a no; ina means no.
今[いま]支払[しはら]う,now I pay; shiharau means to pay.
果[は]たして言[い]った,I said it as was expected; hatashite means as was expected.
果[は]たしてなった,it turned out really; hatashite also means really.
正月[しょうがつ]を見[み]た,I saw a New Year; shougatsu means New Year.
これは俺[おれ]の正月[しょうがつ]だ,this is my first month of the year; shougatsu also means first month of the year.
たまに組[く]む,I cross once in a while; kumu means to cross.
ちゃんと組[く]む,I put together properly; kumu also means to put together.
俺[おれ]が組[く]む,I am the one who will braid; kumu also means to braid.
決着[けっちゃく]とは何[なん]だ,what is a conclusion; kecchaku means conclusion.
大[おお]きな恨[うら]みだ,it is a big resentment; urami means resentment.
それは恨[うら]みじゃない,that is not a matter for regret; urami also means matter for regret.
それを上回[うわまわ]る,I will exceed that; uwamawaru means to exceed.
悲鳴[ひめい]の事[こと]を言[い]っている,I am talking about a shriek; himei means shriek.
早々[そうそう]した,I did it as soon as; sousou means as soon as.
この駒[こま]を知[し]っているか,do you know this piece; koma means piece.
駒[こま]を探[さが]している,I am looking for a bridge; koma also means bridge.
皆[みんな]で越[こ]える,all of us cross over; koeru means to cross over.
今[いま]越[こ]える,now I exceed; koeru also means to exceed.
そろそろ越[こ]えよう,let us cross over soon; koeyou is the volitional form of koeru meaning to cross over.
それを超[こ]えている,I am crossing over that; koeteiru is the progressive form of koeru meaning to cross over.
今[いま]遅[おく]れる,now I am late; okureru means to be late.
よく遅[おく]れる,I often fall behind; okureru also means to fall behind.
これから遅[おく]れる,I will be bereaved of from now on; okureru also means to be bereaved of.
遅[おく]れてください,please be late; okurete is the te form of okureru meaning to be late.
昨日[きのう]遅[おく]れた,yesterday I was late; okureta is the past form of okureru meaning to be late.
これは勘[かん]だ,this is a perception; kan means perception.
本当[ほんとう]の娯楽[ごらく]だ,it is a real amusement; goraku means amusement.
敬意[けいい]じゃない,it is not a respect; keii means respect.
さようなら,farewell; sayounara means farewell.
アンチがある,there is a hater; anchi means hater.
勝者[しょうしゃ]を見[み]た,I saw a winner; shousha means winner.
何[なに]を探[さぐ]るのか,what do you feel around for; saguru means to feel around for.
明日[あした]探[さぐ]る,I will investigate tomorrow; saguru also means to investigate.
一緒[いっしょ]に探[さぐ]る,we will explore together; saguru also means to explore.
共存[きょうぞん]とは何[なん]だ,what is a coexistence; kyouzon means coexistence.
大[おお]きな刻印[こくいん]だ,it is a big engraving a seal; kokuin means engraving a seal.
それは刻印[こくいん]じゃない,that is not a brand; kokuin also means brand.
それは小僧[こぞう]じゃない,that is not a youngster; kozou means youngster.
小僧[こぞう]の事[こと]を言[い]っている,I am talking about a young Buddhist monk; kozou also means young Buddhist monk.
その小僧[こぞう]が欲[ほ]しい,I want that young shop-boy; kozou also means young shop-boy.
いくらなった,it turned out how much; ikura means how much.
そのいくらが欲[ほ]しい,I want that something over; ikura also means something over.
よく然[しか]り,I often yes; shikari means yes.
しからばいい,it is fine if I yes; shikaraba is the conditional form of shikari meaning yes.
この留守[るす]を知[し]っているか,do you know this absence; rusu means absence.
留守[るす]を探[さが]している,I am looking for a neglecting; rusu also means neglecting.
すごく器用[きよう]だ,it is really skillful; kiyou means skillful.
それは器用[きよう]だ,that one is clever; kiyou also means clever.
小声[こごえ]が必要[ひつよう]だ,a low voice is needed; kogoe means low voice.
なるべくいい,it is as as possible good; narubeku means as as possible.
本当[ほんとう]の呼[よ]ばわりだ,it is a real calling; yobawari means calling.
教義[きょうぎ]じゃない,it is not a creed; kyougi means creed.
やっぱり長老[ちょうろう]だ,it is an elder after all; chourou means elder.
長老[ちょうろう]がある,there is a senior monk; chourou also means senior monk.
長老[ちょうろう]を見[み]た,I saw a dean; chourou also means dean.
無論[むろん]いい,it is of course good; muron means of course.
皆[みんな]で隠[かく]れる,all of us hide; kakureru means to hide.
今[いま]隠[かく]れる,now I disappear; kakureru also means to disappear.
よく隠[かく]れる,I often live in seclusion; kakureru also means to live in seclusion.
今[いま]隠[かく]れている,I am hiding right now; kakureteiru is the progressive form of kakureru meaning to hide.
これは俺[おれ]の強者[きょうしゃ]だ,this is my strong person; kyousha means strong person.
風情[ふぜい]とは何[なん]だ,what is a taste; fuzei means taste.
大[おお]きな風情[ふぜい]だ,it is a big appearance; fuzei also means appearance.
大[おお]きな童[わらわ]だ,it is a big child; warawa means child.
ちゃんと空[す]く,I become less crowded properly; suku means to become less crowded.
俺[おれ]が空[す]く,I am the one who will be hungry; suku also means to be hungry.
ちゃんと企[たくら]む,I scheme properly; takuramu means to scheme.
あの時[とき]たくらんでいた,I was scheming back then; takurandeita is the past progressive form of takuramu meaning to scheme.
それをたくらんでいる,I am scheming that; takurandeiru is the progressive form of takuramu meaning to scheme.
そのロンドが欲[ほ]しい,I want that rondo; rondo means rondo.
この暴君[ぼうくん]を知[し]っているか,do you know this tyrant; boukun means tyrant.
明日[あした]沸[わ]く,I will grow hot tomorrow; waku means to grow hot.
皆[みんな]で沸[わ]く,all of us get excited; waku also means to get excited.
今[いま]沸[わ]く,now I ferment; waku also means to ferment.
今[いま]湧[わ]いてくる,I am growing hot right now; waitekuru is the progressive form of waku meaning to grow hot.
企[たくら]みが必要[ひつよう]だ,a plot is needed; takurami means plot.
いかなる事[こと]だ,it is what matter; ikanaru means what kind of.
いかなるやつだ,it is no one; ikanaru also means no matter what.
皆[みんな]で打[う]ち明[あ]ける,all of us confide; uchiakeru means to confide.
ぶっちゃけてください,please confide; bucchakete is the te form of uchiakeru meaning to confide.
共栄[きょうえい]じゃない,it is not a mutual prosperity; kyouei means mutual prosperity.
やっぱり唸[うな]り声[ごえ]だ,it is a groan after all; unarigoe means groan.
唸[うな]り声[ごえ]がある,there is a growl; unarigoe also means growl.
唸[うな]り声[ごえ]を見[み]た,I saw a hum; unarigoe also means hum.
同郷[どうきょう]がある,there is a same town; doukyou means same town.
皆[みんな]下等[かとう]だ,everyone is inferior; katou means inferior.
これは俺[おれ]の遣[や]る気[き]だ,this is my will; yaruki means will.
覇道[はどう]とは何[なん]だ,what is a rule by military force; hadou means rule by military force.
大[おお]きな覇道[はどう]だ,it is a big conqueror; hadou also means conqueror.
いよいよなった,it turned out more and more; iyoiyo means more and more.
いよいよいい,it is at last good; iyoiyo also means at last.
いよいよした,I did it last moment; iyoiyo also means last moment.
明日[あした]捕[と]らわれる,I will be caught tomorrow; torawareru means to be caught.
皆[みんな]で捕[と]らわれる,all of us am seized with; torawareru also means to be seized with.
もう捕[と]らわれました,I already was caught; torawaremashita is the polite past form of torawareru meaning to be caught.
昨日[きのう]捕[と]らわれた,yesterday I was caught; torawareta is the past form of torawareru meaning to be caught.
オルソの事[こと]を言[い]っている,I am talking about an ortho; oruso means ortho.
よし言[い]った,I said it even if; yoshi means even if.
へい,yes; hei means yes.
へい、分[わ]かった,understood I understand; hei also means understood.
やっぱりへい,after all present; hei also means present.
色[いろ]を探[さが]している,I am looking for a colour; iro means colour.
色[いろ]が必要[ひつよう]だ,a complexion is needed; iro also means complexion.
これは色[いろ]だ,this is a look; iro also means look.
登場[とうじょう]が必要[ひつよう]だ,an entrance is needed; toujou means entrance.
朝[あさ]なった,it turned out morning; asa means morning.
朝[あさ]じゃない,it is not a breakfast; asa also means breakfast.
毎日[まいにち]いい,it is every day good; mainichi means every day.
どれ、分[わ]かった,well I understand; dore also means well.
犬[いぬ]がある,there is a dog familiaris); inu means dog familiaris).
犬[いぬ]を見[み]た,I saw a counterfeit; inu also means counterfeit.
流[なが]れを見[み]た,I saw a flow; nagare means flow.
これは俺[おれ]の流[なが]れだ,this is my course; nagare also means course.
流[なが]れとは何[なん]だ,what is a descent; nagare also means descent.
これは俺[おれ]の価値[かち]だ,this is my value; kachi means value.
中心[ちゅうしん]とは何[なん]だ,what is a center; chuushin means center.
大[おお]きな親[おや]だ,it is a big parent; oya means parent.
それは親[おや]じゃない,that is not a dealer; oya also means dealer.
親[おや]の事[こと]を言[い]っている,I am talking about a founder; oya also means founder.
それは正直[しょうじき]だ,that one is honest; shoujiki means honest.
正直[しょうじき]いい,it is honestly good; shoujiki also means honestly.
消費[しょうひ]の事[こと]を言[い]っている,I am talking about a consumption; shouhi means consumption.
その行為[こうい]が欲[ほ]しい,I want that act; koui means act.
この箱[ばこ]を知[し]っているか,do you know this box; bako means box.
箱[ばこ]を探[さが]している,I am looking for a car; bako also means car.
箱[ばこ]が必要[ひつよう]だ,a shamisen case is needed; bako also means shamisen case.
治療[ちりょう]を探[さが]している,I am looking for a treatment; chiryou means treatment.
杯[ばい]が必要[ひつよう]だ,a sake cup is needed; bai means sake cup.
これは杯[ばい]だ,this is a ritual exchange of cups; bai also means ritual exchange of cups.
これは物語[ものがたり]だ,this is a story; monogatari means story.
本当[ほんとう]の首[くび]だ,it is a real neck; kubi means neck.
首[くび]じゃない,it is not a head; kubi also means head.
やっぱり首[くび]だ,it is a dismissal after all; kubi also means dismissal.
穴[あな]じゃない,it is not a hole; ana means hole.
やっぱり穴[あな]だ,it is a pit after all; ana also means pit.
穴[あな]がある,there is a burrow; ana also means burrow.
やっぱり設置[せっち]だ,it is an establishment after all; secchi means establishment.
雰囲気[ふんいき]がある,there is an atmosphere; funiki means atmosphere.
雰囲気[ふんいき]を見[み]た,I saw a certain air; funiki also means a certain air.
信頼[しんらい]を見[み]た,I saw a trust; shinrai means trust.
これは俺[おれ]の西[にし]だ,this is my west; nishi means west.
唯一[ゆいいつ]いい,it is only good; yuiitsu means only.
それはたくさんだ,that one is enough; takusan also means enough.
それはアイテムじゃない,that is not an item; aitemu means item.
アイテムの事[こと]を言[い]っている,I am talking about a must-have; aitemu also means must-have.
規模[きぼ]の事[こと]を言[い]っている,I am talking about a scale; kibo means scale.
その病気[びょうき]が欲[ほ]しい,I want that illness; byouki means illness.
この病気[びょうき]を知[し]っているか,do you know this bad habit; byouki also means bad habit.
病気[びょうき]を探[さが]している,I am looking for a crazy; byouki also means crazy.
この証明[しょうめい]を知[し]っているか,do you know this proof; shoumei means proof.
認識[にんしき]を探[さが]している,I am looking for a recognition; ninshiki means recognition.
げえ、分[わ]かった,ugh I understand; gee means ugh.
不足[ふそく]じゃない,it is not an insufficiency; fusoku means insufficiency.
やっぱり確定[かくてい]だ,it is a decision after all; kakutei means decision.
再[ふたた]びいい,it is again good; futatabi means again.
質[たち]を見[み]た,I saw a quality; tachi means quality.
これは俺[おれ]の質[たち]だ,this is my nature; tachi also means nature.
質[たち]とは何[なん]だ,what is a logical quality; tachi also means logical quality.
これは俺[おれ]の優先[ゆうせん]だ,this is my preference; yuusen means preference.
それは正確[せいかく]だ,that one is accurate; seikaku means accurate.
大[おお]きな痛[いた]みだ,it is a big pain; itami means pain.
それは痛[いた]みじゃない,that is not a damage; itami also means damage.
それは資格[しかく]じゃない,that is not qualifications; shikaku means qualifications.
王子[おうじ]の事[こと]を言[い]っている,I am talking about a prince; ouji means prince.
その王子[おうじ]が欲[ほ]しい,I want that subordinate Kumano shrine; ouji also means subordinate Kumano shrine.
そのカーが欲[ほ]しい,I want that car; ka means car.
皆[みんな]真実[しんじつ]だ,everyone is truth; shinjitsu means truth.
真実[しんじつ]を探[さが]している,I am looking for an absolute truth; shinjitsu also means absolute truth.
会長[かいちょう]を探[さが]している,I am looking for a president; kaichou means president.
仲[なか]が必要[ひつよう]だ,a relation is needed; naka means relation.
本当[ほんとう]の限界[げんかい]だ,it is a real limit; genkai means limit.
効率[こうりつ]じゃない,it is not an efficiency; kouritsu means efficiency.
やっぱり成立[せいりつ]だ,it is a formation after all; seiritsu means formation.
キングがある,there is a king; kingu means king.
皆[みんな]平気[へいき]だ,everyone is cool; heiki means cool.
これは強力[ごうりき]だ,this one is powerful; gouriki means powerful.
軍事[ぐんじ]とは何[なん]だ,what is a military affairs; gunji means military affairs.
大[おお]きな思考[しこう]だ,it is a big thought; shikou means thought.
それは重[おも]い,that one is heavy; omoi means heavy.
この重[おも]いやつだ,it is this slow one; omoi also means slow.
皆[みんな]重[おも]い,everyone is important; omoi also means important.
ガラスの事[こと]を言[い]っている,I am talking about a glass; garasu means glass.
その想定[そうてい]が欲[ほ]しい,I want that hypothesis; soutei means hypothesis.
この部門[ぶもん]を知[し]っているか,do you know this division; bumon means division.
道具[どうぐ]を探[さが]している,I am looking for a tool; dougu means tool.
道具[どうぐ]が必要[ひつよう]だ,means is needed; dougu also means means.
これは道具[どうぐ]だ,this is a furniture; dougu also means furniture.
大半[たいはん]が必要[ひつよう]だ,a majority is needed; taihan means majority.
これは息[いき]だ,this is a breath; iki means breath.
本当[ほんとう]の息[いき]だ,it is a real concord; iki also means concord.
息[いき]じゃない,it is not a steam; iki also means steam.
本当[ほんとう]のつながりだ,it is a real connection; tsunagari means connection.
滞在[たいざい]じゃない,it is not a stay; taizai means stay.
これは丁寧[ていねい]だ,this one is polite; teinei means polite.
すごく丁寧[ていねい]だ,it is really careful; teinei also means careful.
ロスがある,there is a loss; rosu means loss.
ロスを見[み]た,I saw a feeling of loss; rosu also means feeling of loss.
殿[との]を見[み]た,I saw a rear; tono means rear.
これは俺[おれ]の殿[との]だ,this is my anchor; tono also means anchor.
これは俺[おれ]の決[き]まりだ,this is my rule; kimari means rule.
決[き]まりとは何[なん]だ,what is a settlement; kimari also means settlement.
大[おお]きな決[き]まりだ,it is a big habit; kimari also means habit.
たまに稼[かせ]ぐ,I earn once in a while; kasegu means to earn.
ちゃんと稼[かせ]ぐ,I score properly; kasegu also means to score.
俺[おれ]が稼[かせ]ぐ,I am the one who will work hard; kasegu also means to work hard.
俺[おれ]のために稼[かせ]いでください,please earn for me; kaseide is the te form of kasegu meaning to earn.
すっかり言[い]った,I said it all; sukkari means all.
そっくりなった,it turned out all; sokkuri means all.
皆[みんな]そっくりだ,everyone is exactly alike; sokkuri also means exactly alike.
予感[よかん]の事[こと]を言[い]っている,I am talking about a presentiment; yokan means presentiment.
その反省[はんせい]が欲[ほ]しい,I want that reflection; hansei means reflection.
すごく快適[かいてき]だ,it is really pleasant; kaiteki means pleasant.
分離[ぶんり]を探[さが]している,I am looking for a separation; bunri means separation.
量産[りょうさん]が必要[ひつよう]だ,a mass production is needed; ryousan means mass production.
これはテンだ,this is a 10; ten means 10.
本当[ほんとう]のフィールドだ,it is a real field; fiirudo means field.
食料[しょくりょう]じゃない,it is not a food; shokuryou means food.
兼[けん]それでいい,and that is fine; ken means and.
同行[どうこう]がある,there is a fellow pilgrim; doukou means fellow pilgrim.
介入[かいにゅう]とは何[なん]だ,what is an intervention; kainyuu means intervention.
これは僅[わず]かだ,this one is a little; wazuka means a little.
それは温[あたた]かい,that one is warm; atatakai means warm.
この温[あたた]かいやつだ,it is this considerate one; atatakai also means considerate.
皆[みんな]温[あたた]かい,everyone is having enough money; atatakai also means having enough money.
それは幸運[こううん]だ,that one is good luck; kouun means good luck.
その鎧[よろい]が欲[ほ]しい,I want that armor; yoroi means armor.
この小物[こもの]を知[し]っているか,do you know this accessories; komono means accessories.
小物[こもの]を探[さが]している,I am looking for a minor character; komono also means minor character.
仕業[しわざ]を探[さが]している,I am looking for a deed; shiwaza means deed.
ちゃんと育[そだ]つ,I am raised properly; sodatsu means to be raised.
ちゃんと負[お]う,I carry on one's back properly; ou means to carry on one's back.
俺[おれ]が負[お]う,I am the one who will take; ou also means to take.
それを負[お]う,I will suffer that; ou also means to suffer.
まだ負[お]えない,I do not carry on one's back yet; oenai is the negative form of ou meaning to carry on one's back.
この鋭[するど]いやつだ,it is this sharp one; surudoi means sharp.
皆[みんな]鋭[するど]い,everyone is keen; surudoi also means keen.
すごくデッドだ,it is really dead; deddo means dead.
やっぱり他国[たこく]だ,it is a foreign country after all; takoku means foreign country.
他国[たこく]がある,there is an another province; takoku also means another province.
他国[たこく]を見[み]た,I saw a strange land; takoku also means strange land.
てっきりいい,it is surely good; tekkiri means surely.
これは愉快[ゆかい]だ,this one is pleasant; yukai means pleasant.
あるいはそれでいい,or that is fine; aruiha means or.
態勢[たいせい]とは何[なん]だ,what is an attitude; taisei means attitude.
よく届[とど]ける,I often deliver; todokeru means to deliver.
これから届[とど]ける,I will report from now on; todokeru also means to report.
俺[おれ]のために届[とど]けてください,please deliver for me; todokete is the te form of todokeru meaning to deliver.
届[とど]けなければいい,it is fine if I deliver; todokenakereba is the conditional form of todokeru meaning to deliver.
これから憧[あこが]れる,I will long for from now on; akogareru means to long for.
水晶[すいしょう]の事[こと]を言[い]っている,I am talking about a crystal; suishou means crystal.
ちゃんと捧[ささ]げる,I lift up properly; sasageru means to lift up.
俺[おれ]が捧[ささ]げる,I am the one who will give; sasageru also means to give.
それを捧[ささ]げる,I will devote that; sasageru also means to devote.
俺[おれ]のためにささげてください,please lift up for me; sasagete is the te form of sasageru meaning to lift up.
この仙[せん]を知[し]っているか,do you know this cent; sen means cent.
それを片付[かたづ]ける,I will put in order that; katazukeru means to put in order.
何[なに]を片付[かたづ]けるのか,what do you settle; katazukeru also means to settle.
明日[あした]片付[かたづ]ける,I will finish tomorrow; katazukeru also means to finish.
何[なに]を含[ふく]めるのか,what do you include; fukumeru means to include.
明日[あした]含[ふく]める,I will instruct tomorrow; fukumeru also means to instruct.
一緒[いっしょ]に含[ふく]める,we will put in mouth together; fukumeru also means to put in mouth.
含[ふく]めてください,please include; fukumete is the te form of fukumeru meaning to include.
明日[あした]崩[くず]れる,I will collapse tomorrow; kuzureru means to collapse.
皆[みんな]で崩[くず]れる,all of us get out of shape; kuzureru also means to get out of shape.
今[いま]崩[くず]れる,now I break down; kuzureru also means to break down.
本当[ほんとう]の弱体[じゃくたい]だ,it is a real weak constitution; jakutai means weak constitution.
皆[みんな]で泳[およ]ぐ,all of us swim; oyogu means to swim.
今[いま]泳[およ]ぐ,now I struggle through; oyogu also means to struggle through.
よく泳[およ]ぐ,I often make one's way through the world; oyogu also means to make one's way through the world.
泳[およ]いでください,please swim; oyoide is the te form of oyogu meaning to swim.
やっぱり忠告[ちゅうこく]だ,it is an advice after all; chuukoku means advice.
ふくしゅうがある,there is a review; fukushuu means review.
これから広[ひろ]める,I will spread from now on; hiromeru means to spread.
たまに広[ひろ]める,I broaden once in a while; hiromeru also means to broaden.
それを広[ひろ]めよ,spread that; hiromeyo is the imperative form of hiromeru meaning to spread.
俺[おれ]が広[ひろ]められる,someone spreads me; hiromerareru is the passive form of hiromeru meaning to spread.
俺[おれ]のために広[ひろ]めてください,please spread for me; hiromete is the te form of hiromeru meaning to spread.
これは無傷[むきず]だ,this one is unhurt; mukizu means unhurt.
すごく隠密[おんみつ]だ,it is really secret; ommitsu means secret.
俺[おれ]がごまかす,I am the one who will deceive; gomakasu means to deceive.
それをごまかす,I will falsify that; gomakasu also means to falsify.
何[なに]をごまかすのか,what do you evade; gomakasu also means to evade.
それを見合[みあ]う,I will look at each other that; miau means to look at each other.
明日[あした]見合[みあ]う,I will correspond tomorrow; miau also means to correspond.
俺[おれ]のために見合[みあ]ってください,please look at each other for me; miatte is the te form of miau meaning to look at each other.
天災[てんさい]の事[こと]を言[い]っている,I am talking about a natural disaster; tensai means natural disaster.
明日[あした]見捨[みす]てる,I will abandon tomorrow; misuteru means to abandon.
皆[みんな]で照[て]れる,all of us am shy; tereru means to be shy.
通[とお]り魔[ま]を探[さが]している,I am looking for a random attacker; toorima means random attacker.
大軍[たいぐん]が必要[ひつよう]だ,a large army is needed; taigun means large army.
すごく無様[ぶざま]だ,it is really unsightly; buzama means unsightly.
これから生[い]き返[かえ]る,I will revive from now on; ikikaeru means to revive.
昨日[きのう]生[い]き返[かえ]った,yesterday I revived; ikikaetta is the past form of ikikaeru meaning to revive.
ノームじゃない,it is not a gnome; noomu means gnome.
ちゃんと見習[みなら]う,I follow example properly; minarau means to follow example.
俺[おれ]が見習[みなら]う,I am the one who will learn; minarau also means to learn.
見習[みなら]わなければいい,it is fine if I follow example; minarawanakereba is the conditional form of minarau meaning to follow example.
俺[おれ]が呼[よ]び寄[よ]せる,I am the one who will call; yobiyoseru means to call.
もう呼[よ]び寄[よ]せた,I already called; yobiyoseta is the past form of yobiyoseru meaning to call.
明日[あした]整[ととの]う,I will be ready tomorrow; totonou means to be ready.
皆[みんな]で整[ととの]う,all of us am in order; totonou also means to be in order.
今[いま]整[ととの]う,now I am adjusted; totonou also means to be adjusted.
昨日[きのう]整[ととの]った,yesterday I was ready; totonotta is the past form of totonou meaning to be ready.
今[いま]整[ととの]っている,I am being ready right now; totonotteiru is the progressive form of totonou meaning to be ready.
明日[あした]果[は]てる,I will end tomorrow; hateru means to end.
皆[みんな]で果[は]てる,all of us die; hateru also means to die.
使役[しえき]とは何[なん]だ,what is a setting to work; shieki means setting to work.
大[おお]きな使役[しえき]だ,it is a big causative; shieki also means causative.
大[おお]きな痛覚[つうかく]だ,it is a big sense of pain; tsuukaku means sense of pain.
皆[みんな]で片付[かたづ]く,all of us am put in order; katazuku means to be put in order.
今[いま]片付[かたづ]く,now I am disposed of; katazuku also means to be disposed of.
よく片付[かたづ]く,I often am finished; katazuku also means to be finished.
昨日[きのう]片付[かたづ]いた,yesterday I was put in order; katazuita is the past form of katazuku meaning to be put in order.
今[いま]解[と]き放[はな]つ,now I release; tokihanatsu means to release.
俺[おれ]が解[と]き放[はな]たれている,someone releases me; tokihanatareteiru is the passive form of tokihanatsu meaning to release.
俺[おれ]のために解[と]き放[はな]ってください,please release for me; tokihanatte is the te form of tokihanatsu meaning to release.
その助太刀[すけだち]が欲[ほ]しい,I want that assistance; sukedachi means assistance.
この助太刀[すけだち]を知[し]っているか,do you know this helper; sukedachi also means helper.
これから表[あら]わす,I will represent from now on; arawasu means to represent.
たまに表[あら]わす,I reveal once in a while; arawasu also means to reveal.
ちゃんと表[あら]わす,I express properly; arawasu also means to express.
マリオネットを探[さが]している,I am looking for a marionette; marionetto means marionette.
ちゃんと思[おも]い付[つ]く,I think of properly; omoitsuku means to think of.
俺[おれ]が思[おも]い付[つ]く,I am the one who will remember; omoitsuku also means to remember.
俺[おれ]が思[おも]い付[つ]いた,I am the one who thought of; omoitsuita is the past form of omoitsuku meaning to think of.
凡[およ]そした,I did it about; oyoso means about.
凡[およ]そ言[い]った,I said it generally; oyoso also means generally.
凡[およ]そなった,it turned out completely; oyoso also means completely.
本当[ほんとう]のせんだ,it is a real slip; sen means slip.
せんじゃない,it is not a tag; sen also means tag.
何[なに]を見込[みこ]むのか,what do you anticipate; mikomu means to anticipate.
明日[あした]見込[みこ]む,I will place confidence in tomorrow; mikomu also means to place confidence in.
一緒[いっしょ]に見込[みこ]む,we will find promising together; mikomu also means to find promising.
俺[おれ]のために見込[みこ]んでください,please anticipate for me; mikonde is the te form of mikomu meaning to anticipate.
俺[おれ]が見込[みこ]んだ,I am the one who anticipated; mikonda is the past form of mikomu meaning to anticipate.
やっぱり軍門[ぐんもん]だ,it is a camp gate after all; gummon means camp gate.
一緒[いっしょ]に話[はな]し掛[か]ける,we will address together; hanashikakeru means to address.
皆[みんな]で話[はな]し掛[か]ける,all of us begin to talk; hanashikakeru also means to begin to talk.
話[はな]しかけてください,please address; hanashikakete is the te form of hanashikakeru meaning to address.
それを話[はな]しかけてくる,I am addressing that; hanashikaketekuru is the progressive form of hanashikakeru meaning to address.
昨日[きのう]話[はな]しかけた,yesterday I addressed; hanashikaketa is the past form of hanashikakeru meaning to address.
くじを見[み]た,I saw a lottery; kuji means lottery.
これは俺[おれ]の侍医[じい]だ,this is my court physician; jii means court physician.
聾[ろう]とは何[なん]だ,what is a deafness; rou means deafness.
これから見付[みつ]かる,I will be found from now on; mitsukaru means to be found.
今[いま]見[み]つかっていません,I am being found right now; mitsukatteimasen is the progressive form of mitsukaru meaning to be found.
何[なに]も見[み]つからない,I am not found anything; mitsukaranai is the negative form of mitsukaru meaning to be found.
それは足留[あしど]めじゃない,that is not a preventing from leaving; ashidome means preventing from leaving.
ちゃんとききとどける,I grant properly; kikitodokeru means to grant.
俺[おれ]のために聞き届けてください,please grant for me; kikitodokete is the te form of kikitodokeru meaning to grant.
そろそろ聞き届けよう,let us grant soon; kikitodokeyou is the volitional form of kikitodokeru meaning to grant.
俺[おれ]が賜[たま]わる,I am the one who will be given; tamawaru means to be given.
それを賜[たま]わる,I will give that; tamawaru also means to give.
もう賜[たまわ]りました,I already was given; tamawarimashita is the polite past form of tamawaru meaning to be given.
皆[みんな]で賜[たまわ]った,all of us was given; tamawatta is the past form of tamawaru meaning to be given.
こんにちは、分[わ]かった,hello I understand; konnichiha means hello.
本当[ほんとう]の初[はつ]だ,it is a real first; hatsu means first.
家族[かぞく]じゃない,it is not a family; kazoku means family.
やっぱり質問[しつもん]だ,it is a question after all; shitsumon means question.
これは結構[けっこう]だ,this one is sufficient; kekkou also means sufficient.
すごく結構[けっこう]だ,it is really not needing; kekkou also means not needing.
経済[けいざい]を見[み]た,I saw an economy; keizai means economy.
これは俺[おれ]の経済[けいざい]だ,this is my finance; keizai also means finance.
経済[けいざい]とは何[なん]だ,what is a being economical; keizai also means being economical.
これは俺[おれ]の組[くみ]だ,this is my class; kumi means class.
組[くみ]とは何[なん]だ,what is a lot; kumi also means lot.
大[おお]きな組[くみ]だ,it is a big crime family; kumi also means crime family.
もっともなった,it turned out most; mottomo means most.
大[おお]きな一方[いっぽう]だ,it is a big one; ippou means one.
それは例[れい]じゃない,that is not an example; rei means example.
例[れい]の事[こと]を言[い]っている,I am talking about a precedent; rei also means precedent.
その例[れい]が欲[ほ]しい,I want that custom; rei also means custom.
友人[ゆうじん]の事[こと]を言[い]っている,I am talking about a friend; yuujin means friend.
その読[よ]みが欲[ほ]しい,I want that reading; yomi means reading.
この方向[ほうこう]を知[し]っているか,do you know this direction; houkou means direction.
方向[ほうこう]を探[さが]している,I am looking for a course; houkou also means course.
ドルを探[さが]している,I am looking for a dollar; doru means dollar.
ドルが必要[ひつよう]だ,a money is needed; doru also means money.
特定[とくてい]が必要[ひつよう]だ,a specific is needed; tokutei means specific.
これはトイレだ,this is a toilet; toire means toilet.
本当[ほんとう]のトイレだ,it is a real going to the toilet; toire also means going to the toilet.
本当[ほんとう]の秋[あき]だ,it is a real time; aki means time.
秋[あき]じゃない,it is not a chance; aki also means chance.
やっぱり秋[あき]だ,it is the times after all; aki also means the times.
操作[そうさ]じゃない,it is not an operation; sousa means operation.
やっぱり自体[じたい]だ,it is an itself after all; jitai means itself.
自体[じたい]がある,there is one's own body; jitai also means one's own body.
距離[きょり]がある,there is a distance; kyori means distance.
距離[きょり]を見[み]た,I saw a difference; kyori also means difference.
これは俺[おれ]の距離[きょり]だ,this is my metric; kyori also means metric.
スターを見[み]た,I saw a star; suta means star.
どんどんした,I did it drumming; dondon means drumming.
どんどん言[い]った,I said it rapidly; dondon also means rapidly.
どんどんなった,it turned out continuously; dondon also means continuously.
助[たす]けとは何[なん]だ,what is an assistance; tasuke means assistance.
いやいやなった,it turned out unwillingly; iyaiya means unwillingly.
それはいやいやじゃない,that is not a shaking one's head in refusal; iyaiya also means shaking one's head in refusal.
それは実行[じっこう]じゃない,that is not an execution; jikkou means execution.
工事[こうじ]の事[こと]を言[い]っている,I am talking about a construction work; kouji means construction work.
その段階[だんかい]が欲[ほ]しい,I want that stage; dankai means stage.
この段階[だんかい]を知[し]っているか,do you know this level; dankai also means level.
段階[だんかい]を探[さが]している,I am looking for an order; dankai also means order.
ちゃんと含[ふく]む,I contain properly; fukumu means to contain.
俺[おれ]が含[ふく]む,I am the one who will hold in the mouth; fukumu also means to hold in the mouth.
それを含[ふく]む,I will bear in mind that; fukumu also means to bear in mind.
俺[おれ]が含[ふく]まれている,someone contains me; fukumareteiru is the passive form of fukumu meaning to contain.
鳥[とり]が必要[ひつよう]だ,a bird is needed; tori means bird.
これは鳥[とり]だ,this is a bird meat; tori also means bird meat.
これは計算[けいさん]だ,this is a calculation; keisan means calculation.
本当[ほんとう]のモードだ,it is a real mode; moodo means mode.
モードじゃない,it is not a state; moodo also means state.
皆[みんな]当[あ]たり前[まえ]だ,everyone is natural; atarimae means natural.
これは当[あ]たり前[まえ]だ,this one is usual; atarimae also means usual.
やっぱり記者[きしゃ]だ,it is a reporter after all; kisha means reporter.
案[あん]がある,there is an idea; an means idea.
案[あん]を見[み]た,I saw a draft; an also means draft.
これは俺[おれ]の案[あん]だ,this is my expectation; an also means expectation.
許[ゆる]しを見[み]た,I saw a pardon; yurushi means pardon.
皆[みんな]適当[てきとう]だ,everyone is suitable; tekitou means suitable.
これは有効[ゆうこう]だ,this one is valid; yuukou means valid.
それは植物[しょくぶつ]じゃない,that is not a plant; shokubutsu means plant.
皆[みんな]不満[ふまん]だ,everyone is dissatisfaction; fuman means dissatisfaction.
その方針[ほうしん]が欲[ほ]しい,I want that policy; houshin means policy.
この方針[ほうしん]を知[し]っているか,do you know this magnetic needle; houshin also means magnetic needle.
このふぇを知[し]っているか,do you know this hoe; fe means hoe.
傷[きず]を探[さが]している,I am looking for a wound; kizu means wound.
傷[きず]が必要[ひつよう]だ,a chip is needed; kizu also means chip.
これは傷[きず]だ,this is a flaw; kizu also means flaw.
鉄[てつ]が必要[ひつよう]だ,an iron is needed; tetsu means iron.
これは鉄[てつ]だ,this is a steel; tetsu also means steel.
本当[ほんとう]の鉄[てつ]だ,it is a real railway; tetsu also means railway.
これは引退[いんたい]だ,this is a retirement; intai means retirement.
本当[ほんとう]のルートだ,it is a real route; ruuto means route.
ルートじゃない,it is not a channel; ruuto also means channel.
けれんじゃない,it is not a playing to the gallery; keren means playing to the gallery.
だいぶいい,it is considerably good; daibu means considerably.
これは貴重[きちょう]だ,this one is precious; kichou means precious.
すごく余計[よけい]だ,it is really extra; yokei means extra.
それは余計[よけい]だ,that one is unnecessary; yokei also means unnecessary.
これは俺[おれ]の睡眠[すいみん]だ,this is my sleep; suimin means sleep.
氷[こおり]とは何[なん]だ,what is an ice; koori means ice.
大[おお]きな氷[こおり]だ,it is a big shaved ice; koori also means shaved ice.
大[おお]きなおなかだ,it is a big belly; onaka means belly.
それは承認[しょうにん]じゃない,that is not a recognition; shounin means recognition.
それは大幅[おおはば]だ,that one is big; oohaba means big.
その剣鬼[けんき]が欲[ほ]しい,I want that Sword Devil; kenki means Sword Devil.
この連合[れんごう]を知[し]っているか,do you know this union; rengou means union.
連合[れんごう]を探[さが]している,I am looking for an association; rengou also means association.
連合[れんごう]が必要[ひつよう]だ,a RENGO is needed; rengou also means RENGO.
マスを探[さが]している,I am looking for a mass; masu means mass.
これから関[かか]わる,I will be involved from now on; kakawaru means to be involved.
ちゃんと関[かか]わる,I relate to properly; kakawaru also means to relate to.
俺[おれ]が関[かか]わる,I am the one who will affect; kakawaru also means to affect.
これは決勝[けっしょう]だ,this is a decision of a contest; kesshou means decision of a contest.
本当[ほんとう]の決勝[けっしょう]だ,it is a real finals; kesshou also means finals.
本当[ほんとう]の説得[せっとく]だ,it is a real persuasion; settoku means persuasion.
爪[つめ]じゃない,it is not a nail; tsume means nail.
やっぱり爪[つめ]だ,it is a plectrum after all; tsume also means plectrum.
爪[つめ]がある,there is a hook; tsume also means hook.
やっぱり謝罪[しゃざい]だ,it is an apology after all; shazai means apology.
明日[あした]届[とど]く,I will reach tomorrow; todoku means to reach.
皆[みんな]で届[とど]く,all of us am delivered; todoku also means to be delivered.
今[いま]届[とど]く,now I am attentive; todoku also means to be attentive.
損[そん]を見[み]た,I saw a loss; son means loss.
一緒[いっしょ]にうたう,we will sing together; utau means to sing.
皆[みんな]でうたう,all of us sing of in a poem; utau also means to sing of in a poem.
俺[おれ]がうたわれた,someone sang me; utawareta is the past passive form of utau meaning to sing.
誤解[ごかい]とは何[なん]だ,what is a misunderstanding; gokai means misunderstanding.
今[いま]通[とお]る,now I go by; tooru means to go by.
よく通[とお]る,I often run; tooru also means to run.
これから通[とお]る,I will go indoors from now on; tooru also means to go indoors.
通[とお]ってください,please go by; tootte is the te form of tooru meaning to go by.
それは宝[たから]じゃない,that is not a treasure; takara means treasure.
すごく純粋[じゅんすい]だ,it is really pure; junsui means pure.
それは豊[ゆた]かだ,that one is rich; yutaka means rich.
皆[みんな]豊[ゆた]かだ,everyone is open; yutaka also means open.
これは豊[ゆた]かだ,this one is plump; yutaka also means plump.
この関与[かんよ]を知[し]っているか,do you know this participation; kanyo means participation.
めざめを探[さが]している,I am looking for a waking; mezame means waking.
明日[あした]飛[と]ぶ,I will fly tomorrow; tobu means to fly.
皆[みんな]で飛[と]ぶ,all of us jump; tobu also means to jump.
今[いま]飛[と]ぶ,now I spatter; tobu also means to spatter.
ほぼなった,it turned out almost; hobo means almost.
ほぼいい,it is roughly good; hobo also means roughly.
本当[ほんとう]のゲットだ,it is a real getting; getto means getting.
一旦[いったん]した,I did it once; ittan means once.
一旦[いったん]言[い]った,I said it for a short time; ittan also means for a short time.
やっぱり本番[ほんばん]だ,it is a performance after all; homban means performance.
本番[ほんばん]がある,there is a game; homban also means game.
本番[ほんばん]を見[み]た,I saw a high of the season; homban also means high of the season.
呪[のろ]いがある,there is a curse; noroi means curse.
盾[たて]を見[み]た,I saw a shield; tate means shield.
これは俺[おれ]の盾[たて]だ,this is my pretext; tate also means pretext.
これは俺[おれ]の砂[すな]だ,this is my sand; suna means sand.
すごく稀[まれ]だ,it is really rare; mare means rare.
それは増[ま]しだ,that one is better; mashi means better.
それは身分[みぶん]じゃない,that is not a standing; mibun means standing.
身分[みぶん]の事[こと]を言[い]っている,I am talking about an identity; mibun also means identity.
その身分[みぶん]が欲[ほ]しい,I want that one's circumstances; mibun also means one's circumstances.
将棋[しょうぎ]の事[こと]を言[い]っている,I am talking about a shogi; shougi means shogi.
明日[あした]広[ひろ]がる,I will spread tomorrow; hirogaru means to spread.
今[いま]広[ひろ]がっている,I am spreading right now; hirogatteiru is the progressive form of hirogaru meaning to spread.
この槍[やり]を知[し]っているか,do you know this spear; yari means spear.
槍[やり]を探[さが]している,I am looking for a javelin; yari also means javelin.
槍[やり]が必要[ひつよう]だ,a lance is needed; yari also means lance.
一緒[いっしょ]に進[すす]める,we will advance together; susumeru means to advance.
皆[みんな]で進[すす]める,all of us carry forward; susumeru also means to carry forward.
今[いま]進[すす]める,now I raise; susumeru also means to raise.
進[すす]めてください,please advance; susumete is the te form of susumeru meaning to advance.
騒[さわ]ぎが必要[ひつよう]だ,an uproar is needed; sawagi means uproar.
そこそこ言[い]った,I said it reasonably; sokosoko means reasonably.
そこそこなった,it turned out hurriedly; sokosoko also means hurriedly.
よく下[さ]がる,I often come down; sagaru means to come down.
これから下[さ]がる,I will hang from now on; sagaru also means to hang.
ちゃんと下[さ]がる,I move back properly; sagaru also means to move back.
下[さ]がってください,please come down; sagatte is the te form of sagaru meaning to come down.
これから役立[やくだ]つ,I will be useful from now on; yakudatsu means to be useful.
役立[やくだ]ってください,please be useful; yakudatte is the te form of yakudatsu meaning to be useful.
やっぱり飢[う]えだ,it is a hunger after all; ue means hunger.
餅[もち]がある,there is a mochi; mochi means mochi.
内緒[ないしょ]を見[み]た,I saw a secrecy; naisho means secrecy.
これは俺[おれ]の内緒[ないしょ]だ,this is my one's circumstances; naisho also means one's circumstances.
内緒[ないしょ]とは何[なん]だ,what is an inner realization; naisho also means inner realization.
それを図[はか]る,I will plan that; hakaru means to plan.
何[なに]を図[はか]るのか,what do you plot; hakaru also means to plot.
明日[あした]図[はか]る,I will aim for tomorrow; hakaru also means to aim for.
図[はか]ってください,please plan; hakatte is the te form of hakaru meaning to plan.
響[ひび]きとは何[なん]だ,what is a commotion; hibiki means commotion.
案外[あんがい]言[い]った,I said it unexpectedly; angai means unexpectedly.
それは無敵[むてき]だ,that one is invincible; muteki means invincible.
探索[たんさく]の事[こと]を言[い]っている,I am talking about a search; tansaku means search.
その拍手[はくしゅ]が欲[ほ]しい,I want that clapping hands; hakushu means clapping hands.
この拍手[はくしゅ]を知[し]っているか,do you know this clapping one's hands in prayer; hakushu also means clapping one's hands in prayer.
このいわいを知[し]っているか,do you know this congratulation; iwai means congratulation.
いわいを探[さが]している,I am looking for a congratulatory gift; iwai also means congratulatory gift.
精[せい]を探[さが]している,I am looking for a spirit; sei means spirit.
精[せい]が必要[ひつよう]だ,an energy is needed; sei also means energy.
これは精[せい]だ,this is a fine details; sei also means fine details.
抽出[ちゅうしゅつ]が必要[ひつよう]だ,an extraction is needed; chuushutsu means extraction.
これは褒美[ほうび]だ,this is a reward; houbi means reward.
すごく膨大[ぼうだい]だ,it is really huge; boudai means huge.
麻痺[まひ]じゃない,it is not paralysis; mahi means paralysis.
明日[あした]慣[な]れる,I will get used to tomorrow; nareru means to get used to.
皆[みんな]で慣[な]れる,all of us become skilled in; nareru also means to become skilled in.
今[いま]慣[な]れる,now I become tame; nareru also means to become tame.
あの時[とき]慣[な]れてきた,I was getting used to back then; naretekita is the past progressive form of nareru meaning to get used to.
何[なに]も慣[な]れない,I do not get used to anything; narenai is the negative form of nareru meaning to get used to.
慣[な]れてください,please get used to; narete is the te form of nareru meaning to get used to.
明日[あした]用[もち]いる,I will use tomorrow; mochiiru means to use.
俺[おれ]のために用[もち]いてください,please use for me; mochiite is the te form of mochiiru meaning to use.
俺[おれ]が用[もち]いた,I am the one who used; mochiita is the past form of mochiiru meaning to use.
締結[ていけつ]を見[み]た,I saw a conclusion; teiketsu means conclusion.
これは俺[おれ]の大騒[おおさわ]ぎだ,this is my clamour; oosawagi means clamour.
派閥[はばつ]とは何[なん]だ,what is a clique; habatsu means clique.
よく嫌[きら]う,I often hate; kirau means to hate.
これから嫌[きら]う,I will avoid from now on; kirau also means to avoid.
たまに嫌[きら]う,I disregard once in a while; kirau also means to disregard.
もう嫌[きら]っていた,I was already hating; kiratteita is the past progressive form of kirau meaning to hate.
これから生[う]む,I will give birth from now on; umu means to give birth.
たまに生[う]む,I produce once in a while; umu also means to produce.
たまに限[かぎ]る,I restrict once in a while; kagiru means to restrict.
ちゃんと限[かぎ]る,I am restricted to properly; kagiru also means to be restricted to.
俺[おれ]が限[かぎ]る,I am the one who will be best; kagiru also means to be best.
何[なに]も限[かぎ]らない,I do not restrict anything; kagiranai is the negative form of kagiru meaning to restrict.
今[いま]限[かぎ]ります,now I restrict; kagirimasu is the polite form of kagiru meaning to restrict.
その集落[しゅうらく]が欲[ほ]しい,I want that settlement; shuuraku means settlement.
この集落[しゅうらく]を知[し]っているか,do you know this colony; shuuraku also means colony.
この頂戴[ちょうだい]を知[し]っているか,do you know this receiving; choudai means receiving.
明日[あした]吹[ふ]く,I will blow tomorrow; fuku means to blow.
何[なに]を吹[ふ]くのか,what do you play; fuku also means to play.
一緒[いっしょ]に吹[ふ]く,we will emit together; fuku also means to emit.
ちびが必要[ひつよう]だ,a small child is needed; chibi means small child.
これはちびだ,this is a short person; chibi also means short person.
本当[ほんとう]のちびだ,it is a real small animal; chibi also means small animal.
これはミサだ,this is a Mass; misa means Mass.
本当[ほんとう]の柵[さく]だ,it is a real fence; saku means fence.
試練[しれん]じゃない,it is not a test; shiren means test.
今[いま]間違[まちが]える,now I make a mistake; machigaeru means to make a mistake.
よく間違[まちが]える,I often mistake; machigaeru also means to mistake.
間違[まちが]えたらいい,it is fine if I make a mistake; machigaetara is the conditional form of machigaeru meaning to make a mistake.
セーフがある,there is a safe; seefu means safe.
セーフを見[み]た,I saw an in; seefu also means in.
天空[てんくう]を見[み]た,I saw a sky; tenkuu means sky.
これは俺[おれ]のフレアだ,this is my flare; furea means flare.
ちゃんと辿[たど]り着[つ]く,I arrive at properly; tadoritsuku means to arrive at.
大[おお]きな波動[はどう]だ,it is a big wave motion; hadou means wave motion.
それは波動[はどう]じゃない,that is not a wave; hadou also means wave.
それを拾[ひろ]う,I will pick up that; hirou means to pick up.
何[なに]を拾[ひろ]うのか,what do you find; hirou also means to find.
明日[あした]拾[ひろ]う,I will select tomorrow; hirou also means to select.
もう拾[ひろ]ってきた,I was already picking up; hirottekita is the past progressive form of hirou meaning to pick up.
拾[ひろ]ってください,please pick up; hirotte is the te form of hirou meaning to pick up.
その味覚[みかく]が欲[ほ]しい,I want that taste; mikaku means taste.
このくいを知[し]っているか,do you know this stake; kui means stake.
供[とも]を探[さが]している,I am looking for a companion; tomo means companion.
依代[よりしろ]が必要[ひつよう]だ,an object representative of a divine spirit is needed; yorishiro means object representative of a divine spirit.
本当[ほんとう]の怪盗[かいとう]だ,it is a real mysterious thief; kaitou means mysterious thief.
憑依[ひょうい]じゃない,it is not a possession; hyoui means possession.
やっぱり渦[うず]だ,it is a whirlpool after all; uzu means whirlpool.
俺[おれ]が継[つ]ぐ,I am the one who will succeed; tsugu means to succeed.
それを継[つ]ぐ,I will patch that; tsugu also means to patch.
何[なに]を継[つ]ぐのか,what do you add; tsugu also means to add.
俺[おれ]のために継[つ]いでください,please succeed for me; tsuide is the te form of tsugu meaning to succeed.
ただいま、分[わ]かった,I'm home I understand; tadaima means I'm home.
これは俺[おれ]の引[ひ]き分[わ]けだ,this is my draw; hikiwake means draw.
因縁[いんねん]とは何[なん]だ,what is a fate; innen means fate.
大[おお]きな因縁[いんねん]だ,it is a big connection; innen also means connection.
それは因縁[いんねん]じゃない,that is not a pretext; innen also means pretext.
大[おお]きな一筋[ひとすじ]だ,it is a big one line; hitosuji means one line.
それは操[みさお]じゃない,that is not a fidelity; misao means fidelity.
操[みさお]の事[こと]を言[い]っている,I am talking about a chastity; misao also means chastity.
今[いま]預[あず]ける,now I leave; azukeru means to leave.
よく預[あず]ける,I often put in charge of; azukeru also means to put in charge of.
これから預[あず]ける,I will lean on from now on; azukeru also means to lean on.
俺[おれ]のために預[あず]けてください,please leave for me; azukete is the te form of azukeru meaning to leave.
よく下[お]ろす,I often take down; orosu means to take down.
これから下[お]ろす,I will drop off from now on; orosu also means to drop off.
たまに下[お]ろす,I withdraw once in a while; orosu also means to withdraw.
下[お]ろしてください,please take down; oroshite is the te form of orosu meaning to take down.
まだ卸[おろ]さない,I do not take down yet; orosanai is the negative form of orosu meaning to take down.
この退位[たいい]を知[し]っているか,do you know this abdication; taii means abdication.
ちゃんと乗[の]り越[こ]える,I climb over properly; norikoeru means to climb over.
俺[おれ]が乗[の]り越[こ]える,I am the one who will overcome; norikoeru also means to overcome.
明日[あした]乗[の]り越[こ]える,I will surpass tomorrow; norikoeru also means to surpass.
もう乗[の]り越[こ]えました,I already climbed over; norikoemashita is the polite past form of norikoeru meaning to climb over.
これは短気[たんき]だ,this one is short temper; tanki means short temper.
これは議題[ぎだい]だ,this is a topic of discussion; gidai means topic of discussion.
本当[ほんとう]の交易[こうえき]だ,it is a real trade; koueki means trade.
しかえしじゃない,it is not a payback; shikaeshi means payback.
明日[あした]汚[けが]す,I will pollute tomorrow; kegasu means to pollute.
一緒[いっしょ]に汚[けが]す,we will disgrace together; kegasu also means to disgrace.
皆[みんな]で焼[や]ける,all of us burn; yakeru means to burn.
今[いま]焼[や]ける,now I am roasted; yakeru also means to be roasted.
よく焼[や]ける,I often am sunburnt; yakeru also means to be sunburnt.
昨日[きのう]焼[や]けた,yesterday I burned; yaketa is the past form of yakeru meaning to burn.
今[いま]焼[や]けてます,now I burn; yaketemasu is the polite form of yakeru meaning to burn.
瘤[こぶ]を見[み]た,I saw a bump; kobu means bump.
これは俺[おれ]の戯言[ざれごと]だ,this is my nonsense; zaregoto means nonsense.
よく改[あらた]める,I often change; aratameru means to change.
これから改[あらた]める,I will reform from now on; aratameru also means to reform.
たまに改[あらた]める,I examine once in a while; aratameru also means to examine.
それを改[あらた]めまして,I will change that; aratamemashite is the polite form of aratameru meaning to change.
これから旅立[たびだ]つ,I will begin a trip from now on; tabidatsu means to begin a trip.
ちゃんと旅立[たびだ]つ,I die properly; tabidatsu also means to die.
もう旅立[たびだ]った,I already began a trip; tabidatta is the past form of tabidatsu meaning to begin a trip.
それは愚[おろ]か者[もの]じゃない,that is not a fool; orokamono means fool.
テンプルの事[こと]を言[い]っている,I am talking about a temple; tempuru means temple.
これは互角[ごかく]だ,this one is equal; gokaku means equal.
それを脅[おど]す,I will threaten that; odosu means to threaten.
薬草[やくそう]を探[さが]している,I am looking for a medicinal herb; yakusou means medicinal herb.
明日[あした]見[み]なす,I will regard tomorrow; minasu means to regard.
見[み]なしてください,please regard; minashite is the te form of minasu meaning to regard.
これは盟友[めいゆう]だ,this is a sworn friend; meiyuu means sworn friend.
本当[ほんとう]のコサックだ,it is a real Cossack; kosakku means Cossack.
今[いま]引[ひ]き取[と]る,now I take into one's possession; hikitoru means to take into one's possession.
よく引[ひ]き取[と]る,I often take into one's care; hikitoru also means to take into one's care.
これから引[ひ]き取[と]る,I will leave from now on; hikitoru also means to leave.
よく化[ば]ける,I often take the form of; bakeru means to take the form of.
これから化[ば]ける,I will disguise oneself from now on; bakeru also means to disguise oneself.
ちゃんと化[ば]ける,I change properly; bakeru also means to change.
化[ば]けてください,please take the form of; bakete is the te form of bakeru meaning to take the form of.
昨日[きのう]化[ば]けた,yesterday I took the form of; baketa is the past form of bakeru meaning to take the form of.
謙遜[けんそん]がある,there is a modesty; kenson means modesty.
何[なに]しろ言[い]った,I said it in any case; nanishiro means in any case.
何[なに]しろなった,it turned out because; nanishiro also means because.
ちゃんと晴[は]らす,I dispel properly; harasu means to dispel.
俺[おれ]が晴[は]らす,I am the one who will accomplish a goal; harasu also means to accomplish a goal.
あいつに晴[は]らさせて,I will make that guy dispel; harasasete is the causative form of harasu meaning to dispel.
やおやとは何[なん]だ,what is a greengrocer; yaoya means greengrocer.
大[おお]きなやおやだ,it is a big jack of all trades; yaoya also means jack of all trades.
それをためる,I will amass that; tameru means to amass.
何[なに]をためるのか,what do you leave unpaid; tameru also means to leave unpaid.
ためてください,please amass; tamete is the te form of tameru meaning to amass.
それは鼻歌[はなうた]じゃない,that is not a humming; hanauta means humming.
謁見[えっけん]の事[こと]を言[い]っている,I am talking about an audience; ekken means audience.
その仰[おお]せが欲[ほ]しい,I want that order; oose means order.
この仰[おお]せを知[し]っているか,do you know this what you say; oose also means what you say.
この腕輪[うでわ]を知[し]っているか,do you know this bracelet; udewa means bracelet.
今[いま]甘[あま]やかす,now I pamper; amayakasu means to pamper.
誰[だれ]も甘[あま]やかさないで,nobody will pamper; amayakasanaide is the negative form of amayakasu meaning to pamper.
あちこちなった,it turned out here and there; achikochi means here and there.
本当[ほんとう]の鉱[こう]だ,it is a real ore; kou means ore.
すごく不埒[ふらち]だ,it is really lawless; furachi means lawless.
ひとまずいい,it is for now good; hitomazu means for now.
ひとまずした,I did it though not quite satisfactorily; hitomazu also means though not quite satisfactorily.
何[なに]を押[お]さえ込[こ]むのか,what do you pin down; osaekomu means to pin down.
明日[あした]押[お]さえ込[こ]む,I will shut out tomorrow; osaekomu also means to shut out.
一緒[いっしょ]に押[お]さえ込[こ]む,we will suppress together; osaekomu also means to suppress.
誰[だれ]も抑[おさ]え込[こ]めなく,nobody will pin down; osaekomenaku is the negative form of osaekomu meaning to pin down.
これは俺[おれ]の手筈[てはず]だ,this is my arrangements; tehazu means arrangements.
それは不肖[ふしょう]だ,that one is unworthy; fushou means unworthy.
大[おお]きな呪法[じゅほう]だ,it is a big magic; juhou means magic.
今[いま]引[ひ]き続[つづ]く,now I continue; hikitsuzuku means to continue.
よく明[あ]く,I often open; aku means to open.
これから明[あ]く,I will be empty from now on; aku also means to be empty.
ちゃんと明[あ]く,I am vacant properly; aku also means to be vacant.
今[いま]あきまへん,now I open; akimahen is the polite form of aku meaning to open.
やがていい,it is before long good; yagate means before long.
やがてした,I did it almost; yagate also means almost.
やがて言[い]った,I said it finally; yagate also means finally.
始[はじ]め言[い]った,I said it beginning; hajime means beginning.
これは始[はじ]めだ,this is a first; hajime also means first.
それは得[とく]だ,that one is profit; toku means profit.
本当[ほんとう]の活動[かつどう]だ,it is a real activity; katsudou means activity.
やっぱり期間[きかん]だ,it is a period after all; kikan means period.
記念[きねん]がある,there is a commemoration; kinen means commemoration.
記念[きねん]を見[み]た,I saw a memento; kinen also means memento.
教育[きょういく]を見[み]た,I saw an education; kyouiku means education.
これは俺[おれ]の教育[きょういく]だ,this is my culture; kyouiku also means culture.
これは俺[おれ]の事業[じぎょう]だ,this is my business; jigyou means business.
事業[じぎょう]とは何[なん]だ,what is a project; jigyou also means project.
専門[せんもん]とは何[なん]だ,what is a speciality; semmon means speciality.
大[おお]きな専門[せんもん]だ,it is a big sole interest; semmon also means sole interest.
全体[ぜんたい]なった,it turned out whole; zentai means whole.
皆[みんな]嫌[きら]いだ,everyone is disliking; kirai means disliking.
嫌[きら]いの事[こと]を言[い]っている,I am talking about a tendency; kirai also means tendency.
運営[うんえい]の事[こと]を言[い]っている,I am talking about a management; unei means management.
髪[かみ]を探[さが]している,I am looking for a hair; kami means hair.
男子[だんし]が必要[ひつよう]だ,a boy is needed; danshi means boy.
これは男子[だんし]だ,this is a man; danshi also means man.
これは通信[つうしん]だ,this is a correspondence; tsuushin means correspondence.
本当[ほんとう]の都[と]だ,it is a real capital; to means capital.
都[と]じゃない,it is not a location of the Imperial Palace; to also means location of the Imperial Palace.
皆[みんな]本真[ほんま]だ,everyone is truth; homma means truth.
やっぱり装置[そうち]だ,it is an equipment after all; souchi means equipment.
装置[そうち]がある,there is a stage setting; souchi also means stage setting.
複数[ふくすう]がある,there is a plural; fukusuu means plural.
例[たと]えばなった,it turned out for example; tatoeba means for example.
皆[みんな]同様[どうよう]だ,everyone is same; douyou means same.
川[かわ]とは何[なん]だ,what is a river; kawa means river.
大[おお]きな感覚[かんかく]だ,it is a big sense; kankaku means sense.
とても古[ふる]い,it is very old; furui means old.
すごく古[ふる]い,it is really long; furui also means long.
実験[じっけん]の事[こと]を言[い]っている,I am talking about an experiment; jikken means experiment.
休[やす]みを探[さが]している,I am looking for a rest; yasumi means rest.
休[やす]みが必要[ひつよう]だ,a vacation is needed; yasumi also means vacation.
集中[しゅうちゅう]が必要[ひつよう]だ,a concentration is needed; shuuchuu means concentration.
これは集中[しゅうちゅう]だ,this is a within a collection of works; shuuchuu also means within a collection of works.
これは死亡[しぼう]だ,this is a death; shibou means death.
本当[ほんとう]の銃[じゅう]だ,it is a real gun; juu means gun.
玉[たま]じゃない,it is not a ball; tama means ball.
やっぱり玉[たま]だ,it is a bead after all; tama also means bead.
やっぱり感想[かんそう]だ,it is impressions after all; kansou means impressions.
範囲[はんい]がある,there is an extent; hani means extent.
達成[たっせい]を見[み]た,I saw an achievement; tassei means achievement.
これは俺[おれ]の興奮[こうふん]だ,this is my excitement; koufun means excitement.
遅[おく]れとは何[なん]だ,what is a delay; okure means delay.
大[おお]きな遅[おく]れだ,it is a big falling behind in; okure also means falling behind in.
これは巨大[きょだい]だ,this one is huge; kyodai means huge.
それは認定[にんてい]じゃない,that is not an authorization; nintei means authorization.
調整[ちょうせい]の事[こと]を言[い]っている,I am talking about an adjustment; chousei means adjustment.
その速度[そくど]が欲[ほ]しい,I want that speed; sokudo means speed.
この速度[そくど]を知[し]っているか,do you know this velocity; sokudo also means velocity.
この野菜[やさい]を知[し]っているか,do you know this vegetable; yasai means vegetable.
ケーキを探[さが]している,I am looking for a cake; keeki means cake.
それは共通[きょうつう]だ,that one is common; kyoutsuu means common.
これは共通[きょうつう]だ,this is a -wide; kyoutsuu also means -wide.
これは別[わか]れだ,this is a parting; wakare means parting.
本当[ほんとう]の別[わか]れだ,it is a real breakup; wakare also means breakup.
本当[ほんとう]の違反[いはん]だ,it is a real violation; ihan means violation.
加工[かこう]じゃない,it is not a manufacturing; kakou means manufacturing.
毎回[まいかい]なった,it turned out every time; maikai means every time.
列車[れっしゃ]がある,there is a train; ressha means train.
衣装[いしょう]を見[み]た,I saw a clothing; ishou means clothing.
これは俺[おれ]の向上[こうじょう]だ,this is my elevation; koujou means elevation.
日々[ひび]とは何[なん]だ,what is a daily; hibi means daily.
大[おお]きな日々[ひび]だ,it is a big days; hibi also means days.
大[おお]きな昼[ひる]だ,it is a big noon; hiru means noon.
それは昼[ひる]じゃない,that is not a lunch; hiru also means lunch.
それは背中[せなか]じゃない,that is not a back; senaka means back.
一定[いってい]の事[こと]を言[い]っている,I am talking about a to fix; ittei means to fix.
その一定[いってい]が欲[ほ]しい,I want that constant; ittei also means constant.
その季節[きせつ]が欲[ほ]しい,I want that season; kisetsu means season.
この腰[こし]を知[し]っているか,do you know this lower back; koshi means lower back.
腰[こし]を探[さが]している,I am looking for a body; koshi also means body.
いきおいを探[さが]している,I am looking for a force; ikioi means force.
いきおいが必要[ひつよう]だ,an influence is needed; ikioi also means influence.
対処[たいしょ]が必要[ひつよう]だ,a dealing with is needed; taisho means dealing with.
これは刀[かたな]だ,this is a sword; katana means sword.
本当[ほんとう]の刀[かたな]だ,it is a real scalpel; katana also means scalpel.
本当[ほんとう]の混乱[こんらん]だ,it is a real disorder; konran means disorder.
低下[ていか]じゃない,it is not a fall; teika means fall.
やっぱり把握[はあく]だ,it is a grasp after all; haaku means grasp.
物理[ぶつり]がある,there is laws of nature; butsuri means laws of nature.
物理[ぶつり]を見[み]た,I saw physics; butsuri also means physics.
輸入[ゆにゅう]を見[み]た,I saw an import; yunyuu means import.
これは俺[おれ]の輸入[ゆにゅう]だ,this is my afferent; yunyuu also means afferent.
これは俺[おれ]の丸投[まるな]げだ,this is my farming out to subcontractors; marunage means farming out to subcontractors.
飛行[ひこう]とは何[なん]だ,what is a flight; hikou means flight.
大[おお]きな判明[はんめい]だ,it is a big becoming clear; hammei means becoming clear.
それは突破[とっぱ]じゃない,that is not a breaking through; toppa means breaking through.
ごくした,I did it quite; goku means quite.
その発揮[はっき]が欲[ほ]しい,I want that show; hakki means show.
呼吸[こきゅう]を探[さが]している,I am looking for a breathing; kokyuu means breathing.
呼吸[こきゅう]が必要[ひつよう]だ,a knack is needed; kokyuu also means knack.
尊敬[そんけい]が必要[ひつよう]だ,a respect is needed; sonkei means respect.
これは確信[かくしん]だ,this is a conviction; kakushin means conviction.
本当[ほんとう]の該当[がいとう]だ,it is a real corresponding to; gaitou means corresponding to.
ヘッドじゃない,it is not a head; heddo means head.
やっぱり移住[いじゅう]だ,it is a migration after all; ijuu means migration.
すごく細[こま]かい,it is really small; komakai means small.
ちょっと細[こま]かい,it is a bit fine; komakai also means fine.
偽[にせ]を見[み]た,I saw an imitation; nise means imitation.
皆[みんな]で増[ふ]やす,all of us increase; fuyasu means to increase.
今[いま]着[き]る,now I wear; kiru means to wear.
よく着[き]る,I often take; kiru also means to take.
着[き]てください,please wear; kite is the te form of kiru meaning to wear.
大[おお]きな遭遇[そうぐう]だ,it is a big encounter; souguu means encounter.
それは大勢[おおぜい]じゃない,that is not a crowd of people; oozei means crowd of people.
決断[けつだん]の事[こと]を言[い]っている,I am talking about a decision; ketsudan means decision.
その気味[きみ]が欲[ほ]しい,I want that sensation; kimi means sensation.
この気味[きみ]を知[し]っているか,do you know this tendency; kimi also means tendency.
このミリを知[し]っているか,do you know this millimetre; miri means millimetre.
品質[ひんしつ]を探[さが]している,I am looking for a quality; hinshitsu means quality.
遺体[いたい]が必要[ひつよう]だ,a body is needed; itai means body.
本当[ほんとう]の寿命[じゅみょう]だ,it is a real lifespan; jumyou means lifespan.
寿命[じゅみょう]じゃない,it is not a life; jumyou also means life.
皆[みんな]で伝[つた]わる,all of us spread; tsutawaru means to spread.
今[いま]伝[つた]わる,now I am handed down; tsutawaru also means to be handed down.
やっぱり何事[なにごと]だ,it is a what after all; nanigoto means what.
何事[なにごと]がある,there is an everything; nanigoto also means everything.
輪尾[わお]、分[わ]かった,wow I understand; wao means wow.
皆[みんな]賢[かしこ]い,everyone is wise; kashikoi means wise.
これは俺[おれ]の追放[ついほう]だ,this is my exile; tsuihou means exile.
梨[なし]とは何[なん]だ,what is a nashi; nashi means nashi.
大[おお]きな演説[えんぜつ]だ,it is a big speech; enzetsu means speech.
それは後[うし]ろ盾[だて]じゃない,that is not a backing; ushirodate means backing.
後[うし]ろ盾[だて]の事[こと]を言[い]っている,I am talking about a shield that protects one's back; ushirodate also means shield that protects one's back.
推定[すいてい]の事[こと]を言[い]っている,I am talking about a presumption; suitei means presumption.
その入[い]り口[ぐち]が欲[ほ]しい,I want that entrance; iriguchi means entrance.
一緒[いっしょ]に戻[もど]す,we will put back together; modosu means to put back.
皆[みんな]で戻[もど]す,all of us vomit; modosu also means to vomit.
すごく同一[どういつ]だ,it is really identical; douitsu means identical.
それは同一[どういつ]だ,that one is fair; douitsu also means fair.
昨夜[ゆうべ]なった,it turned out last night; yuube means last night.
これは激怒[げきど]だ,this is a rage; gekido means rage.
本当[ほんとう]の霧[きり]だ,it is a real fog; kiri means fog.
霧[きり]じゃない,it is not a spray; kiri also means spray.
壊滅[かいめつ]じゃない,it is not a destruction; kaimetsu means destruction.
それは気楽[きらく]だ,that one is carefree; kiraku means carefree.
皆[みんな]気楽[きらく]だ,everyone is easygoing; kiraku also means easygoing.
セントがある,there is a cent; sento means cent.
国外[こくがい]を見[み]た,I saw an outside the country; kokugai means outside the country.
これは俺[おれ]の隔離[かくり]だ,this is my isolation; kakuri means isolation.
必殺[ひっさつ]とは何[なん]だ,what is a bringing certain death; hissatsu means bringing certain death.
皆[みんな]で迫[せま]る,all of us approach; semaru means to approach.
今[いま]迫[せま]る,now I press; semaru also means to press.
皆[みんな]で巡[めぐ]る,all of us go around; meguru means to go around.
今[いま]巡[めぐ]る,now I surround; meguru also means to surround.
偵察[ていさつ]の事[こと]を言[い]っている,I am talking about a scouting; teisatsu means scouting.
その出入[でい]りが欲[ほ]しい,I want that going in and out; deiri means going in and out.
この出入[でい]りを知[し]っているか,do you know this income and expenditure; deiri also means income and expenditure.
これから導[みちび]く,I will guide from now on; michibiku means to guide.
たまに導[みちび]く,I derive once in a while; michibiku also means to derive.
しい、分[わ]かった,thought I understand; shii means thought.
手足[てあし]が必要[ひつよう]だ,hands and feet is needed; teashi means hands and feet.
これは手足[てあし]だ,this is a person at one's beck and call; teashi also means person at one's beck and call.
これは鉱山[こうざん]だ,this is a mine; kouzan means mine.
それを担[にな]う,I will carry on one's shoulder that; ninau means to carry on one's shoulder.
何[なに]を担[にな]うのか,what do you bear; ninau also means to bear.
消去[しょうきょ]じゃない,it is not an erasure; shoukyo means erasure.
やっぱり賛同[さんどう]だ,it is an approval after all; sandou means approval.
羽根[はね]がある,there is a feather; hane means feather.
羽根[はね]を見[み]た,I saw a wing; hane also means wing.
わくわくいい,it is to be excited good; wakuwaku means to be excited.
武力[ぶりょく]とは何[なん]だ,what is an armed might; buryoku means armed might.
それは無力[むりょく]だ,that one is powerlessness; muryoku means powerlessness.
たまに叩[たた]き潰[つぶ]す,I crush once in a while; tatakitsubusu means to crush.
ちゃんと叩[たた]き潰[つぶ]す,I defeat soundly properly; tatakitsubusu also means to defeat soundly.
荷[に]の事[こと]を言[い]っている,I am talking about a load; ni means load.
その荷[に]が欲[ほ]しい,I want that burden; ni also means burden.
すごく盛大[せいだい]だ,it is really grand; seidai means grand.
それは盛大[せいだい]だ,that one is forceful; seidai also means forceful.
この役職[やくしょく]を知[し]っているか,do you know this post; yakushoku means post.
役職[やくしょく]を探[さが]している,I am looking for a managerial position; yakushoku also means managerial position.
明日[あした]飽[あ]きる,I will become sated tomorrow; akiru means to become sated.
司祭[しさい]が必要[ひつよう]だ,a priest is needed; shisai means priest.
これは細工[さいく]だ,this is a work; saiku means work.
本当[ほんとう]の盆[ぼん]だ,it is a real tray; bon means tray.
盆[ぼん]じゃない,it is not a family; bon also means family.
今[いま]見直[みなお]す,now I look at again; minaosu means to look at again.
よく見直[みなお]す,I often re-examine; minaosu also means to re-examine.
皆[みんな]で見直[みなお]した,all of us looked at again; minaoshita is the past form of minaosu meaning to look at again.
やっぱり欠片[かけら]だ,it is a fragment after all; kakera means fragment.
欠片[かけら]がある,there is an ounce; kakera also means ounce.
人参[にんじん]がある,there is a carrot; ninjin means carrot.
人参[にんじん]を見[み]た,I saw an Asian ginseng; ninjin also means Asian ginseng.
たまに味[あじ]わう,I taste once in a while; ajiwau means to taste.
ちゃんと味[あじ]わう,I appreciate properly; ajiwau also means to appreciate.
これは俺[おれ]のナインだ,this is my nine; nain means nine.
ナインとは何[なん]だ,what is a team; nain also means team.
布告[ふこく]とは何[なん]だ,what is an edict; fukoku means edict.
大[おお]きな野望[やぼう]だ,it is a big ambition; yabou means ambition.
明日[あした]亡[な]くなる,I will die tomorrow; nakunaru means to die.
もう亡[な]くなった,I already died; nakunatta is the past form of nakunaru meaning to die.
明日[あした]向[む]く,I will turn toward tomorrow; muku means to turn toward.
一緒[いっしょ]に向[む]く,we will face together; muku also means to face.
俺[おれ]のために向[む]いてください,please turn toward for me; muite is the te form of muku meaning to turn toward.
その服従[ふくじゅう]が欲[ほ]しい,I want that obedience; fukujuu means obedience.
この宣戦[せんせん]を知[し]っているか,do you know this declaration of war; sensen means declaration of war.
今[いま]狂[くる]う,now I go mad; kuruu means to go mad.
よく狂[くる]う,I often get out of order; kuruu also means to get out of order.
よく掘[ほ]る,I often dig; horu means to dig.
これから掘[ほ]る,I will delve into from now on; horu also means to delve into.
これから生[い]かす,I will make use of from now on; ikasu means to make use of.
たまに生[い]かす,I let live once in a while; ikasu also means to let live.
生[い]かしてください,please make use of; ikashite is the te form of ikasu meaning to make use of.
本当[ほんとう]の側近[そっきん]だ,it is a real close aide; sokkin means close aide.
疑似[ぎじ]じゃない,it is not a pseudo; giji means pseudo.
やっぱり疑似[ぎじ]だ,it is a suspected after all; giji also means suspected.
やっぱり最古[さいこ]だ,it is the oldest after all; saiko means the oldest.
これは賑[にぎ]やかだ,this one is bustling; nigiyaka means bustling.
すごく賑[にぎ]やかだ,it is really lively; nigiyaka also means lively.
何[なに]を急[いそ]ぐのか,what do you hurry; isogu means to hurry.
これは俺[おれ]の粛清[しゅくせい]だ,this is my purge; shukusei means purge.
一緒[いっしょ]に話[はな]し合[あ]う,we will discuss together; hanashiau means to discuss.
大[おお]きな雑草[ざっそう]だ,it is a big weed; zassou means weed.
すごく無害[むがい]だ,it is really harmless; mugai means harmless.
よく癒[いや]す,I often heal; iyasu means to heal.
これから引[ひ]っ越[こ]す,I will move from now on; hikkosu means to move.
この手本[てほん]を知[し]っているか,do you know this model; tehon means model.
手本[てほん]を探[さが]している,I am looking for a model handwriting; tehon also means model handwriting.
ちゃんと解[と]ける,I am solved properly; tokeru means to be solved.
俺[おれ]が解[と]ける,I am the one who will come loose; tokeru also means to come loose.
もう解[と]けた,I already was solved; toketa is the past form of tokeru meaning to be solved.
公爵[こうしゃく]が必要[ひつよう]だ,a prince is needed; koushaku means prince.
皆[みんな]スイートだ,everyone is sweet; suiito means sweet.
本当[ほんとう]のぐうだ,it is a real rock; guu means rock.
てあてじゃない,it is not a salary; teate means salary.
やっぱりてあてだ,it is a medical care after all; teate also means medical care.
やっぱりディだ,it is a D after all; di means D.
ディがある,there is a director; di also means director.
本題[ほんだい]がある,there is a main topic; hondai means main topic.
本題[ほんだい]を見[み]た,I saw this subject; hondai also means this subject.
これは大袈裟[おおげさ]だ,this one is exaggerated; oogesa means exaggerated.
よく滅[ほろ]びる,I often go to ruin; horobiru means to go to ruin.
昨日[きのう]滅[ほろ]びた,yesterday I went to ruin; horobita is the past form of horobiru meaning to go to ruin.
これから離[はな]す,I will separate from now on; hanasu means to separate.
俺[おれ]のために離[はな]してください,please separate for me; hanashite is the te form of hanasu meaning to separate.
大[おお]きな庇護[ひご]だ,it is a big patronage; higo means patronage.
それは氷結[ひょうけつ]じゃない,that is not a freezing; hyouketsu means freezing.
すごくよほどだ,it is really very; yohodo means very.
よほどなった,it turned out just about to; yohodo also means just about to.
明日[あした]逝[い]く,I will die tomorrow; iku means to die.
昨日[きのう]逝[い]った,yesterday I died; itta is the past form of iku meaning to die.
明日[あした]冷[さ]める,I will cool down tomorrow; sameru means to cool down.
皆[みんな]で冷[さ]める,all of us cool off; sameru also means to cool off.
誰[だれ]も冷[さ]めない,nobody will cool down; samenai is the negative form of sameru meaning to cool down.
大妖[たいよう]を探[さが]している,I am looking for a great demon; taiyou means great demon.
恩人[おんじん]が必要[ひつよう]だ,a benefactor is needed; onjin means benefactor.
皆[みんな]で潜[もぐ]る,all of us go under; moguru means to go under.
今[いま]潜[もぐ]る,now I dive; moguru also means to dive.
今[いま]吹[ふ]き飛[と]ばす,now I blow away; fukitobasu means to blow away.
よく吹[ふ]き飛[と]ばす,I often dispel; fukitobasu also means to dispel.
よく飲[の]み込[こ]む,I often swallow; nomikomu means to swallow.
これから飲[の]み込[こ]む,I will understand from now on; nomikomu also means to understand.
やっぱりひょうだ,it is a label after all; hyou means label.
キャンピングがある,there is a camping; kyampingu means camping.
災厄[さいやく]を見[み]た,I saw a calamity; saiyaku means calamity.
これは野暮[やぼ]だ,this one is boorish; yabo means boorish.
スパイダーとは何[なん]だ,what is a spider; supaida means spider.
何[なに]をうかがうのか,what do you call on someone; ukagau means to call on someone.
明日[あした]うかがう,I will ask tomorrow; ukagau also means to ask.
皆[みんな]うかつだ,everyone is careless; ukatsu means careless.
皆[みんな]で吹[ふ]き飛[と]ぶ,all of us am blown off; fukitobu means to be blown off.
今[いま]吹[ふ]き飛[と]ぶ,now I vanish; fukitobu also means to vanish.
その直属[ちょくぞく]が欲[ほ]しい,I want that direct control; chokuzoku means direct control.
この破門[はもん]を知[し]っているか,do you know this expulsion; hamon means expulsion.
来襲[らいしゅう]を探[さが]している,I am looking for an attack; raishuu means attack.
命運[めいうん]が必要[ひつよう]だ,a fate is needed; meiun means fate.
たまに落[お]ち着[つ]ける,I quiet once in a while; ochitsukeru means to quiet.
ちゃんとしとめる,I bring down properly; shitomeru means to bring down.
俺[おれ]が名付[なづ]ける,I am the one who will name; nazukeru means to name.
名付[なづ]けてください,please name; nazukete is the te form of nazukeru meaning to name.
厄災[やくさい]がある,there is a calamity; yakusai means calamity.
しまいを見[み]た,I saw an end; shimai means end.
これは俺[おれ]のしまいだ,this is my noh dance in plain clothes; shimai also means noh dance in plain clothes.
これは俺[おれ]の秘術[ひじゅつ]だ,this is my secret art; hijutsu means secret art.
分際[ぶんざい]とは何[なん]だ,what is one's social standing; bunzai means one's social standing.
すごくジャイアントだ,it is really giant; jaianto means giant.
それは証[あか]しじゃない,that is not a mark; akashi means mark.
証[あか]しの事[こと]を言[い]っている,I am talking about a symbol; akashi also means symbol.
これからはまる,I will fit from now on; hamaru means to fit.
ちゃんとはまる,I am fit for properly; hamaru also means to be fit for.
その盟約[めいやく]が欲[ほ]しい,I want that oath; meiyaku means oath.
この聖典[せいてん]を知[し]っているか,do you know this sacred scripture; seiten means sacred scripture.
聖典[せいてん]を探[さが]している,I am looking for writings of a sage; seiten also means writings of a sage.
サラマンダーを探[さが]している,I am looking for a salamander; saramanda means salamander.
それを傷付[きずつ]ける,I will wound that; kizutsukeru means to wound.
何[なに]を傷付[きずつ]けるのか,what do you hurt someone's feelings; kizutsukeru also means to hurt someone's feelings.
何[なに]を処[しょ]するのか,what do you manage; shosuru means to manage.
明日[あした]処[しょ]する,I will sentence tomorrow; shosuru also means to sentence.
本当[ほんとう]の秘薬[ひやく]だ,it is a real secret medicine; hiyaku means secret medicine.
秘薬[ひやく]じゃない,it is not a wonder drug; hiyaku also means wonder drug.
一緒[いっしょ]に宿[やど]す,we will house together; yadosu means to house.
皆[みんな]で宿[やど]す,all of us carry; yadosu also means to carry.
皆[みんな]で慕[した]う,all of us yearn for; shitau means to yearn for.
今[いま]慕[した]う,now I follow; shitau also means to follow.
俺[おれ]のために慕[した]ってください,please yearn for for me; shitatte is the te form of shitau meaning to yearn for.
今[いま]彫[ほ]る,now I carve; horu means to carve.
よく彫[ほ]る,I often tattoo; horu also means to tattoo.
俺[おれ]がほれた,I am the one who carved; horeta is the past form of horu meaning to carve.
よく掻[か]く,I often scratch; kaku means to scratch.
これから掻[か]く,I will perspire from now on; kaku also means to perspire.
それは腕利[うで]きだ,that one is highly skilled; udekiki means highly skilled.
腕利[うで]きとは何[なん]だ,what is a particularly able person; udekiki also means particularly able person.
ちゃんと凝[こご]る,I congeal properly; kogoru means to congeal.
皆[みんな]でこった,all of us congealed; kotta is the past form of kogoru meaning to congeal.
俺[おれ]が逸[はぐ]れる,I am the one who will turn away; hagureru means to turn away.
明日[あした]逸[はぐ]れる,I will deviate tomorrow; hagureru also means to deviate.
俺[おれ]がはぐれた,I am the one who turned away; hagureta is the past form of hagureru meaning to turn away.
かくなった,it turned out like this; kaku means like this.
その天帝[てんてい]が欲[ほ]しい,I want that Shangdi; tentei means Shangdi.
この天帝[てんてい]を知[し]っているか,do you know this God; tentei also means God.
明日[あした]張[は]り切[き]る,I will be in high spirits tomorrow; harikiru means to be in high spirits.
メードを探[さが]している,I am looking for a maid; meedo means maid.
わざとなった,it turned out on purpose; wazato means on purpose.
今[いま]放[ほう]る,now I throw; houru means to throw.
よく放[ほう]る,I often neglect; houru also means to neglect.
俺[おれ]のために放[ほう]ってください,please throw for me; houtte is the te form of houru meaning to throw.
よく捜[さが]し出[だ]す,I often track down; sagashidasu means to track down.
迎賓[げいひん]じゃない,it is not a welcoming honored guests; geihin means welcoming honored guests.
やっぱり雪掻[ゆ]きだ,it is a snow shoveling after all; yukikaki means snow shoveling.
雪掻[ゆ]きがある,there is a snow shovel; yukikaki also means snow shovel.
枢機[すうき]がある,there is an important point; suuki means important point.
枢機[すうき]を見[み]た,I saw an important state matters; suuki also means important state matters.
虫螻[むしけら]を見[み]た,I saw a worm; mushikera means worm.
それを見知[みし]る,I will recognise that; mishiru means to recognise.
魯鈍[ろどん]とは何[なん]だ,what is an imbecility; rodon means imbecility.
からやめた,so I quit; kara means so.
しもべの事[こと]を言[い]っている,I am talking about a servant; shimobe means servant.
そのアニメが欲[ほ]しい,I want that animation; anime means animation.
この出[だ]しを知[し]っているか,do you know this dashi; dashi means dashi.
出[だ]しを探[さが]している,I am looking for a pretext; dashi also means pretext.
愛[あい]を探[さが]している,I am looking for a love; ai means love.
愛[あい]が必要[ひつよう]だ,an attachment is needed; ai also means attachment.
基本[きほん]が必要[ひつよう]だ,basics is needed; kihon means basics.
これは入[い]りだ,this is an entering; iri means entering.
本当[ほんとう]の入[い]りだ,it is a real attendance; iri also means attendance.
過去[かこ]いい,it is the past good; kako means the past.
過去[かこ]じゃない,it is not one's past; kako also means one's past.
期[き]じゃない,it is not a period; ki means period.
やっぱり期[き]だ,it is an opportunity after all; ki also means opportunity.
やっぱり海[うみ]だ,it is a sea after all; umi means sea.
主[おも]になった,it turned out mainly; omoni means mainly.
映像[えいぞう]を見[み]た,I saw an image; eizou means image.
これは俺[おれ]の映像[えいぞう]だ,this is my video; eizou also means video.
これは俺[おれ]の主義[しゅぎ]だ,this is my doctrine; shugi means doctrine.
記録[きろく]とは何[なん]だ,what is a record; kiroku means record.
大[おお]きな妻[つま]だ,it is a big wife; tsuma means wife.
それは妻[つま]じゃない,that is not a garnish; tsuma also means garnish.
それは印象[いんしょう]じゃない,that is not an impression; inshou means impression.
参考[さんこう]の事[こと]を言[い]っている,I am talking about a reference; sankou means reference.
その階[かい]が欲[ほ]しい,I want that storey; kai means storey.
この階[かい]を知[し]っているか,do you know this stairs; kai also means stairs.
この馬[うま]を知[し]っているか,do you know this horse; uma means horse.
馬[うま]を探[さが]している,I am looking for a horse racing; uma also means horse racing.
皆[みんな]明[あき]らかだ,everyone is clear; akiraka means clear.
これは明[あき]らかだ,this one is bright; akiraka also means bright.
値[あたい]が必要[ひつよう]だ,a price is needed; atai means price.
これは値[あたい]だ,this is a value; atai also means value.
これはスタッフだ,this is a staff; sutaffu means staff.
本当[ほんとう]の制限[せいげん]だ,it is a real restriction; seigen means restriction.
生産[せいさん]じゃない,it is not a production; seisan means production.
やっぱり指定[してい]だ,it is a designation after all; shitei means designation.
ラインがある,there is a line; rain means line.
南[みなみ]を見[み]た,I saw a south; minami means south.
これは俺[おれ]の趣味[しゅみ]だ,this is my hobby; shumi means hobby.
趣味[しゅみ]とは何[なん]だ,what is tastes; shumi also means tastes.
練習[れんしゅう]とは何[なん]だ,what is a practice; renshuu means practice.
大[おお]きな主張[しゅちょう]だ,it is a big claim; shuchou means claim.
それは試験[しけん]じゃない,that is not an examination; shiken means examination.
以来[いらい]の事[こと]を言[い]っている,I am talking about a since; irai means since.
その悪[あく]が欲[ほ]しい,I want that evil; aku means evil.
この悪[あく]を知[し]っているか,do you know this the villain; aku also means the villain.
この続[つづ]きを知[し]っているか,do you know this continuation; tsuzuki means continuation.
続[つづ]きを探[さが]している,I am looking for a flow; tsuzuki also means flow.
実現[じつげん]が必要[ひつよう]だ,an implementation is needed; jitsugen means implementation.
これは歩[ほ]だ,this is a pawn; ho means pawn.
前回[ぜんかい]言[い]った,I said it previous time; zenkai means previous time.
所有[しょゆう]じゃない,it is not a possession; shoyuu means possession.
やっぱりローだ,it is a low after all; ro means low.
ローがある,there is a low gear; ro also means low gear.
物質[ぶっしつ]がある,there is a material; busshitsu means material.
物質[ぶっしつ]を見[み]た,I saw a matter; busshitsu also means matter.
建築[けんちく]を見[み]た,I saw a construction; kenchiku means construction.
これは俺[おれ]の笑顔[えがお]だ,this is my smiling face; egao means smiling face.
美人[びじん]とは何[なん]だ,what is a beautiful woman; bijin means beautiful woman.
大[おお]きなバランスだ,it is a big balance; baransu means balance.
それは待[ま]ちじゃない,that is not a waiting; machi means waiting.
待[ま]ちの事[こと]を言[い]っている,I am talking about a wait tile; machi also means wait tile.
発行[はっこう]の事[こと]を言[い]っている,I am talking about a publication; hakkou means publication.
その素材[そざい]が欲[ほ]しい,I want that ingredient; sozai means ingredient.
この素材[そざい]を知[し]っているか,do you know this unprocessed timber; sozai also means unprocessed timber.
この働[はたら]きを知[し]っているか,do you know this work; hataraki means work.
働[はたら]きを探[さが]している,I am looking for an achievement; hataraki also means achievement.
聖[せい]を探[さが]している,I am looking for a Saint; sei means Saint.
それは聖[せい]だ,that one is sacred; sei also means sacred.
トラブルが必要[ひつよう]だ,a trouble is needed; toraburu means trouble.
これはトラブルだ,this is a failure; toraburu also means failure.
これは上昇[じょうしょう]だ,this is a rising; joushou means rising.
本当[ほんとう]のパパだ,it is a real dad; papa means dad.
パパじゃない,it is not a sugar daddy; papa also means sugar daddy.
喜[よろこ]びじゃない,it is not a joy; yorokobi means joy.
やっぱり恐[おそ]れだ,it is a fear after all; osore means fear.
恐[おそ]れがある,there is a risk; osore also means risk.
皆[みんな]永遠[えいえん]だ,everyone is eternity; eien means eternity.
術式[じゅつしき]を見[み]た,I saw a surgical method; jutsushiki means surgical method.
これは俺[おれ]の術式[じゅつしき]だ,this is my technique; jutsushiki also means technique.
これは俺[おれ]の乗[の]りだ,this is my riding; nori means riding.
乗[の]りとは何[なん]だ,what is a spread; nori also means spread.
特化[とっか]とは何[なん]だ,what is a specialization; tokka means specialization.
大[おお]きな笑[わら]いだ,it is a big laugh; warai means laugh.
それは笑[わら]いじゃない,that is not a smile; warai also means smile.
それは具合[ぐあい]じゃない,that is not a condition; guai means condition.
具合[ぐあい]の事[こと]を言[い]っている,I am talking about a health; guai also means health.
相互[そうご]の事[こと]を言[い]っている,I am talking about a mutual; sougo means mutual.
その流行[りゅうこう]が欲[ほ]しい,I want that fashion; ryuukou means fashion.
この縁[えん]を知[し]っているか,do you know this connection; en means connection.
抜[ぬ]きを探[さが]している,I am looking for a leaving out; nuki means leaving out.
早[はや]言[い]った,I said it already; haya means already.
先日[せんじつ]なった,it turned out the other day; senjitsu means the other day.
本当[ほんとう]の底[そこ]だ,it is a real bottom; soko means bottom.
予測[よそく]じゃない,it is not a prediction; yosoku means prediction.
やっぱり権力[けんりょく]だ,it is a power after all; kenryoku means power.
この激[はげ]しいやつだ,it is this violent one; hageshii means violent.
皆[みんな]激[はげ]しい,everyone is extreme; hageshii also means extreme.
吸収[きゅうしゅう]を見[み]た,I saw an absorption; kyuushuu means absorption.
これは俺[おれ]の構築[こうちく]だ,this is my construction; kouchiku means construction.
判決[はんけつ]とは何[なん]だ,what is a judicial decision; hanketsu means judicial decision.
大[おお]きな魔剣[まけん]だ,it is a big magic sword; maken means magic sword.
それは格[かく]じゃない,that is not status; kaku means status.
格[かく]の事[こと]を言[い]っている,I am talking about a method; kaku also means method.
鍋[なべ]の事[こと]を言[い]っている,I am talking about a pan; nabe means pan.
その鍋[なべ]が欲[ほ]しい,I want that stew; nabe also means stew.
わっ、分[わ]かった,boo I understand; wat means boo.
それは偶然[ぐうぜん]だ,that one is coincidence; guuzen means coincidence.
偶然[ぐうぜん]を探[さが]している,I am looking for a contingency; guuzen also means contingency.
演技[えんぎ]を探[さが]している,I am looking for an acting; engi means acting.
疑[うたが]いが必要[ひつよう]だ,a doubt is needed; utagai means doubt.
これは拠点[きょてん]だ,this is a base; kyoten means base.
湯[ゆ]じゃない,it is not a hot water; yu means hot water.
やっぱり湯[ゆ]だ,it is a hot bath after all; yu also means hot bath.
やっぱり名称[めいしょう]だ,it is a name after all; meishou means name.
スープがある,there is a soup; suupu means soup.
根拠[こんきょ]を見[み]た,I saw basis; konkyo means basis.
これは俺[おれ]の根拠[こんきょ]だ,this is my base; konkyo also means base.
これは俺[おれ]の究極[きゅうきょく]だ,this is my ultimate; kyuukyoku means ultimate.
編成[へんせい]とは何[なん]だ,what is a composition; hensei means composition.
大[おお]きな利[り]だ,it is a big advantage; ri means advantage.
それは撤退[てったい]じゃない,that is not an evacuation; tettai means evacuation.
すごく暗[くら]い,it is really dark; kurai means dark.
ちょっと暗[くら]い,it is a bit depressed; kurai also means depressed.
その法則[ほうそく]が欲[ほ]しい,I want that law; housoku means law.
この予選[よせん]を知[し]っているか,do you know this preliminary contest; yosen means preliminary contest.
昼間[ひるま]いい,it is daytime good; hiruma means daytime.
これは目撃[もくげき]だ,this is a witnessing; mokugeki means witnessing.
本当[ほんとう]の警告[けいこく]だ,it is a real warning; keikoku means warning.
警告[けいこく]じゃない,it is not a keikoku; keikoku also means keikoku.
調理[ちょうり]じゃない,it is not a cooking; chouri means cooking.
皆[みんな]不快[ふかい]だ,everyone is displeasure; fukai means displeasure.
不快[ふかい]がある,there is an indisposition; fukai also means indisposition.
栽培[さいばい]がある,there is a cultivation; saibai means cultivation.
加速[かそく]を見[み]た,I saw an acceleration; kasoku means acceleration.
これは俺[おれ]の勘弁[かんべん]だ,this is my pardon; kamben means pardon.
皆[みんな]贅沢[ぜいたく]だ,everyone is luxury; zeitaku means luxury.
大[おお]きな贅沢[ぜいたく]だ,it is a big to live in luxury; zeitaku also means to live in luxury.
大[おお]きな流通[りゅうつう]だ,it is a big circulation; ryuutsuu means circulation.
それは頼[たよ]りじゃない,that is not a reliance; tayori means reliance.
修復[しゅうふく]の事[こと]を言[い]っている,I am talking about a restoration; shuufuku means restoration.
皆[みんな]派手[はで]だ,everyone is showy; hade means showy.
この保有[ほゆう]を知[し]っているか,do you know this possession; hoyuu means possession.
絆[きずな]を探[さが]している,I am looking for a bond; kizuna means bond.
絆[きずな]が必要[ひつよう]だ,a tether is needed; kizuna also means tether.
皆[みんな]で売[う]れる,all of us sell; ureru means to sell.
今[いま]売[う]れる,now I am well known; ureru also means to be well known.
これは果[は]てだ,this is an end; hate means end.
本当[ほんとう]の果[は]てだ,it is a real result; hate also means result.
これは熱心[ねっしん]だ,this one is zealous; nesshin means zealous.
一員[いちいん]じゃない,it is not one person; ichiin means one person.
これから訪[おとず]れる,I will visit from now on; otozureru means to visit.
ちゃんと訪[おとず]れる,I arrive properly; otozureru also means to arrive.
ちゃんと踊[おど]る,I dance properly; odoru means to dance.
俺[おれ]が踊[おど]る,I am the one who will be manipulated; odoru also means to be manipulated.
ちょっと幼[おさな]い,it is a bit very young; osanai means very young.
それは幼[おさな]い,that one is childish; osanai also means childish.
これは俺[おれ]の足元[あしもと]だ,this is my at one's feet; ashimoto means at one's feet.
足元[あしもと]とは何[なん]だ,what is a gait; ashimoto also means gait.
祈[いの]りとは何[なん]だ,what is a prayer; inori means prayer.
大[おお]きな蛇[へび]だ,it is a big snake; hebi means snake.
それは蛇[へび]じゃない,that is not a serpent; hebi also means serpent.
それは系統[けいとう]じゃない,that is not a system; keitou means system.
系統[けいとう]の事[こと]を言[い]っている,I am talking about a lineage; keitou also means lineage.
継承[けいしょう]の事[こと]を言[い]っている,I am talking about an inheritance; keishou means inheritance.
その継承[けいしょう]が欲[ほ]しい,I want that share-alike; keishou also means share-alike.
うっかりなった,it turned out carelessly; ukkari means carelessly.
このしおを知[し]っているか,do you know this tide; shio means tide.
しおを探[さが]している,I am looking for a sea water; shio also means sea water.
和解[わかい]を探[さが]している,I am looking for a reconciliation; wakai means reconciliation.
工房[こうぼう]が必要[ひつよう]だ,a workshop is needed; koubou means workshop.
これは手配[てはい]だ,this is an arrangement; tehai means arrangement.
ちゃんと着[つ]く,I arrive at properly; tsuku means to arrive at.
俺[おれ]が着[つ]く,I am the one who will sit on; tsuku also means to sit on.
オーライ、分[わ]かった,all right I understand; oorai means all right.
やっぱり蝶[ちょう]だ,it is a butterfly after all; chou means butterfly.
明日[あした]降[ふ]る,I will descend tomorrow; furu means to descend.
皆[みんな]で降[ふ]る,all of us am handed down; furu also means to be handed down.
利点[りてん]を見[み]た,I saw an advantage; riten means advantage.
これは俺[おれ]の収納[しゅうのう]だ,this is my storage; shuunou means storage.
プレッシャーとは何[なん]だ,what is a pressure; puressha means pressure.
今[いま]座[すわ]る,now I sit; suwaru means to sit.
よく座[すわ]る,I often assume; suwaru also means to assume.
それは決戦[けっせん]じゃない,that is not a decisive battle; kessen means decisive battle.
祝福[しゅくふく]の事[こと]を言[い]っている,I am talking about a celebration; shukufuku means celebration.
ははあ、分[わ]かった,aha I understand; hahaa means aha.
ははあ,yes sir; hahaa also means yes sir.
この楽園[らくえん]を知[し]っているか,do you know this paradise; rakuen means paradise.
アマを探[さが]している,I am looking for an amateur; ama means amateur.
乾杯[かんぱい]、分[わ]かった,cheers I understand; kampai means cheers.
何[なに]を振[ふ]るのか,what do you wave; furu means to wave.
明日[あした]振[ふ]る,I will sprinkle tomorrow; furu also means to sprinkle.
本当[ほんとう]の包丁[ほうちょう]だ,it is a real kitchen knife; houchou means kitchen knife.
執事[しつじ]じゃない,it is not a steward; shitsuji means steward.
やっぱり執事[しつじ]だ,it is a court official after all; shitsuji also means court official.
やっぱり振[ふ]る舞[ま]いだ,it is a behavior after all; furumai means behavior.
振[ふ]る舞[ま]いがある,there is an entertainment; furumai also means entertainment.
果物[くだもの]がある,there is a fruit; kudamono means fruit.
万能[ばんのう]を見[み]た,I saw an all-purpose; bannou means all-purpose.
これは俺[おれ]の万能[ばんのう]だ,this is my all-powerful; bannou also means all-powerful.
これは俺[おれ]のめいだ,this is my niece; mei means niece.
屋台[やたい]とは何[なん]だ,what is a cart; yatai means cart.
大[おお]きな屋台[やたい]だ,it is a big festival float; yatai also means festival float.
大[おお]きな筆頭[ひっとう]だ,it is a big brush tip; hittou means brush tip.
それは筆頭[ひっとう]じゃない,that is not a first on a list; hittou also means first on a list.
それはクッションじゃない,that is not a cushion; kusshon means cushion.
それを伸[の]ばす,I will grow long that; nobasu means to grow long.
何[なに]を伸[の]ばすのか,what do you lengthen; nobasu also means to lengthen.
その感激[かんげき]が欲[ほ]しい,I want that deep emotion; kangeki means deep emotion.
明日[あした]埋[うず]める,I will cover tomorrow; uzumeru means to cover.
一緒[いっしょ]に埋[うず]める,we will fill together; uzumeru also means to fill.
婆[ばっ]を探[さが]している,I am looking for an old woman; bat means old woman.
婆[ばっ]が必要[ひつよう]だ,a joker is needed; bat also means joker.
皆[みんな]でさらす,all of us expose; sarasu means to expose.
今[いま]さらす,now I bleach; sarasu also means to bleach.
これは致命[ちめい]だ,this is a fatal; chimei means fatal.
すごく莫大[ばくだい]だ,it is really vast; bakudai means vast.
莫大[ばくだい]じゃない,it is not a malva nut; bakudai also means malva nut.
試作[しさく]じゃない,it is not a trial manufacture; shisaku means trial manufacture.
やっぱりヘルだ,it is a hell after all; heru means hell.
よっしゃ、分[わ]かった,gotcha I understand; yossha means gotcha.
すごく希少[きしょう]だ,it is really scarce; kishou means scarce.
これは俺[おれ]の支度[したく]だ,this is my preparation; shitaku means preparation.
すごく等[ひと]しい,it is really equal; hitoshii means equal.
ちょっと等[ひと]しい,it is a bit no different; hitoshii also means no different.
とにかくした,I did it anyway; tonikaku means anyway.
とにかく言[い]った,I said it setting aside; tonikaku also means setting aside.
一緒[いっしょ]に移[うつ]す,we will transfer together; utsusu means to transfer.
皆[みんな]で移[うつ]す,all of us move to the next stage; utsusu also means to move to the next stage.
皆[みんな]で移[うつ]る,all of us move; utsuru means to move.
今[いま]移[うつ]る,now I spread; utsuru also means to spread.
その物流[ぶつりゅう]が欲[ほ]しい,I want that physical distribution; butsuryuu means physical distribution.
よく生[は]える,I often grow; haeru means to grow.
これから生[は]える,I will cut from now on; haeru also means to cut.
一行[いっこう]を探[さが]している,I am looking for a line; ikkou means line.
悪人[あくにん]が必要[ひつよう]だ,a bad person is needed; akunin means bad person.
これは功[こう]だ,this is a sympathy; kou means sympathy.
反則[はんそく]じゃない,it is not a foul; hansoku means foul.
やっぱり本性[ほんしょう]だ,it is a true character after all; honshou means true character.
もろもろがある,there is an all kinds of things; moromoro means all kinds of things.
代償[だいしょう]を見[み]た,I saw a compensation; daishou means compensation.
これは俺[おれ]の代償[だいしょう]だ,this is my price; daishou also means price.
これは俺[おれ]の恵[めぐ]みだ,this is my blessing; megumi means blessing.
今[いま]かなう,now I come true; kanau means to come true.
皆[みんな]強大[きょうだい]だ,everyone is powerful; kyoudai means powerful.
それはすりすりじゃない,that is not a snuggling; surisuri means snuggling.
王家[おうけ]の事[こと]を言[い]っている,I am talking about a royal family; ouke means royal family.
その終結[しゅうけつ]が欲[ほ]しい,I want that end; shuuketsu means end.
この見返[みかえ]りを知[し]っているか,do you know this reward; mikaeri means reward.
見返[みかえ]りを探[さが]している,I am looking for a collateral; mikaeri also means collateral.
これは絶大[ぜつだい]だ,this one is tremendous; zetsudai means tremendous.
何[なに]を磨[みが]くのか,what do you polish; migaku means to polish.
明日[あした]磨[みが]く,I will refine tomorrow; migaku also means to refine.
これは前世[ぜんせい]だ,this is one's previous life; zensei means one's previous life.
皆[みんな]で太[ふと]る,all of us put on weight; futoru means to put on weight.
実戦[じっせん]じゃない,it is not a combat; jissen means combat.
やっぱり度胸[どきょう]だ,it is a courage after all; dokyou means courage.
クロムがある,there is a chromium; kuromu means chromium.
本国[ほんごく]を見[み]た,I saw a home country; hongoku means home country.
これは俺[おれ]の本国[ほんごく]だ,this is my suzerain country; hongoku also means suzerain country.
これは俺[おれ]の防具[ぼうぐ]だ,this is my guard; bougu means guard.
賞品[しょうひん]とは何[なん]だ,what is a prize; shouhin means prize.
大[おお]きな返上[へんじょう]だ,it is a big return; henjou means return.
皆[みんな]存分[ぞんぶん]だ,everyone is to one's heart's content; zombun means to one's heart's content.
明日[あした]寄[よ]る,I will approach tomorrow; yoru means to approach.
皆[みんな]で寄[よ]る,all of us gather; yoru also means to gather.
そのピクニックが欲[ほ]しい,I want that picnic; pikunikku means picnic.
このピクニックを知[し]っているか,do you know this outing; pikunikku also means outing.
このルークを知[し]っているか,do you know this rook; ruuku means rook.
皆[みんな]で捕[つか]まえる,all of us catch; tsukamaeru means to catch.
今[いま]捕[つか]まえる,now I grab; tsukamaeru also means to grab.
特訓[とっくん]が必要[ひつよう]だ,a special training is needed; tokkun means special training.
これは慈悲[じひ]だ,this is a mercy; jihi means mercy.
本当[ほんとう]の慈悲[じひ]だ,it is a real rufous hawk-cuckoo; jihi also means rufous hawk-cuckoo.
この心強[こころづよ]いやつだ,it is this heartening one; kokorozuyoi means heartening.
殲滅[せんめつ]じゃない,it is not an annihilation; semmetsu means annihilation.
やっぱり四方[しほう]だ,it is the four cardinal directions after all; shihou means the four cardinal directions.
四方[しほう]がある,there is surroundings; shihou also means surroundings.
俺[おれ]がぶつける,I am the one who will hit; butsukeru means to hit.
それをぶつける,I will throw that; butsukeru also means to throw.
俺[おれ]のためにぶつけてください,please hit for me; butsukete is the te form of butsukeru meaning to hit.
それを休[やす]める,I will rest that; yasumeru means to rest.
断固[だんこ]した,I did it firm; danko means firm.
皆[みんな]荒[あら]い,everyone is rough; arai means rough.
とても荒[あら]い,it is very immoderate; arai also means immoderate.
それは副官[ふくかん]じゃない,that is not an adjutant; fukukan means adjutant.
今[いま]浮[う]く,now I float; uku means to float.
よく浮[う]く,I often become merry; uku also means to become merry.
よく漏[も]らす,I often let leak; morasu means to let leak.
これから漏[も]らす,I will let out from now on; morasu also means to let out.
すごく安[やす]らかだ,it is really peaceful; yasuraka means peaceful.
末裔[まつえい]を探[さが]している,I am looking for a descendant; matsuei means descendant.
野放[のばな]しが必要[ひつよう]だ,a pasturing is needed; nobanashi means pasturing.
これは野放[のばな]しだ,this is a letting do as they please; nobanashi also means letting do as they please.
俺[おれ]が乗[の]り切[き]る,I am the one who will weather; norikiru means to weather.
それを乗[の]り切[き]る,I will get through that; norikiru also means to get through.
本当[ほんとう]の報[むく]いだ,it is a real reward; mukui means reward.
報[むく]いじゃない,it is not a punishment; mukui also means punishment.
贔屓[ひいき]じゃない,it is not a favour; hiiki means favour.
やっぱり贔屓[ひいき]だ,it is a favourite after all; hiiki also means favourite.
やっぱりルージュだ,it is a rouge after all; ruuju means rouge.
皆[みんな]で沿[そ]う,all of us run along; sou means to run along.
今[いま]沿[そ]う,now I follow; sou also means to follow.
沿[そ]ってください,please run along; sotte is the te form of sou meaning to run along.
統率[とうそつ]を見[み]た,I saw a command; tousotsu means command.
今[いま]送[おく]り出[だ]す,now I show out; okuridasu means to show out.
よく送[おく]り出[だ]す,I often forward; okuridasu also means to forward.
送[おく]り出[だ]してください,please show out; okuridashite is the te form of okuridasu meaning to show out.
よく励[はげ]む,I often work hard; hagemu means to work hard.
大[おお]きな口笛[くちぶえ]だ,it is a big whistle; kuchibue means whistle.
それは見[み]せ場[ば]じゃない,that is not a highlight; miseba means highlight.
見[み]せ場[ば]の事[こと]を言[い]っている,I am talking about a show-off scene; miseba also means show-off scene.
万端[ばんたん]の事[こと]を言[い]っている,I am talking about an all; bantan means all.
たまたまいい,it is by chance good; tamatama means by chance.
たまたました,I did it occasionally; tamatama also means occasionally.
それを教[おそ]わる,I will be taught that; osowaru means to be taught.
昨日[きのう]教[おそ]わった,yesterday I was taught; osowatta is the past form of osowaru meaning to be taught.
ゼネコンを探[さが]している,I am looking for a general contractor; zenekon means general contractor.
明日[あした]下[お]りる,I will descend tomorrow; oriru means to descend.
皆[みんな]で下[お]りる,all of us alight; oriru also means to alight.
一緒[いっしょ]にサボる,we will be truant together; saboru means to be truant.
本当[ほんとう]のほどほどだ,it is a real moderate; hodohodo means moderate.
陽光[ようこう]じゃない,it is not a sunshine; youkou means sunshine.
やっぱり水流[すいりゅう]だ,it is a water current after all; suiryuu means water current.
これから生[しょう]ずる,I will produce from now on; shouzuru means to produce.
ちゃんと生[しょう]ずる,I result from properly; shouzuru also means to result from.
飢饉[ききん]を見[み]た,I saw a famine; kikin means famine.
これは俺[おれ]の飢饉[ききん]だ,this is my chronic shortage; kikin also means chronic shortage.
これは俺[おれ]の全盛[ぜんせい]だ,this is my height of prosperity; zensei means height of prosperity.
スリープとは何[なん]だ,what is a sleep; suriipu means sleep.
それをいじる,I will finger that; ijiru means to finger.
何[なに]をいじるのか,what do you make changes to; ijiru also means to make changes to.
これは不敬[ふけい]だ,this one is disrespect; fukei means disrespect.
明日[あした]敗[やぶ]れる,I will be defeated tomorrow; yabureru means to be defeated.
一緒[いっしょ]にかばう,we will protect together; kabau means to protect.
俺[おれ]のためにかばってください,please protect for me; kabatte is the te form of kabau meaning to protect.
この小娘[こむすめ]を知[し]っているか,do you know this young girl; komusume means young girl.
今[いま]申[もう]し出[で]る,now I offer; moushideru means to offer.
よくうらなう,I often tell someone's fortune; uranau means to tell someone's fortune.
これからうらなう,I will predict from now on; uranau also means to predict.
それは高位[こうい]だ,that one is dignity; koui means dignity.
本当[ほんとう]の抜[ぬ]かりだ,it is a real blunder; nukari means blunder.
朕[ちん]がやる,We will do it; chin means We.
俺[おれ]が割[わ]り切[きれ]る,I am the one who will find a clear solution; warikireru means to find a clear solution.
それを割[わ]り切[きれ]る,I will divide exactly that; warikireru also means to divide exactly.
それを仕入[しい]れる,I will buy that; shiireru means to buy.
何[なに]を仕入[しい]れるのか,what do you get; shiireru also means to get.
御伽話[おとぎばなし]を見[み]た,I saw a fairy tale; otogibanashi means fairy tale.
これは俺[おれ]の子爵[ししゃく]だ,this is my viscount; shishaku means viscount.
西瓜[すいか]とは何[なん]だ,what is a watermelon; suika means watermelon.
皆[みんな]で召[め]す,all of us call; mesu means to call.
今[いま]召[め]す,now I eat; mesu also means to eat.
それは死罪[しざい]じゃない,that is not a capital crime; shizai means capital crime.
これは不届[ふとど]きだ,this one is outrageous; futodoki means outrageous.
これから熟[じゅく]す,I will ripen from now on; jukusu means to ripen.
ちゃんと熟[じゅく]す,I am ready for action properly; jukusu also means to be ready for action.
この大老[たいろう]を知[し]っているか,do you know this chief minister; tairou means chief minister.
びっを探[さが]している,I am looking for a beauty; bit means beauty.
ジーニアスが必要[ひつよう]だ,genius is needed; jiiniasu means genius.
それをなすりつける,I will rub that; nasuritsukeru means to rub.
何[なに]をなすりつけるのか,what do you lay; nasuritsukeru also means to lay.
何[なに]を嵌[は]めるのか,what do you fit; hameru means to fit.
明日[あした]嵌[は]める,I will put on tomorrow; hameru also means to put on.
受肉[じゅにく]じゃない,it is not an Incarnation; juniku means Incarnation.
一緒[いっしょ]に見切[みき]る,we will see all together; mikiru means to see all.
皆[みんな]で見切[みき]る,all of us see clearly; mikiru also means to see clearly.
皆[みんな]でさ迷[まよ]う,all of us loiter; samayou means to loiter.
今[いま]纏[まと]まる,now I find resolution; matomaru means to find resolution.
よく纏[まと]まる,I often am collected; matomaru also means to be collected.
昨日[きのう]まとまった,yesterday I found resolution; matomatta is the past form of matomaru meaning to find resolution.
これは俺[おれ]の大兄[たいけい]だ,this is my older brother; taikei means older brother.
グラトニーとは何[なん]だ,what is a gluttony; guratoni means gluttony.
大[おお]きなカタストロフィーだ,it is a big catastrophe; katasutorofi means catastrophe.
それは友誼[ゆうぎ]じゃない,that is not a friendship; yuugi means friendship.
グレーターの事[こと]を言[い]っている,I am talking about a grater; gureeta means grater.
それを封[ふう]ずる,I will seal that; fuuzuru means to seal.
何[なに]を封[ふう]ずるのか,what do you prevent; fuuzuru also means to prevent.
この木端[こっぱ]を知[し]っているか,do you know this wood chip; koppa means wood chip.
木端[こっぱ]を探[さが]している,I am looking for a worthless thing; koppa also means worthless thing.
明日[あした]止[よ]す,I will stop tomorrow; yosu means to stop.
よせ,stop it now; yose is the imperative form of yosu meaning to stop.
一緒[いっしょ]に申[もう]し付[つ]ける,we will instruct together; moushitsukeru means to instruct.
ばーんした,I did it with a bang; baan means with a bang.
本当[ほんとう]の本[ほん]だ,it is a real origin; hon means origin.
本[ほん]じゃない,it is not basis; hon also means basis.
社会[しゃかい]がある,there is a society; shakai means society.
社会[しゃかい]を見[み]た,I saw a social studies; shakai also means social studies.
事件[じけん]を見[み]た,I saw an event; jiken means event.
まあ、分[わ]かった,oh I understand; maa also means oh.
個人[こじん]とは何[なん]だ,what is an individual; kojin means individual.
大[おお]きな個人[こじん]だ,it is a big natural person; kojin also means natural person.
何[なに]を出[い]でるのか,what do you go; ideru means to go.
それは花[はな]じゃない,that is not a flower; hana means flower.
花[はな]の事[こと]を言[い]っている,I am talking about a cherry blossom; hana also means cherry blossom.
機能[きのう]の事[こと]を言[い]っている,I am talking about a function; kinou means function.
その記事[きじ]が欲[ほ]しい,I want that article; kiji means article.
これは大事[おおごと]だ,this one is important; oogoto means important.
大事[おおごと]を探[さが]している,I am looking for serious matter; oogoto also means serious matter.
すごくおもだ,it is really chief; omo means chief.
それはおもだ,that one is main secondary or supporting role; omo also means main secondary or supporting role.
品[しな]が必要[ひつよう]だ,an article is needed; shina means article.
これは品[しな]だ,this is a quality; shina also means quality.
これはメンバーだ,this is a member; memba means member.
本当[ほんとう]の話題[わだい]だ,it is a real topic; wadai means topic.
話題[わだい]じゃない,it is not a much talked about; wadai also means much talked about.
商品[しょうひん]じゃない,it is not a commodity; shouhin means commodity.
やっぱり支援[しえん]だ,it is a support after all; shien means support.
皆[みんな]大好[だいす]きだ,everyone is liking very much; daisuki means liking very much.
巻[まき]を見[み]た,I saw a roll; maki means roll.
これは俺[おれ]の巻[まき]だ,this is my winding; maki also means winding.
これは俺[おれ]の美[び]だ,this is my beauty; bi means beauty.
犯罪[はんざい]とは何[なん]だ,what is a crime; hanzai means crime.
大[おお]きな非[ひ]だ,it is a big fault; hi means fault.
それは非[ひ]じゃない,that is not a going poorly; hi also means going poorly.
それは石[いし]じゃない,that is not a stone; ishi means stone.
石[いし]の事[こと]を言[い]っている,I am talking about a jewel; ishi also means jewel.
他種[たしゅ]の事[こと]を言[い]っている,I am talking about an another species; tashu means another species.
そのどやが欲[ほ]しい,I want that cheap lodging; doya means cheap lodging.
皆[みんな]好[す]き勝手[かって]だ,everyone is doing whatever one pleases; sukikatte means doing whatever one pleases.
旅行[りょこう]を探[さが]している,I am looking for a travel; ryokou means travel.
土[つち]が必要[ひつよう]だ,an earth is needed; tsuchi means earth.
これは土[つち]だ,this is the earth; tsuchi also means the earth.
これはメッセージだ,this is a message; messeeji means message.
本当[ほんとう]の父王[ふおう]だ,it is a real king who is a father; fuou means king who is a father.
切[き]れじゃない,it is not a piece; kire means piece.
やっぱり切[き]れだ,it is a cloth after all; kire also means cloth.
やっぱり設計[せっけい]だ,it is a plan after all; sekkei means plan.
基準[きじゅん]がある,there is a standard; kijun means standard.
性格[せいかく]を見[み]た,I saw a character; seikaku means character.
これは俺[おれ]の性格[せいかく]だ,this is my characteristics; seikaku also means characteristics.
これは俺[おれ]の後[うし]ろだ,this is my back; ushiro means back.
目標[もくひょう]とは何[なん]だ,what is a mark; mokuhyou means mark.
大[おお]きな目標[もくひょう]だ,it is a big landmark; mokuhyou also means landmark.
大[おお]きな獣[けもの]だ,it is a big beast; kemono means beast.
それは支持[しじ]じゃない,that is not a support; shiji means support.
構成[こうせい]の事[こと]を言[い]っている,I am talking about a composition; kousei means composition.
その確保[かくほ]が欲[ほ]しい,I want that securing; kakuho means securing.
この運[うん]を知[し]っているか,do you know this fortune; un means fortune.
拡大[かくだい]を探[さが]している,I am looking for an expansion; kakudai means expansion.
窓[まど]が必要[ひつよう]だ,a window is needed; mado means window.
これは掃除[そうじ]だ,this is a cleaning; souji means cleaning.
本当[ほんとう]の筋[すじ]だ,it is a real muscle; suji means muscle.
筋[すじ]じゃない,it is not a vein; suji also means vein.
やっぱり新作[しんさく]だ,it is a new work after all; shinsaku means new work.
キロがある,there is a kilogram; kiro means kilogram.
キロを見[み]た,I saw a kilometre; kiro also means kilometre.
演出[えんしゅつ]を見[み]た,I saw a direction; enshutsu means direction.
これは俺[おれ]の鼻[はな]だ,this is my nose; hana means nose.
段[だん]とは何[なん]だ,what is a variable measure of fabric; dan means variable measure of fabric.
大[おお]きな段[だん]だ,it is a big 300 tsubo; dan also means 300 tsubo.
すごく上手[じょうず]だ,it is really skillful; jouzu means skillful.
それは塩[しお]じゃない,that is not a salt; shio means salt.
塩[しお]の事[こと]を言[い]っている,I am talking about a hardship; shio also means hardship.
感動[かんどう]の事[こと]を言[い]っている,I am talking about a being deeply moved emotionally; kandou means being deeply moved emotionally.
その汗[あせ]が欲[ほ]しい,I want that sweat; ase means sweat.
この汗[あせ]を知[し]っているか,do you know this moisture; ase also means moisture.
この骨[ほね]を知[し]っているか,do you know this knack; hone means knack.
骨[ほね]を探[さが]している,I am looking for a bone; hone also means bone.
共同[きょうどう]を探[さが]している,I am looking for a cooperation; kyoudou means cooperation.
人数[にんずう]が必要[ひつよう]だ,the number of people is needed; ninzuu means the number of people.
これは人数[にんずう]だ,this is a many people; ninzuu also means many people.
これは匂[にお]いだ,this is a smell; nioi means smell.
本当[ほんとう]の匂[にお]いだ,it is a real aura; nioi also means aura.
すごく単純[たんじゅん]だ,it is really simple; tanjun means simple.
公[こう]がやる,you will do it; kou means you.
やっぱり公[こう]だ,it is a monarch after all; kou also means monarch.
やっぱりコピーだ,it is a copy after all; kopi means copy.
コピーがある,there is a book jacket blurb; kopi also means book jacket blurb.
芸術[げいじゅつ]がある,there is an art; geijutsu means art.
驚[おどろ]きを見[み]た,I saw a surprise; odoroki means surprise.
皆[みんな]で描[えが]く,all of us draw; egaku means to draw.
今[いま]描[えが]く,now I depict; egaku also means to depict.
現状[げんじょう]とは何[なん]だ,what is a present condition; genjou means present condition.
大[おお]きな緊張[きんちょう]だ,it is a big tension; kinchou means tension.
それは緊張[きんちょう]じゃない,that is not tonus; kinchou also means tonus.
それは嵐[あらし]じゃない,that is not a storm; arashi means storm.
嵐[あらし]の事[こと]を言[い]っている,I am talking about an uproar; arashi also means uproar.
当[あ]ての事[こと]を言[い]っている,I am talking about an aim; ate means aim.
その当[あ]てが欲[ほ]しい,I want that expectations; ate also means expectations.
その手紙[てがみ]が欲[ほ]しい,I want that letter; tegami means letter.
この配置[はいち]を知[し]っているか,do you know this arrangement; haichi means arrangement.
回収[かいしゅう]を探[さが]している,I am looking for a collection; kaishuu means collection.
変[か]わりが必要[ひつよう]だ,a change is needed; kawari means change.
これは変[か]わりだ,this is a difference; kawari also means difference.
これは全身[ぜんしん]だ,this is a whole; zenshin means whole.
本当[ほんとう]の全身[ぜんしん]だ,it is a real systemic; zenshin also means systemic.
本当[ほんとう]の活用[かつよう]だ,it is a real practical use; katsuyou means practical use.
すごく必死[ひっし]だ,it is really frantic; hisshi means frantic.
やっぱり外部[がいぶ]だ,it is an outside after all; gaibu means outside.
訪問[ほうもん]がある,there is a call; houmon means call.
期限[きげん]を見[み]た,I saw a term; kigen means term.
これは俺[おれ]の期限[きげん]だ,this is my time limit; kigen also means time limit.
それは黒[くろ]い,that one is black; kuroi means black.
この黒[くろ]いやつだ,it is this dark one; kuroi also means dark.
出場[しゅつじょう]とは何[なん]だ,what is a participation; shutsujou means participation.
大[おお]きな香[かお]りだ,it is a big aroma; kaori means aroma.
それは収集[しゅうしゅう]じゃない,that is not a collecting; shuushuu means collecting.
すごく直[じき]だ,it is really ordinary; jiki means ordinary.
その脱出[だっしゅつ]が欲[ほ]しい,I want that escape; dasshutsu means escape.
この要請[ようせい]を知[し]っているか,do you know this appeal; yousei means appeal.
要請[ようせい]を探[さが]している,I am looking for an axiom; yousei also means axiom.
釣[つ]りを探[さが]している,I am looking for a fishing; tsuri means fishing.
釣[つ]りが必要[ひつよう]だ,a change is needed; tsuri also means change.
才能[さいのう]が必要[ひつよう]だ,a talent is needed; sainou means talent.
これは騒動[そうどう]だ,this is a riot; soudou means riot.
本当[ほんとう]の日曜[にちよう]だ,it is a real Sunday; nichiyou means Sunday.
外[はず]れじゃない,it is not an end; hazure means end.
やっぱり外[はず]れだ,it is a miss after all; hazure also means miss.
ちゃんと流[なが]れる,I stream properly; nagareru means to stream.
俺[おれ]が流[なが]れる,I am the one who will be washed away; nagareru also means to be washed away.
結論[けつろん]がある,there is a conclusion; ketsuron means conclusion.
単[たん]なるやつだ,it is mere one; tannaru means mere.
これは俺[おれ]の評判[ひょうばん]だ,this is my reputation; hyouban means reputation.
評判[ひょうばん]とは何[なん]だ,what is a fame; hyouban also means fame.
拘束[こうそく]とは何[なん]だ,what is a restriction; kousoku means restriction.
大[おお]きなボーナスだ,it is a big bonus; boonasu means bonus.
それは大戦[たいせん]じゃない,that is not a great war; taisen means great war.
大戦[たいせん]の事[こと]を言[い]っている,I am talking about a world war; taisen also means world war.
机[つくえ]の事[こと]を言[い]っている,I am talking about a desk; tsukue means desk.
その班[はん]が欲[ほ]しい,I want that group; han means group.
この班[はん]を知[し]っているか,do you know this squad; han also means squad.
この着用[ちゃくよう]を知[し]っているか,do you know this wearing; chakuyou means wearing.
農業[のうぎょう]を探[さが]している,I am looking for an agriculture; nougyou means agriculture.
看板[かんばん]が必要[ひつよう]だ,a signboard is needed; kamban means signboard.
これは看板[かんばん]だ,this is a draw; kamban also means draw.
それを愛[あい]する,I will love that; aisuru means to love.
刃[は]じゃない,it is not an edge; ha means edge.
やっぱり刃[は]だ,it is a prong after all; ha also means prong.
やっぱり夏休[なつやす]みだ,it is a summer vacation after all; natsuyasumi means summer vacation.
すごく幸福[こうふく]だ,it is really happiness; koufuku means happiness.
これは俺[おれ]の分解[ぶんかい]だ,this is my disassembly; bunkai means disassembly.
これから伴[ともな]う,I will accompany from now on; tomonau means to accompany.
たまに伴[ともな]う,I am accompanied by once in a while; tomonau also means to be accompanied by.
それは有利[ゆうり]だ,that one is advantageous; yuuri means advantageous.
皆[みんな]有利[ゆうり]だ,everyone is profitable; yuuri also means profitable.
活性[かっせい]の事[こと]を言[い]っている,I am talking about an activity; kassei means activity.
その活性[かっせい]が欲[ほ]しい,I want that active; kassei also means active.
その生存[せいぞん]が欲[ほ]しい,I want that existence; seizon means existence.
このトンネルを知[し]っているか,do you know this tunnel; tonneru means tunnel.
トンネルを探[さが]している,I am looking for a to tunnel; tonneru also means to tunnel.
性別[せいべつ]を探[さが]している,I am looking for a sex; seibetsu means sex.
明日[あした]並[なら]ぶ,I will line up tomorrow; narabu means to line up.
皆[みんな]で並[なら]ぶ,all of us rival; narabu also means to rival.
これは完結[かんけつ]だ,this is a conclusion; kanketsu means conclusion.
本当[ほんとう]の自作[じさく]だ,it is a real one's own work; jisaku means one's own work.
自作[じさく]じゃない,it is not a farming on one's own land; jisaku also means farming on one's own land.
ハーベストじゃない,it is not a harvest; haabesuto means harvest.
やっぱり皇帝[こうてい]だ,it is an emperor after all; koutei means emperor.
これはナイスだ,this one is nice; naisu means nice.
故郷[こきょう]を見[み]た,I saw a country; kokyou means country.
これは俺[おれ]の故郷[こきょう]だ,this is my region; kokyou also means region.
とても苦[くる]しい,it is very painful; kurushii means painful.
すごく苦[くる]しい,it is really distressing; kurushii also means distressing.
商売[しょうばい]とは何[なん]だ,what is a trade; shoubai means trade.
大[おお]きな商売[しょうばい]だ,it is a big occupation; shoubai also means occupation.
大[おお]きな就任[しゅうにん]だ,it is a big assumption; shuunin means assumption.
それは棚[だな]じゃない,that is not a shelf; dana means shelf.
棚[だな]の事[こと]を言[い]っている,I am talking about trellis; dana also means trellis.
クイーンの事[こと]を言[い]っている,I am talking about a queen; kuiin means queen.
その売買[ばいばい]が欲[ほ]しい,I want that trade; baibai means trade.
この帰国[きこく]を知[し]っているか,do you know this return to one's country; kikoku means return to one's country.
今[いま]切[き]れる,now I break; kireru means to break.
よく切[き]れる,I often am injured; kireru also means to be injured.
変動[へんどう]が必要[ひつよう]だ,a change is needed; hendou means change.
これは意[い]だ,this is feelings; i means feelings.
本当[ほんとう]の意[い]だ,it is a real meaning; i also means meaning.
本当[ほんとう]の住人[じゅうにん]だ,it is a real dweller; juunin means dweller.
住人[じゅうにん]じゃない,it is not an user; juunin also means user.
儀式[ぎしき]じゃない,it is not a ceremony; gishiki means ceremony.
やっぱり相棒[あいぼう]だ,it is a partner after all; aibou means partner.
分散[ぶんさん]がある,there is a dispersion; bunsan means dispersion.
堂々[どうどう]した,I did it magnificent; doudou means magnificent.
堂々[どうどう]言[い]った,I said it fair; doudou also means fair.
じっくり言[い]った,I said it carefully; jikkuri means carefully.
外側[そとがわ]とは何[なん]だ,what is an exterior; sotogawa means exterior.
大[おお]きな手伝[てつだ]いだ,it is a big helper; tetsudai means helper.
それは手伝[てつだ]いじゃない,that is not a help; tetsudai also means help.
それは砂漠[さばく]じゃない,that is not a desert; sabaku means desert.
すごく親切[しんせつ]だ,it is really kind; shinsetsu means kind.
その加盟[かめい]が欲[ほ]しい,I want that joining; kamei means joining.
たまに迎[むか]え打[う]つ,I meet and attack once in a while; mukaeutsu means to meet and attack.
富[とみ]を探[さが]している,I am looking for riches; tomi means riches.
富[とみ]が必要[ひつよう]だ,resources is needed; tomi also means resources.
これは籠城[ろうじょう]だ,this is a holding a castle; roujou means holding a castle.
本当[ほんとう]の統治[とうち]だ,it is a real rule; touchi means rule.
会談[かいだん]じゃない,it is not talks; kaidan means talks.
やっぱり近隣[きんりん]だ,it is a neighbourhood after all; kinrin means neighbourhood.
降伏[こうふく]がある,there is a surrender; koufuku means surrender.
降伏[こうふく]を見[み]た,I saw a yield; koufuku also means yield.
皆[みんな]同等[どうとう]だ,everyone is equality; doutou means equality.
これは俺[おれ]の外見[がいけん]だ,this is my outward appearance; gaiken means outward appearance.
治安[ちあん]とは何[なん]だ,what is a public order; chian means public order.
たまに保[たも]つ,I keep once in a while; tamotsu means to keep.
ちゃんと保[たも]つ,I last properly; tamotsu also means to last.
それは疲労[ひろう]じゃない,that is not a fatigue; hirou means fatigue.
玩具[おもちゃ]の事[こと]を言[い]っている,I am talking about a toy; omocha means toy.
その玩具[おもちゃ]が欲[ほ]しい,I want that plaything; omocha also means plaything.
すごく前向[まえむ]きだ,it is really front-facing; maemuki means front-facing.
それは前向[まえむ]きだ,that one is forward-looking; maemuki also means forward-looking.
この見通[みとお]しを知[し]っているか,do you know this unobstructed view; mitooshi means unobstructed view.
見通[みとお]しを探[さが]している,I am looking for a forecast; mitooshi also means forecast.
皆[みんな]不審[ふしん]だ,everyone is doubt; fushin means doubt.
潜入[せんにゅう]が必要[ひつよう]だ,an infiltration is needed; sennyuu means infiltration.
これは誘[さそ]いだ,this is an invitation; sasoi means invitation.
本当[ほんとう]の誘[さそ]いだ,it is a real temptation; sasoi also means temptation.
それははるかだ,that one is far away; haruka means far away.
皆[みんな]はるかだ,everyone is long ago; haruka also means long ago.
よく吸[す]う,I often breathe in; suu means to breathe in.
これから吸[す]う,I will suck from now on; suu also means to suck.
これから高[たか]める,I will raise from now on; takameru means to raise.
習得[しゅうとく]がある,there is a learning; shuutoku means learning.
捕獲[ほかく]を見[み]た,I saw a capture; hokaku means capture.
これは俺[おれ]の大気[たいき]だ,this is my atmosphere; taiki means atmosphere.
大気[たいき]とは何[なん]だ,what is a magnanimity; taiki also means magnanimity.
関[かか]わり合[あ]いとは何[なん]だ,what is a relationship; kakawariai means relationship.
すごくさんざんだ,it is really thoroughly; sanzan means thoroughly.
いやはや,dear; iyahaya means dear.
心当[こころあ]たりの事[こと]を言[い]っている,I am talking about a having in mind; kokoroatari means having in mind.
その理性[りせい]が欲[ほ]しい,I want that reason; risei means reason.
今[いま]訴[うった]える,now I raise; uttaeru means to raise.
よく訴[うった]える,I often appeal to; uttaeru also means to appeal to.
動向[どうこう]を探[さが]している,I am looking for a trend; doukou means trend.
浄化[じょうか]が必要[ひつよう]だ,a purification is needed; jouka means purification.
これは知[し]らせだ,this is news; shirase means news.
本当[ほんとう]の知[し]らせだ,it is a real omen; shirase also means omen.
すごく美味[びみ]だ,it is really exquisite flavor; bimi means exquisite flavor.
美味[びみ]じゃない,it is not a delicacy; bimi also means delicacy.
俺[おれ]が分[わ]ける,I am the one who will divide; wakeru means to divide.
それを分[わ]ける,I will share that; wakeru also means to share.
分[わ]けてください,please divide; wakete is the te form of wakeru meaning to divide.
それを招[まね]く,I will invite that; maneku means to invite.
何[なに]を招[まね]くのか,what do you beckon; maneku also means to beckon.
一味[ひとあじ]がある,there is a clan; hitoaji means clan.
一味[ひとあじ]を見[み]た,I saw one flavour; hitoaji also means one flavour.
任命[にんめい]を見[み]た,I saw an appointment; nimmei means appointment.
これは俺[おれ]の共謀[きょうぼう]だ,this is my conspiracy; kyoubou means conspiracy.
栄光[えいこう]とは何[なん]だ,what is a glory; eikou means glory.
大[おお]きな芯[しん]だ,it is a big wick; shin means wick.
それは芯[しん]じゃない,that is not a core; shin also means core.
それは見舞[みま]いじゃない,that is not a visit; mimai means visit.
見舞[みま]いの事[こと]を言[い]っている,I am talking about a letter of inquiry; mimai also means letter of inquiry.
フェスティバルの事[こと]を言[い]っている,I am talking about a festival; fesutibaru means festival.
その区画[くかく]が欲[ほ]しい,I want that division; kukaku means division.
これは広大[こうだい]だ,this one is vast; koudai means vast.
裏切[うらぎ]りを探[さが]している,I am looking for a treachery; uragiri means treachery.
これは制裁[せいさい]だ,this is sanctions; seisai means sanctions.
本当[ほんとう]の頂点[ちょうてん]だ,it is a real vertex; chouten means vertex.
頂点[ちょうてん]じゃない,it is not a top; chouten also means top.
一緒[いっしょ]に謝[あやま]る,we will apologize together; ayamaru means to apologize.
皆[みんな]で謝[あやま]る,all of us refuse; ayamaru also means to refuse.
やっぱり面会[めんかい]だ,it is a meeting after all; menkai means meeting.
すごく惜[お]しい,it is really regrettable; oshii means regrettable.
ちょっと惜[お]しい,it is a bit precious; oshii also means precious.
ちょっと涼[すず]しい,it is a bit cool; suzushii means cool.
それは涼[すず]しい,that one is clear; suzushii also means clear.
これは俺[おれ]の視察[しさつ]だ,this is my inspection; shisatsu means inspection.
次期[じき]とは何[なん]だ,what is a next term; jiki means next term.
大[おお]きな次期[じき]だ,it is a big next version; jiki also means next version.
皆[みんな]滅多[めった]だ,everyone is thoughtless; metta means thoughtless.
これは滅多[めった]だ,this one is ordinary; metta also means ordinary.
それは御握[おにぎ]りじゃない,that is not an onigiri; onigiri means onigiri.
それを重[かさ]ねる,I will pile up that; kasaneru means to pile up.
何[なに]を重[かさ]ねるのか,what do you repeat many times over; kasaneru also means to repeat many times over.
その金魚[きんぎょ]が欲[ほ]しい,I want that goldfish; kingyo means goldfish.
この事象[じしょう]を知[し]っているか,do you know this event; jishou means event.
却下[きゃっか]を探[さが]している,I am looking for a rejection; kyakka means rejection.
消失[しょうしつ]が必要[ひつよう]だ,a disappearance is needed; shoushitsu means disappearance.
今[いま]響[ひび]く,now I resound; hibiku means to resound.
よく響[ひび]く,I often reverberate; hibiku also means to reverberate.
本当[ほんとう]の両国[りょうこく]だ,it is a real both countries; ryoukoku means both countries.
両国[りょうこく]じゃない,it is not a Ryōgoku; ryoukoku also means Ryōgoku.
これは固有[こゆう]だ,this one is characteristic; koyuu means characteristic.
やっぱり固有[こゆう]だ,it is an eigen- after all; koyuu also means eigen-.
やっぱり釘[くぎ]だ,it is a nail after all; kugi means nail.
憎[にく]しみがある,there is a hatred; nikushimi means hatred.
くれぐれを見[み]た,I saw a nightfall; kuregure means nightfall.
それを浴[あ]びる,I will dash over oneself that; abiru means to dash over oneself.
何[なに]を浴[あ]びるのか,what do you suffer; abiru also means to suffer.
衣服[いふく]とは何[なん]だ,what is clothes; ifuku means clothes.
ちょっと情[なさ]けない,it is a bit miserable; nasakenai means miserable.
皆[みんな]タフだ,everyone is tough; tafu means tough.
この丸[まる]いやつだ,it is this round one; marui means round.
皆[みんな]丸[まる]い,everyone is curved; marui also means curved.
その蒸気[じょうき]が欲[ほ]しい,I want that steam; jouki means steam.
この蒸気[じょうき]を知[し]っているか,do you know this steamboat; jouki also means steamboat.
よく告[つ]げる,I often tell; tsugeru means to tell.
これから告[つ]げる,I will indicate from now on; tsugeru also means to indicate.
これから引[ひ]っ張[ぱ]る,I will pull from now on; hipparu means to pull.
たまに引[ひ]っ張[ぱ]る,I string once in a while; hipparu also means to string.
ちゃんと逃[のが]れる,I escape properly; nogareru means to escape.
満々[まんまん]言[い]った,I said it full of; mamman means full of.
それは粋[いき]だ,that one is chic; iki means chic.
代用[だいよう]じゃない,it is not a substitution; daiyou means substitution.
明日[あした]尽[つ]きる,I will be used up tomorrow; tsukiru means to be used up.
国々[くにぐに]がある,there is countries; kuniguni means countries.
抜[ぬ]け駆[が]けを見[み]た,I saw a stealing a march on; nukegake means stealing a march on.
これは俺[おれ]の抜[ぬ]け駆[が]けだ,this is my solo raid on an enemy's camp; nukegake also means solo raid on an enemy's camp.
これは俺[おれ]の素手[すで]だ,this is my bare hand; sude means bare hand.
いいぶんとは何[なん]だ,what is one's say; iibun means one's say.
大[おお]きないいぶんだ,it is a big complaint; iibun also means complaint.
大[おお]きな同感[どうかん]だ,it is a big same feeling; doukan means same feeling.
とてもうざい,it is very annoying; uzai means annoying.
稲[いね]の事[こと]を言[い]っている,I am talking about a rice plant; ine means rice plant.
ちょっぴりした,I did it a tiny bit; choppiri means a tiny bit.
俺[おれ]が引[ひ]き継[つ]ぐ,I am the one who will take over; hikitsugu means to take over.
それを引[ひ]き継[つ]ぐ,I will hand over that; hikitsugu also means to hand over.
俺[おれ]のために引[ひ]き継[つ]いでください,please take over for me; hikitsuide is the te form of hikitsugu meaning to take over.
はあはあなった,it turned out gasp; haahaa means gasp.
一帯[いったい]が必要[ひつよう]だ,a whole area is needed; ittai means whole area.
これは一帯[いったい]だ,this is a stretch; ittai also means stretch.
これは土俵[どひょう]だ,this is a ring; dohyou means ring.
本当[ほんとう]の土俵[どひょう]だ,it is a real forum; dohyou also means forum.
本当[ほんとう]の敬語[けいご]だ,it is a real honorific; keigo means honorific.
ちょっとものすごい,it is a bit terrific; monosugoi means terrific.
それはものすごい,that one is frightful; monosugoi also means frightful.
やっぱり王位[おうい]だ,it is the throne after all; oui means the throne.
ハードディスクがある,there is a hard disk; haadodisuku means hard disk.
右腕[みぎうで]を見[み]た,I saw a right arm; migiude means right arm.
これは俺[おれ]の右腕[みぎうで]だ,this is my right-hand man; migiude also means right-hand man.
ちゃんと折[お]れる,I break properly; oreru means to break.
俺[おれ]が折[お]れる,I am the one who will be folded; oreru also means to be folded.
採点[さいてん]とは何[なん]だ,what is a marking; saiten means marking.
畜生[ちくしょう]、分[わ]かった,damn it I understand; chikushou means damn it.
それは畜生[ちくしょう]じゃない,that is not a beast; chikushou also means beast.
それは自演[じえん]じゃない,that is not a playing a part in one's own play; jien means playing a part in one's own play.
呼[よ]び名[な]の事[こと]を言[い]っている,I am talking about a popular name; yobina means popular name.
その気合[きあ]いが欲[ほ]しい,I want that spirit; kiai means spirit.
この気合[きあ]いを知[し]っているか,do you know this shout; kiai also means shout.
これは懸命[けんめい]だ,this one is eager; kemmei means eager.
皆[みんな]で雇[やと]う,all of us employ; yatou means to employ.
今[いま]雇[やと]う,now I charter; yatou also means to charter.
俺[おれ]が雇[やと]われた,someone employed me; yatowareta is the past passive form of yatou meaning to employ.
交戦[こうせん]が必要[ひつよう]だ,a war is needed; kousen means war.
あらあらいい,it is roughly good; araara means roughly.
前夜[ぜんや]した,I did it last night; zenya means last night.
ちゃんと散[ち]る,I fall properly; chiru means to fall.
俺[おれ]が散[ち]る,I am the one who will scatter; chiru also means to scatter.
やっぱり糧[かて]だ,it is a food after all; kate means food.
糧[かて]がある,there is a nourishment; kate also means nourishment.
俺[おれ]がぶつかる,I am the one who will bump into; butsukaru means to bump into.
明日[あした]ぶつかる,I will encounter tomorrow; butsukaru also means to encounter.
作法[さほう]を見[み]た,I saw manners; sahou means manners.
これは俺[おれ]の作法[さほう]だ,this is my manner of production; sahou also means manner of production.
明日[あした]溶[と]ける,I will melt tomorrow; tokeru means to melt.
皆[みんな]で溶[と]ける,all of us dissolve; tokeru also means to dissolve.
明日[あした]纏[まと]め上[あ]げる,I will compile tomorrow; matomeageru means to compile.
皆[みんな]で捗[はかど]る,all of us make progress; hakadoru means to make progress.
それは納品[のうひん]じゃない,that is not a delivery of goods; nouhin means delivery of goods.
今[いま]蹴[け]る,now I kick; keru means to kick.
よく蹴[け]る,I often refuse; keru also means to refuse.
それは粗末[そまつ]だ,that one is crude; somatsu means crude.
皆[みんな]粗末[そまつ]だ,everyone is careless; somatsu also means careless.
この統括[とうかつ]を知[し]っているか,do you know this unification; toukatsu means unification.
ちゃんと歩[あゆ]む,I walk properly; ayumu means to walk.
俺[おれ]が歩[あゆ]む,I am the one who will tread; ayumu also means to tread.
発声[はっせい]が必要[ひつよう]だ,an utterance is needed; hassei means utterance.
これは切[き]り札[ふだ]だ,this is a trump; kirifuda means trump.
本当[ほんとう]の切[き]り札[ふだ]だ,it is a real ace up one's sleeve; kirifuda also means ace up one's sleeve.
本当[ほんとう]の牽制[けんせい]だ,it is a real check; kensei means check.
情[なさ]けじゃない,it is not a pity; nasake means pity.
やっぱり情[なさ]けだ,it is an affection after all; nasake also means affection.
明日[あした]背負[せお]う,I will carry on one's back tomorrow; seou means to carry on one's back.
一緒[いっしょ]に背負[せお]う,we will be burdened with together; seou also means to be burdened with.
ポテチがある,there is a potato chips; potechi means potato chips.
交信[こうしん]を見[み]た,I saw telecommunications; koushin means telecommunications.
今[いま]取[と]り付[つ]ける,now I install; toritsukeru means to install.
よく取[と]り付[つ]ける,I often obtain; toritsukeru also means to obtain.
発案[はつあん]とは何[なん]だ,what is a suggestion; hatsuan means suggestion.
ちょっと素早[すばや]い,it is a bit quick; subayai means quick.
ちゃんと腐[くさ]る,I rot properly; kusaru means to rot.
俺[おれ]が腐[くさ]る,I am the one who will corrode; kusaru also means to corrode.
俺[おれ]が腐[くさ]った,I am the one who rotted; kusatta is the past form of kusaru meaning to rot.
厳禁[げんきん]の事[こと]を言[い]っている,I am talking about a strict prohibition; genkin means strict prohibition.
着々[ちゃくちゃく]言[い]った,I said it steadily; chakuchaku means steadily.
それを勤[つと]める,I will work that; tsutomeru means to work.
何[なに]を勤[つと]めるのか,what do you finish; tsutomeru also means to finish.
何[なに]を嘆[なげ]くのか,what do you lament; nageku means to lament.
明日[あした]嘆[なげ]く,I will deplore tomorrow; nageku also means to deplore.
足音[あしおと]が必要[ひつよう]だ,footsteps is needed; ashioto means footsteps.
これは偽名[ぎめい]だ,this is a false name; gimei means false name.
皆[みんな]で固[かた]める,all of us harden; katameru means to harden.
今[いま]固[かた]める,now I put together; katameru also means to put together.
オーケーじゃない,it is not an OK; ooke means OK.
やっぱりオーケーだ,it is a fine after all; ooke also means fine.
やっぱり棄権[きけん]だ,it is an abstention after all; kiken means abstention.
焼[や]き肉[にく]がある,there is a yakiniku; yakiniku means yakiniku.
焼[や]き肉[にく]を見[み]た,I saw a roasted meat; yakiniku also means roasted meat.
王宮[おうきゅう]を見[み]た,I saw a royal palace; oukyuu means royal palace.
これは俺[おれ]の侵食[しんしょく]だ,this is my encroachment; shinshoku means encroachment.
俺[おれ]が縛[しば]る,I am the one who will tie; shibaru means to tie.
それを縛[しば]る,I will restrict that; shibaru also means to restrict.
それを訪[たず]ねる,I will visit that; tazuneru means to visit.
それは詫[わ]びじゃない,that is not an apology; wabi means apology.
明日[あした]送[おく]り込[こ]む,I will send in tomorrow; okurikomu means to send in.
一緒[いっしょ]に仕上[しあ]げる,we will finish up together; shiageru means to finish up.
このちょっかいを知[し]っているか,do you know this meddling; chokkai means meddling.
ちょっかいを探[さが]している,I am looking for an extending a paw to drag something closer; chokkai also means extending a paw to drag something closer.
賜物[たまもの]を探[さが]している,I am looking for a gift; tamamono means gift.
賜物[たまもの]が必要[ひつよう]だ,a result is needed; tamamono also means result.
小国[しょうこく]が必要[ひつよう]だ,a small country is needed; shoukoku means small country.
これから交[か]わす,I will exchange from now on; kawasu means to exchange.
たまに交[か]わす,I intersect once in a while; kawasu also means to intersect.
ちゃんと赴[おもむ]く,I go in the direction of properly; omomuku means to go in the direction of.
俺[おれ]が赴[おもむ]く,I am the one who will become; omomuku also means to become.
銀貨[ぎんか]じゃない,it is not a silver coin; ginka means silver coin.
やっぱり呪縛[じゅばく]だ,it is a spell after all; jubaku means spell.
暗躍[あんやく]がある,there is a secret manoeuvres; anyaku means secret manoeuvres.
明日[あした]直[なお]る,I will get mended tomorrow; naoru means to get mended.
皆[みんな]で直[なお]る,all of us return to normal; naoru also means to return to normal.
これは俺[おれ]の随一[ずいいち]だ,this is my best; zuiichi means best.
皆[みんな]欲張[よくば]りだ,everyone is greed; yokubari means greed.
大[おお]きな黒豹[くろひょう]だ,it is a big black panther; kurohyou means black panther.
それは威厳[いげん]じゃない,that is not a dignity; igen means dignity.
よく生[い]き延[の]びる,I often survive; ikinobiru means to survive.
これから呆[あき]れる,I will be amazed from now on; akireru means to be amazed.
ちゃんと出来上[できあ]がる,I am completed properly; dekiagaru means to be completed.
俺[おれ]が出来上[できあ]がる,I am the one who will be very drunk; dekiagaru also means to be very drunk.
ちゃんと断[た]つ,I sever properly; tatsu means to sever.
俺[おれ]が断[た]つ,I am the one who will suppress; tatsu also means to suppress.
それは流暢[りゅうちょう]だ,that one is fluent; ryuuchou means fluent.
これは万物[ばんぶつ]だ,this is an all things; bambutsu means all things.
この騒[さわ]がしいやつだ,it is this noisy one; sawagashii means noisy.
皆[みんな]騒[さわ]がしい,everyone is turbulent; sawagashii also means turbulent.
吸血[きゅうけつ]じゃない,it is not a bloodsucking; kyuuketsu means bloodsucking.
皆[みんな]で駆[か]ける,all of us run; kakeru means to run.
今[いま]駆[か]ける,now I gallop; kakeru also means to gallop.
皆[みんな]ぼろぼろだ,everyone is worn-out; boroboro means worn-out.
これはぼろぼろだ,this one is crumbling; boroboro also means crumbling.
今[いま]蹴散[けち]らす,now I kick about; kechirasu means to kick about.
よく蹴散[けち]らす,I often scatter; kechirasu also means to scatter.
よく甘[あま]える,I often behave like a spoiled child; amaeru means to behave like a spoiled child.
これから甘[あま]える,I will take advantage of from now on; amaeru also means to take advantage of.
蔦[つた]とは何[なん]だ,what is an ivy; tsuta means ivy.
ちゃんと授[さず]かる,I am granted properly; sazukaru means to be granted.
俺[おれ]が授[さず]かる,I am the one who will be taught; sazukaru also means to be taught.
俺[おれ]が授[さず]かった,I am the one who was granted; sazukatta is the past form of sazukaru meaning to be granted.
俺[おれ]が見張[みは]る,I am the one who will stand watch; miharu means to stand watch.
それを見張[みは]る,I will open wide that; miharu also means to open wide.
その筋書[すじが]きが欲[ほ]しい,I want that synopsis; sujigaki means synopsis.
この筋書[すじが]きを知[し]っているか,do you know this plan; sujigaki also means plan.
この詰[つ]みを知[し]っているか,do you know this checkmate; tsumi means checkmate.
これは適任[てきにん]だ,this one is competent; tekinin means competent.
櫓[やぐら]が必要[ひつよう]だ,a turret is needed; yagura means turret.
これは櫓[やぐら]だ,this is a high wooden stage; yagura also means high wooden stage.
皆[みんな]で見届[みとど]ける,all of us make sure of; mitodokeru means to make sure of.
本当[ほんとう]の思[おも]い付[つ]きだ,it is a real idea; omoitsuki means idea.
よく混[ま]ざる,I often am mixed; mazaru means to be mixed.
これから請[う]け負[お]う,I will contract from now on; ukeou means to contract.
たまに切[き]り捨[す]てる,I cut off and throw away once in a while; kirisuteru means to cut off and throw away.
ちゃんと切[き]り捨[す]てる,I abandon properly; kirisuteru also means to abandon.
わっしょい、分[わ]かった,heave-ho I understand; wasshoi means heave-ho.
俺[おれ]が弾[はず]む,I am the one who will spring; hazumu means to spring.
明日[あした]弾[はず]む,I will be stimulated tomorrow; hazumu also means to be stimulated.
本拠[ほんきょ]とは何[なん]だ,what is a stronghold; honkyo means stronghold.
大[おお]きな立[た]ち会[あ]いだ,it is a big presence; tachiai means presence.
それは立[た]ち会[あ]いじゃない,that is not a trading session; tachiai also means trading session.
そそいい,it is graceful good; soso means graceful.
咆哮[ほうこう]の事[こと]を言[い]っている,I am talking about a roar; houkou means roar.
皆[みんな]で打[う]ち破[やぶ]る,all of us break; uchiyaburu means to break.
この遠吠[とおぼ]えを知[し]っているか,do you know this howling; tooboe means howling.
頭領[とうりょう]を探[さが]している,I am looking for a head; touryou means head.
なおなった,it turned out still; nao means still.
なおいい,it is more good; nao also means more.
皆[みんな]矮小[わいしょう]だ,everyone is diminutive; waishou means diminutive.
それを欺[あざむ]く,I will deceive that; azamuku means to deceive.
明日[あした]打[う]ち勝[か]つ,I will conquer tomorrow; uchikatsu means to conquer.
皆[みんな]で打[う]ち勝[か]つ,all of us overcome; uchikatsu also means to overcome.
明日[あした]取[と]り掛[か]かる,I will begin tomorrow; torikakaru means to begin.
これは俺[おれ]のメットだ,this is my helmet; metto means helmet.
広間[ひろま]とは何[なん]だ,what is a hall; hiroma means hall.
とてもたやすい,it is very easy; tayasui means easy.
これから放[はな]す,I will release from now on; hanasu means to release.
たまに放[はな]す,I add to water once in a while; hanasu also means to add to water.
たまに受[う]け持[も]つ,I take charge of once in a while; ukemotsu means to take charge of.
この攪乱[かくらん]を知[し]っているか,do you know this disturbance; kakuran means disturbance.
俺[おれ]が踏[ふ]まえる,I am the one who will be based on; fumaeru means to be based on.
それを踏[ふ]まえる,I will have one's feet firmly planted on that; fumaeru also means to have one's feet firmly planted on.
踏[ふ]まえてください,please be based on; fumaete is the te form of fumaeru meaning to be based on.
それを吸[す]い取[と]る,I will suck up that; suitoru means to suck up.
おかしな事[こと]だ,it is funny matter; okashina means funny.
おかしなやつだ,it is strange one; okashina also means strange.
明日[あした]懐[なつ]く,I will become attached tomorrow; natsuku means to become attached.
話[はな]し声[ごえ]じゃない,it is not a speaking voice; hanashigoe means speaking voice.
やっぱり合[あ]い言葉[ことば]だ,it is a password after all; aikotoba means password.
合[あ]い言葉[ことば]がある,there is a motto; aikotoba also means motto.
今[いま]攻[せ]め込[こ]む,now I invade; semekomu means to invade.
よく禁[きん]ずる,I often forbid; kinzuru means to forbid.
これから禁[きん]ずる,I will suppress from now on; kinzuru also means to suppress.
これは俺[おれ]のコロッセオだ,this is my Colosseum; korosseo means Colosseum.
たまに交[まじ]える,I mix once in a while; majieru means to mix.
ちゃんと交[まじ]える,I exchange properly; majieru also means to exchange.
これは息災[そくさい]だ,this one is good health; sokusai means good health.
それは息災[そくさい]じゃない,that is not a stopping misfortune; sokusai also means stopping misfortune.
俺[おれ]が詫[わ]びる,I am the one who will apologize; wabiru means to apologize.
呻[うめ]き声[ごえ]の事[こと]を言[い]っている,I am talking about a groan; umekigoe means groan.
明日[あした]ばらす,I will expose tomorrow; barasu means to expose.
一緒[いっしょ]にばらす,we will take apart together; barasu also means to take apart.
一緒[いっしょ]に侮[あなど]る,we will disdain together; anadoru means to disdain.
それはいささかだ,that one is a little; isasaka means a little.
これは所帯[しょたい]だ,this is a household; shotai means household.
よく駆[か]け付[つ]ける,I often run to; kaketsukeru means to run to.
手駒[てごま]じゃない,it is not an under one's control; tegoma means under one's control.
たまに追[お]い返[かえ]す,I drive away once in a while; oikaesu means to drive away.
咳払[せきばら]いがある,there is a clearing one's throat; sekibarai means clearing one's throat.
インテグレーションを見[み]た,I saw an integration; integureeshon means integration.
明日[あした]恐[おそ]れ入[い]る,I will be sorry tomorrow; osoreiru means to be sorry.
皆[みんな]で恐[おそ]れ入[い]る,all of us am much obliged; osoreiru also means to be much obliged.
今[いま]恐[おそ]れ入[い]ります,now I am sorry; osoreirimasu is the polite form of osoreiru meaning to be sorry.
りえんとは何[なん]だ,what is a divorce; rien means divorce.
明日[あした]ちぎれる,I will be torn off tomorrow; chigireru means to be torn off.
皆[みんな]でちぎれる,all of us am torn to pieces; chigireru also means to be torn to pieces.
皆[みんな]で朽[く]ちる,all of us rot; kuchiru means to rot.
今[いま]朽[く]ちる,now I die in obscurity; kuchiru also means to die in obscurity.
皆[みんな]で与[あずか]る,all of us participate in; azukaru means to participate in.
今[いま]与[あずか]る,now I receive; azukaru also means to receive.
じんとなった,it turned out deeply; jinto means deeply.
じんといい,it is going numb good; jinto also means going numb.
この首魁[しゅかい]を知[し]っているか,do you know this ringleader; shukai means ringleader.
首魁[しゅかい]を探[さが]している,I am looking for a forerunner; shukai also means forerunner.
これはうさんだ,this one is suspicious; usan means suspicious.
ついでが必要[ひつよう]だ,an opportunity is needed; tsuide means opportunity.
これはもてなしだ,this is a hospitality; motenashi means hospitality.
本当[ほんとう]のもてなしだ,it is a real refreshment; motenashi also means refreshment.
俺[おれ]が掻[か]き集[あつ]める,I am the one who will gather up; kakiatsumeru means to gather up.
親衛[しんえい]じゃない,it is not monarch's guards; shinei means monarch's guards.
ぺっ言[い]った,I said it phooey; pet means phooey.
明日[あした]申[もう]し渡[わた]す,I will tell tomorrow; moushiwatasu means to tell.
皆[みんな]あっけない,everyone is unsatisfying; akkenai means unsatisfying.
皆[みんな]で嗾[けしか]ける,all of us instigate; keshikakeru means to instigate.
それをけしかけた,I instigated that; keshikaketa is the past form of keshikakeru meaning to instigate.
今[いま]打[ぶ]ち殺[ころ]す,now I beat to death; buchikorosu means to beat to death.
よく打[ぶ]ち殺[ころ]す,I often kill; buchikorosu also means to kill.
大[おお]きなクリムソンだ,it is a big crimson; kurimuson means crimson.
それは狒々[ひひ]じゃない,that is not a baboon; hihi means baboon.
たまに免[めん]ずる,I dismiss once in a while; menzuru means to dismiss.
ちゃんと免[めん]ずる,I exempt properly; menzuru also means to exempt.
免[めん]じてください,please dismiss; menjite is the te form of menzuru meaning to dismiss.
俺[おれ]が畏[かしこ]まる,I am the one who will obey respectfully; kashikomaru means to obey respectfully.
昨日[きのう]かしこまった,yesterday I obeyed respectfully; kashikomatta is the past form of kashikomaru meaning to obey respectfully.
すごくふがいない,it is really good-for-nothing; fugainai means good-for-nothing.
月[がつ]が必要[ひつよう]だ,a Moon is needed; gatsu means Moon.
これは月[がつ]だ,this is a month; gatsu also means month.
一日[ついたち]言[い]った,I said it one day; tsuitachi means one day.
本当[ほんとう]の一日[ついたち]だ,it is a real first day of the month; tsuitachi also means first day of the month.
ほんの事[こと]だ,it is mere matter; honno means mere.
一人一人[ひとりひとり]いい,it is each good; hitorihitori means each.
やっぱりいっぽんだ,it is one long cylindrical thing after all; ippon means one long cylindrical thing.
いっぽんがある,there is one version; ippon also means one version.
イベントとは何[なん]だ,what is an event; ibento means event.
大[おお]きな部分[ぶぶん]だ,it is a big portion; bubun means portion.
それは英語[えいご]じゃない,that is not an English; eigo means English.
音楽[おんがく]の事[こと]を言[い]っている,I am talking about a music; ongaku means music.
この台[だい]を知[し]っているか,do you know this stand; dai means stand.
台[だい]を探[さが]している,I am looking for a setting; dai also means setting.
追加[ついか]が必要[ひつよう]だ,an addition is needed; tsuika means addition.
これはデザインだ,this is a design; dezain means design.
本当[ほんとう]のポイントだ,it is a real point; pointo means point.
ポイントじゃない,it is not a switch; pointo also means switch.
白[しろ]じゃない,it is not a white; shiro means white.
やっぱり白[しろ]だ,it is an innocence after all; shiro also means innocence.
一方[いっぽう]それでいい,on the one hand that is fine; ippou also means on the one hand.
交換[こうかん]がある,there is an exchange; koukan means exchange.
大々[だいだい]言[い]った,I said it very big; daidai means very big.
これは俺[おれ]の現実[げんじつ]だ,this is my reality; genjitsu means reality.
皆[みんな]重[じゅう]だ,everyone is chief; juu means chief.
大[おお]きな卒業[そつぎょう]だ,it is a big graduation; sotsugyou means graduation.
それは監督[かんとく]じゃない,that is not a supervision; kantoku means supervision.
監督[かんとく]の事[こと]を言[い]っている,I am talking about a director; kantoku also means director.
通常[つうじょう]なった,it turned out usual; tsuujou means usual.
どの道[みち]いい,it is anyway good; donomichi means anyway.
この国際[こくさい]を知[し]っているか,do you know this international; kokusai means international.
北[きた]を探[さが]している,I am looking for a north; kita means north.
北[きた]が必要[ひつよう]だ,the North is needed; kita also means the North.
器[うつわ]が必要[ひつよう]だ,a bowl is needed; utsuwa means bowl.
これは器[うつわ]だ,this is an ability; utsuwa also means ability.
これは雨[あめ]だ,this is a rain; ame means rain.
本当[ほんとう]の雨[あめ]だ,it is a real rainy day; ame also means rainy day.
本当[ほんとう]のいらだ,it is a real scarbreast tuskfin; ira means scarbreast tuskfin.
専用[せんよう]じゃない,it is not an exclusive use; senyou means exclusive use.
やっぱり専用[せんよう]だ,it is a dedicated use after all; senyou also means dedicated use.
やっぱり赤[あか]だ,it is a red after all; aka means red.
赤[あか]がある,there is a red-containing colour; aka also means red-containing colour.
現場[げんば]がある,there is an actual spot; gemba means actual spot.
現場[げんば]を見[み]た,I saw a site; gemba also means site.
これは俺[おれ]の取[と]りだ,this is my taking; tori means taking.
取[と]りとは何[なん]だ,what is a last performer of the day; tori also means last performer of the day.
コーヒーとは何[なん]だ,what is a coffee; koohi means coffee.
大[おお]きな丸[まる]だ,it is a big circle; maru means circle.
それは丸[まる]じゃない,that is not an entirety; maru also means entirety.
それは導入[どうにゅう]じゃない,that is not an introduction; dounyuu means introduction.
サイズの事[こと]を言[い]っている,I am talking about a size; saizu means size.
その体験[たいけん]が欲[ほ]しい,I want that experience; taiken means experience.
この借[か]りを知[し]っているか,do you know this borrowing; kari means borrowing.
敵軍[てきぐん]を探[さが]している,I am looking for an enemy army; tekigun means enemy army.
舞台[ぶたい]が必要[ひつよう]だ,a stage is needed; butai means stage.
これは舞台[ぶたい]だ,this is a stage performance; butai also means stage performance.
これは層[そう]だ,this is a layer; sou means layer.
本当[ほんとう]の層[そう]だ,it is a real class; sou also means class.
本当[ほんとう]の停止[ていし]だ,it is a real stoppage; teishi means stoppage.
やっぱり土地[とち]だ,it is a plot of land after all; tochi means plot of land.
土地[とち]がある,there is a locality; tochi also means locality.
午後[ごご]なった,it turned out afternoon; gogo means afternoon.
製造[せいぞう]を見[み]た,I saw a manufacture; seizou means manufacture.
これは俺[おれ]の授業[じゅぎょう]だ,this is my lesson; jugyou means lesson.
大[おお]きなたんだ,it is a big liver; tan means liver.
皆[みんな]クリアだ,everyone is clear; kuria means clear.
地獄[じごく]の事[こと]を言[い]っている,I am talking about a hell realm; jigoku means hell realm.
その地獄[じごく]が欲[ほ]しい,I want that Hell; jigoku also means Hell.
その恋人[こいびと]が欲[ほ]しい,I want that lover; koibito means lover.
この演奏[えんそう]を知[し]っているか,do you know this musical performance; ensou means musical performance.
事前[じぜん]を探[さが]している,I am looking for a prior; jizen means prior.
ちょっと辛[つら]い,it is a bit spicy; tsurai means spicy.
それは辛[つら]い,that one is salty; tsurai also means salty.
これは言語[げんご]だ,this is a language; gengo means language.
本当[ほんとう]の分野[ぶんや]だ,it is a real field; bunya means field.
人口[じんこう]じゃない,it is not a population; jinkou means population.
やっぱり人口[じんこう]だ,it is a common talk after all; jinkou also means common talk.
やっぱり世[よ]だ,it is a world after all; yo means world.
世[よ]がある,there is a life; yo also means life.
単位[たんい]がある,there is an unit; tani means unit.
単位[たんい]を見[み]た,I saw a credit; tani also means credit.
手術[しゅじゅつ]を見[み]た,I saw a surgery; shujutsu means surgery.
これは俺[おれ]の次元[じげん]だ,this is my dimension; jigen means dimension.
次元[じげん]とは何[なん]だ,what is a perspective; jigen also means perspective.
銀[ぎん]とは何[なん]だ,what is a silver; gin means silver.
大[おお]きな銀[ぎん]だ,it is a big silver coin; gin also means silver coin.
大[おお]きな額[がく]だ,it is a big frame; gaku means frame.
それは額[がく]じゃない,that is not an amount; gaku also means amount.
それはサポートじゃない,that is not a support; sapooto means support.
思[おも]い出[で]の事[こと]を言[い]っている,I am talking about memories; omoide means memories.
即[そく]やめた,equals I quit; soku means equals.
それは悲[かな]しい,that one is sad; kanashii means sad.
生物[せいぶつ]を探[さが]している,I am looking for a living thing; seibutsu means living thing.
生物[せいぶつ]が必要[ひつよう]だ,a biology is needed; seibutsu also means biology.
上司[じょうし]が必要[ひつよう]だ,a superior is needed; joushi means superior.
これは床[ゆか]だ,this is a bed; yuka means bed.
本当[ほんとう]の床[ゆか]だ,it is a real sickbed; yuka also means sickbed.
本当[ほんとう]のゲストだ,it is a real guest; gesuto means guest.
やっぱり予算[よさん]だ,it is an estimate after all; yosan means estimate.
備[そな]えがある,there is a preparation; sonae means preparation.
備[そな]えを見[み]た,I saw defenses; sonae also means defenses.
正義[せいぎ]を見[み]た,I saw a justice; seigi means justice.
これは俺[おれ]の正義[せいぎ]だ,this is my correct meaning; seigi also means correct meaning.
これは俺[おれ]の衝撃[しょうげき]だ,this is my impact; shougeki means impact.
衝撃[しょうげき]とは何[なん]だ,what is a shock; shougeki also means shock.
あらゆる事[こと]だ,it is all matter; arayuru means all.
大[おお]きな天気[てんき]だ,it is a big weather; tenki means weather.
それは天気[てんき]じゃない,that is not a fair weather; tenki also means fair weather.
それは一時[いちじ]じゃない,that is not a time; ichiji means a time.
夏祭[なつまつ]りの事[こと]を言[い]っている,I am talking about a summer festival; natsumatsuri means summer festival.
そのおまけが欲[ほ]しい,I want that something thrown in; omake means something thrown in.
このおまけを知[し]っているか,do you know this addition; omake also means addition.
この義務[ぎむ]を知[し]っているか,do you know this duty; gimu means duty.
差別[さべつ]を探[さが]している,I am looking for a distinction; sabetsu means distinction.
それは明確[めいかく]だ,that one is clear; meikaku means clear.
これは血液[けつえき]だ,this is a blood; ketsueki means blood.
本当[ほんとう]のアートだ,it is a real art; aato means art.
推進[すいしん]じゃない,it is not a propulsion; suishin means propulsion.
やっぱり燃料[ねんりょう]だ,it is a fuel after all; nenryou means fuel.
焼[や]き入[い]れがある,there is a quenching; yakiire means quenching.
筋肉[きんにく]を見[み]た,I saw a muscle; kinniku means muscle.
これは俺[おれ]の規定[きてい]だ,this is my stipulation; kitei means stipulation.
規定[きてい]とは何[なん]だ,what is a normal; kitei also means normal.
優[すぐ]れ者[もの]とは何[なん]だ,what is an exceptional item; suguremono means exceptional item.
大[おお]きな勇気[ゆうき]だ,it is a big courage; yuuki means courage.
それは合格[ごうかく]じゃない,that is not a passing; goukaku means passing.
皆[みんな]で走[はし]る,all of us run; hashiru means to run.
今[いま]走[はし]る,now I rush; hashiru also means to rush.
その集合[しゅうごう]が欲[ほ]しい,I want that meeting up; shuugou means meeting up.
時々[ときどき]いい,it is sometimes good; tokidoki means sometimes.
時々[ときどき]を探[さが]している,I am looking for a seasonal; tokidoki also means seasonal.
ごほんを探[さが]している,I am looking for a five; gohon means five.
仕組[しく]みが必要[ひつよう]だ,a structure is needed; shikumi means structure.
これは仕組[しく]みだ,this is a plan; shikumi also means plan.
これは実績[じっせき]だ,this is achievements; jisseki means achievements.
本当[ほんとう]の敵兵[てきへい]だ,it is a real enemy; tekihei means enemy.
減少[げんしょう]じゃない,it is not a decrease; genshou means decrease.
やっぱり世間[せけん]だ,it is a world after all; seken means world.
それは真剣[しんけん]だ,that one is serious; shinken means serious.
真剣[しんけん]を見[み]た,I saw a real sword; shinken also means real sword.
門[もん]を見[み]た,I saw a door; mon means door.
これは俺[おれ]の門[もん]だ,this is my shutter; mon also means shutter.
これは俺[おれ]の休憩[きゅうけい]だ,this is my rest; kyuukei means rest.
作用[さよう]とは何[なん]だ,what is an action; sayou means action.
大[おお]きな視点[してん]だ,it is a big point of view; shiten means point of view.
それは視点[してん]じゃない,that is not a visual point; shiten also means visual point.
ちょっ,hey; chot means hey.
出力[しゅつりょく]の事[こと]を言[い]っている,I am talking about an output; shutsuryoku means output.
その若[わか]が欲[ほ]しい,I want that youth; waka means youth.
この若[わか]を知[し]っているか,do you know this child; waka also means child.
この要[よう]を知[し]っているか,do you know this pivot; you means pivot.
要[よう]を探[さが]している,I am looking for a vital point; you also means vital point.
刺激[しげき]を探[さが]している,I am looking for stimulus; shigeki means stimulus.
古代[こだい]が必要[ひつよう]だ,an ancient times is needed; kodai means ancient times.
これは浮気[うわき]だ,this is an extramarital sex; uwaki means extramarital sex.
この面白[おもしろ]おかしいやつだ,it is this humorous one; omoshirookashii means humorous.
皆[みんな]面白[おもしろ]おかしい,everyone is enjoyable; omoshirookashii also means enjoyable.
やっぱり付[つ]き合[あ]いだ,it is an association after all; tsukiai means association.
工作[こうさく]がある,there is a handicraft; kousaku means handicraft.
待機[たいき]を見[み]た,I saw a standing by; taiki means standing by.
これは俺[おれ]の階段[かいだん]だ,this is my stairs; kaidan means stairs.
体力[たいりょく]とは何[なん]だ,what is a physical strength; tairyoku means physical strength.
大[おお]きな体力[たいりょく]だ,it is a big strength; tairyoku also means strength.
大[おお]きな圧力[あつりょく]だ,it is a big pressure; atsuryoku means pressure.
それは適切[てきせつ]だ,that one is appropriate; tekisetsu means appropriate.
翌日[よくじつ]いい,it is next day good; yokujitsu means next day.
そのマイナスが欲[ほ]しい,I want that minus; mainasu means minus.
このマイナスを知[し]っているか,do you know this negative; mainasu also means negative.
この墓[はか]を知[し]っているか,do you know this grave; haka means grave.
変身[へんしん]を探[さが]している,I am looking for metamorphosis; henshin means metamorphosis.
資源[しげん]が必要[ひつよう]だ,resources is needed; shigen means resources.
これはアピールだ,this is an appeal; apiiru means appeal.
本当[ほんとう]のエピソードだ,it is a real episode; episoodo means episode.
措置[そち]じゃない,it is not a measure; sochi means measure.
やっぱりメリットだ,it is an advantage after all; meritto means advantage.
これは容易[ようい]だ,this one is easy; youi means easy.
流出[りゅうしゅつ]を見[み]た,I saw an outflow; ryuushutsu means outflow.
これは俺[おれ]のオーバーだ,this is my overcoat; ooba means overcoat.
オーバーとは何[なん]だ,what is an over par; ooba also means over par.
何[なに]を勝[か]ち上[あ]がるのか,what do you win through; kachiagaru means to win through.
大[おお]きな成績[せいせき]だ,it is a big results; seiseki means results.
それは行方[ゆくえ]じゃない,that is not whereabouts; yukue means whereabouts.
行方[ゆくえ]の事[こと]を言[い]っている,I am talking about a destination; yukue also means destination.
そらの事[こと]を言[い]っている,I am talking about a sky; sora means sky.
その恥[はじ]が欲[ほ]しい,I want that shame; haji means shame.
この根[ね]を知[し]っているか,do you know this root; ne means root.
根[ね]を探[さが]している,I am looking for one's true nature; ne also means one's true nature.
童貞[どうてい]を探[さが]している,I am looking for a virginity; doutei means virginity.
童貞[どうてい]が必要[ひつよう]だ,a nun is needed; doutei also means nun.
フォローが必要[ひつよう]だ,a follow is needed; foro means follow.
これはフォローだ,this is a tailwind; foro also means tailwind.
これはレシピだ,this is a recipe; reshipi means recipe.
本当[ほんとう]のレシピだ,it is a real prescription; reshipi also means prescription.
本当[ほんとう]の理[り]だ,it is a real reason; ri means reason.
理[り]じゃない,it is not a general principle; ri also means general principle.
経緯[けいい]じゃない,it is not details; keii means details.
やっぱり経緯[けいい]だ,it is a longitude and latitude after all; keii also means longitude and latitude.
やっぱり舞[まい]だ,it is a dancing after all; mai means dancing.
アルコールがある,there is an alcohol; arukooru means alcohol.
アルコールを見[み]た,I saw an alcoholic drink; arukooru also means alcoholic drink.
交代[こうたい]を見[み]た,I saw a change; koutai means change.
これは俺[おれ]の所持[しょじ]だ,this is my possession; shoji means possession.
日時[にちじ]とは何[なん]だ,what is a date and time; nichiji means date and time.
大[おお]きな日時[にちじ]だ,it is a big days and hours; nichiji also means days and hours.
大[おお]きな虎[とら]だ,it is a big tiger; tora means tiger.
それは虎[とら]じゃない,that is not a drunkard; tora also means drunkard.
それは放棄[ほうき]じゃない,that is not an abandonment; houki means abandonment.
すごく最適[さいてき]だ,it is really most suitable; saiteki means most suitable.
その酸素[さんそ]が欲[ほ]しい,I want that oxygen; sanso means oxygen.
測定[そくてい]を探[さが]している,I am looking for a measurement; sokutei means measurement.
すごく豊富[ほうふ]だ,it is really abundant; houfu means abundant.
ぴったりなった,it turned out tightly; pittari means tightly.
皆[みんな]ぴったりだ,everyone is perfectly; pittari also means perfectly.
本当[ほんとう]のいいわけだ,it is a real excuse; iiwake means excuse.
露出[ろしゅつ]じゃない,it is not an exposure; roshutsu means exposure.
やっぱりちょいだ,it is an heirship after all; choi means heirship.
到達[とうたつ]がある,there is a reaching; toutatsu means reaching.
商業[しょうぎょう]を見[み]た,I saw a commerce; shougyou means commerce.
これは俺[おれ]のがんだ,this is my cancer; gan means cancer.
イエスとは何[なん]だ,what is Jesus; iesu means Jesus.
大[おお]きなペースだ,it is a big pace; peesu means pace.
それは広場[ひろば]じゃない,that is not a public square; hiroba means public square.
広場[ひろば]の事[こと]を言[い]っている,I am talking about an open space; hiroba also means open space.
端[はな]の事[こと]を言[い]っている,I am talking about an end; hana means end.
その端[はな]が欲[ほ]しい,I want that beginning; hana also means beginning.
その寒[かん]が欲[ほ]しい,I want that midwinter; kan means midwinter.
この頑張[がんば]りを知[し]っているか,do you know this tenacity; gambari means tenacity.
本質[ほんしつ]を探[さが]している,I am looking for an essence; honshitsu means essence.
損失[そんしつ]が必要[ひつよう]だ,a loss is needed; sonshitsu means loss.
これは決意[けつい]だ,this is a decision; ketsui means decision.
本当[ほんとう]の紳士[しんし]だ,it is a real gentleman; shinshi means gentleman.
侵略[しんりゃく]じゃない,it is not an invasion; shinryaku means invasion.
やっぱり内側[うちがわ]だ,it is an inside after all; uchigawa means inside.
大暴[おおあば]れがある,there is a rampaging; ooabare means rampaging.
牛乳[ぎゅうにゅう]を見[み]た,I saw a milk; gyuunyuu means milk.
これは俺[おれ]の粒[つぶ]だ,this is my grain; tsubu means grain.
ファミリーとは何[なん]だ,what is a family; famiri means family.
すごく未熟[みじゅく]だ,it is really unripe; mijuku means unripe.
それは未熟[みじゅく]だ,that one is immature; mijuku also means immature.
それは玄関[げんかん]じゃない,that is not an entrance; genkan means entrance.
地帯[ちたい]の事[こと]を言[い]っている,I am talking about a zone; chitai means zone.
さっぱりした,I did it feeling refreshed; sappari means feeling refreshed.
さっぱり言[い]った,I said it neat; sappari also means neat.
このネームを知[し]っているか,do you know this name; neemu means name.
ネームを探[さが]している,I am looking for a nameplate; neemu also means nameplate.
それは暗黒[あんこく]だ,that one is darkness; ankoku means darkness.
これは刑[けい]だ,this is a penalty; kei means penalty.
今頃[いまごろ]言[い]った,I said it about this time; imagoro means about this time.
救出[きゅうしゅつ]じゃない,it is not a rescue; kyuushutsu means rescue.
やっぱり賞金[しょうきん]だ,it is a prize money after all; shoukin means prize money.
贈[おく]り物[もの]がある,there is a present; okurimono means present.
とても欲深[よくふか]い,it is very greedy; yokufukai means greedy.
見学[けんがく]とは何[なん]だ,what is an inspection; kengaku means inspection.
大[おお]きな後方[こうほう]だ,it is a big rear; kouhou means rear.
それは芝居[しばい]じゃない,that is not a play; shibai means play.
長男[ちょうなん]の事[こと]を言[い]っている,I am talking about an eldest son; chounan means eldest son.
その喪失[そうしつ]が欲[ほ]しい,I want that loss; soushitsu means loss.
これは強烈[きょうれつ]だ,this one is strong; kyouretsu means strong.
構[かま]えを探[さが]している,I am looking for a structure; kamae means structure.
構[かま]えが必要[ひつよう]だ,a posture is needed; kamae also means posture.
余地[よち]が必要[ひつよう]だ,a space is needed; yochi means space.
これは余地[よち]だ,this is a room; yochi also means room.
これは灰[はい]だ,this is an ash; hai means ash.
本当[ほんとう]の背後[はいご]だ,it is a real back; haigo means back.
背後[はいご]じゃない,it is not a background; haigo also means background.
発掘[はっくつ]じゃない,it is not an excavation; hakkutsu means excavation.
やっぱり同情[どうじょう]だ,it is a sympathy after all; doujou means sympathy.
傑作[けっさく]がある,there is a masterpiece; kessaku means masterpiece.
果実[かじつ]を見[み]た,I saw a fruit; kajitsu means fruit.
これは俺[おれ]の果実[かじつ]だ,this is my fruits; kajitsu also means fruits.
一斉[いっせい]言[い]った,I said it simultaneous; issei means simultaneous.
一流[いちりゅう]とは何[なん]だ,what is a first-class; ichiryuu means first-class.
大[おお]きな一流[いちりゅう]だ,it is a big characteristic; ichiryuu also means characteristic.
大[おお]きな尻尾[しっぽ]だ,it is a big tail; shippo means tail.
それは尻尾[しっぽ]じゃない,that is not a tail end; shippo also means tail end.
何[なに]を支[ささ]えるのか,what do you support; sasaeru means to support.
明日[あした]支[ささ]える,I will hold at bay tomorrow; sasaeru also means to hold at bay.
庶民[しょみん]の事[こと]を言[い]っている,I am talking about a common people; shomin means common people.
一緒[いっしょ]に好[この]む,we will like together; konomu means to like.
この包囲[ほうい]を知[し]っているか,do you know this siege; houi means siege.
弁護[べんご]を探[さが]している,I am looking for a defense; bengo means defense.
よく浮[う]かぶ,I often float; ukabu means to float.
これから浮[う]かぶ,I will rise to the surface from now on; ukabu also means to rise to the surface.
これから触[さわ]る,I will touch from now on; sawaru means to touch.
ちゃんと触[さわ]る,I get involved properly; sawaru also means to get involved.
本当[ほんとう]の作動[さどう]だ,it is a real operation; sadou means operation.
原料[げんりょう]じゃない,it is not a raw materials; genryou means raw materials.
すごくひそかだ,it is really secret; hisoka means secret.
克服[こくふく]がある,there is a conquest; kokufuku means conquest.
何[なに]を取[と]り戻[もど]すのか,what do you take back; torimodosu means to take back.
これは俺[おれ]の好物[こうぶつ]だ,this is my favourite dish; koubutsu means favourite dish.
一緒[いっしょ]に当[あ]てる,we will hit together; ateru means to hit.
皆[みんな]で当[あ]てる,all of us expose; ateru also means to expose.
大[おお]きな担任[たんにん]だ,it is a big being in charge of; tannin means being in charge of.
それは担任[たんにん]じゃない,that is not a class teacher; tannin also means class teacher.
それはカオスじゃない,that is not chaos; kaosu means chaos.
経費[けいひ]の事[こと]を言[い]っている,I am talking about expenses; keihi means expenses.
その群[む]れが欲[ほ]しい,I want that group; mure means group.
このなじみを知[し]っているか,do you know this familiarity; najimi means familiarity.
グッドを探[さが]している,I am looking for a good; guddo means good.
仮説[かせつ]が必要[ひつよう]だ,hypothesis is needed; kasetsu means hypothesis.
これは王女[おうじょ]だ,this is a princess; oujo means princess.
明日[あした]苦[くる]しむ,I will suffer tomorrow; kurushimu means to suffer.
今[いま]苦[くる]しんでいる,I am sufferring right now; kurushindeiru is the progressive form of kurushimu meaning to suffer.
雌[めす]じゃない,it is not a female; mesu means female.
やっぱり出撃[しゅつげき]だ,it is a sortie after all; shutsugeki means sortie.
真理[しんり]がある,there is a truth; shinri means truth.
それは誠実[せいじつ]だ,that one is sincere; seijitsu means sincere.
これは俺[おれ]のたれだ,this is my sauce; tare means sauce.
たれとは何[なん]だ,what is a hanging; tare also means hanging.
羅[ら]とは何[なん]だ,what is a lightweight fabric or clothing; ra means lightweight fabric or clothing.
大[おお]きなセーブだ,it is a big saving; seebu means saving.
それはセーブじゃない,that is not a save; seebu also means save.
毎度[まいど]なった,it turned out each time; maido means each time.
レーンの事[こと]を言[い]っている,I am talking about a lane; reen means lane.
その貧乏[びんぼう]が欲[ほ]しい,I want that poverty-stricken; bimbou means poverty-stricken.
すごく上品[じょうひん]だ,it is really elegant; jouhin means elegant.
明日[あした]壊[こわ]れる,I will be broken tomorrow; kowareru means to be broken.
皆[みんな]で壊[こわ]れる,all of us break; kowareru also means to break.
挑発[ちょうはつ]が必要[ひつよう]だ,a provocation is needed; chouhatsu means provocation.
これは無能[むのう]だ,this one is incompetence; munou means incompetence.
本当[ほんとう]の無能[むのう]だ,it is a real incompetent person; munou also means incompetent person.
本当[ほんとう]の焼[や]き蕎麦[そば]だ,it is a real yakisoba; yakisoba means yakisoba.
礼儀[れいぎ]じゃない,it is not manners; reigi means manners.
やっぱり補佐[ほさ]だ,it is an aid after all; hosa means aid.
電流[でんりゅう]がある,there is an electric current; denryuu means electric current.
義理[ぎり]を見[み]た,I saw a duty; giri means duty.
これは俺[おれ]の義理[ぎり]だ,this is my in-law; giri also means in-law.
これは俺[おれ]のビスだ,this is my screw; bisu means screw.
皆[みんな]万全[ばんぜん]だ,everyone is perfection; banzen means perfection.
大[おお]きな侮辱[ぶじょく]だ,it is a big insult; bujoku means insult.
それは根性[こんじょう]じゃない,that is not a willpower; konjou means willpower.
根性[こんじょう]の事[こと]を言[い]っている,I am talking about a character; konjou also means character.
ブラッドの事[こと]を言[い]っている,I am talking about a blood; buraddo means blood.
その店主[てんしゅ]が欲[ほ]しい,I want that shopkeeper; tenshu means shopkeeper.
この王妃[おうひ]を知[し]っているか,do you know this queen; ouhi means queen.
殺意[さつい]を探[さが]している,I am looking for an intent to kill; satsui means intent to kill.
無理矢理[むりやり]なった,it turned out forcibly; muriyari means forcibly.
これは即座[そくざ]だ,this is an immediate; sokuza means immediate.
これは同然[どうぜん]だ,this one is just like; douzen means just like.
すごく脆弱[ぜいじゃく]だ,it is really weak; zeijaku means weak.
やっぱりとことんだ,it is the very end after all; tokoton means the very end.
害意[がいい]がある,there is a malice; gaii means malice.
目玉[めだま]を見[み]た,I saw an eyeball; medama means eyeball.
これは俺[おれ]の目玉[めだま]だ,this is my special feature; medama also means special feature.
これは俺[おれ]の人手[ひとで]だ,this is my starfish; hitode means starfish.
人手[ひとで]とは何[なん]だ,what is a northern Pacific seastar; hitode also means northern Pacific seastar.
皆[みんな]で映[うつ]る,all of us am reflected; utsuru means to be reflected.
大[おお]きなスナックだ,it is a big snack; sunakku means snack.
それはスナックじゃない,that is not a snack bar; sunakku also means snack bar.
それは変異[へんい]じゃない,that is not an unusual occurrence; heni means unusual occurrence.
これから接[せっ]する,I will touch from now on; sessuru means to touch.
ちゃんと接[せっ]する,I receive properly; sessuru also means to receive.
その楽勝[らくしょう]が欲[ほ]しい,I want that easy victory; rakushou means easy victory.
この楽勝[らくしょう]を知[し]っているか,do you know this easy peasy; rakushou also means easy peasy.
当分[とうぶん]いい,it is for the present good; toubun means for the present.
当分[とうぶん]した,I did it for a while; toubun also means for a while.
所詮[しょせん]した,I did it after all; shosen means after all.
所詮[しょせん]言[い]った,I said it possibly; shosen also means possibly.
すごく凶悪[きょうあく]だ,it is really atrocious; kyouaku means atrocious.
それは台無[だいな]しだ,that one is spoiled; dainashi means spoiled.
本当[ほんとう]の専念[せんねん]だ,it is a real absorption; sennen means absorption.
皆[みんな]で鳴[な]る,all of us sound; naru means to sound.
すごく傲慢[ごうまん]だ,it is really haughty; gouman means haughty.
補充[ほじゅう]がある,there is a replenishment; hojuu means replenishment.
運搬[うんぱん]を見[み]た,I saw a transport; umpan means transport.
これは俺[おれ]の共闘[きょうとう]だ,this is my joint struggle; kyoutou means joint struggle.
手助[てだす]けとは何[なん]だ,what is a help; tedasuke means a help.
ちゃんと作[つく]り出[だ]す,I manufacture properly; tsukuridasu means to manufacture.
俺[おれ]が作[つく]り出[だ]す,I am the one who will invent; tsukuridasu also means to invent.
それは制圧[せいあつ]じゃない,that is not a gaining total control; seiatsu means gaining total control.
最善[さいぜん]の事[こと]を言[い]っている,I am talking about the very best; saizen means the very best.
明日[あした]漂[ただよ]う,I will drift tomorrow; tadayou means to drift.
皆[みんな]で漂[ただよ]う,all of us waft; tadayou also means to waft.
この一角[いっかく]を知[し]っているか,do you know this corner; ikkaku means corner.
一角[いっかく]を探[さが]している,I am looking for one horn; ikkaku also means one horn.
紛[まぎ]れを探[さが]している,I am looking for a fluke; magire means fluke.
名人[めいじん]が必要[ひつよう]だ,a master is needed; meijin means master.
これは名人[めいじん]だ,this is a Meijin; meijin also means Meijin.
今[いま]属[ぞく]する,now I belong to; zokusuru means to belong to.
よくぶっかける,I often dash; bukkakeru means to dash.
瞑想[めいそう]じゃない,it is not a meditation; meisou means meditation.
やっぱり辞退[じたい]だ,it is a declining after all; jitai means declining.
ピエロがある,there is a clown; piero means clown.
それは多重[たじゅう]だ,that one is multiple; tajuu means multiple.
これは俺[おれ]の感触[かんしょく]だ,this is my feel; kanshoku means feel.
感触[かんしょく]とは何[なん]だ,what is a feeling; kanshoku also means feeling.
何[なに]を持[も]ち込[こ]むのか,what do you bring in; mochikomu means to bring in.
明日[あした]持[も]ち込[こ]む,I will approach with tomorrow; mochikomu also means to approach with.
大[おお]きな北上[ほくじょう]だ,it is a big going north; hokujou means going north.
それは厳重[げんじゅう]だ,that one is strict; genjuu means strict.
接点[せってん]の事[こと]を言[い]っている,I am talking about a point of tangency; setten means point of tangency.
その接点[せってん]が欲[ほ]しい,I want that contact; setten also means contact.
その服用[ふくよう]が欲[ほ]しい,I want that taking medicine; fukuyou means taking medicine.
この治癒[ちゆ]を知[し]っているか,do you know this healing; chiyu means healing.
これから割[わ]る,I will divide from now on; waru means to divide.
たまに割[わ]る,I cut once in a while; waru also means to cut.
皆[みんな]望[のぞ]ましい,everyone is desirable; nozomashii means desirable.
これは気遣[きづか]いだ,this is a consideration; kizukai means consideration.
本当[ほんとう]の火傷[やけど]だ,it is a real burn; yakedo means burn.
それは頑固[がんこ]だ,that one is stubborn; ganko means stubborn.
やっぱりぐるだ,it is an accomplice after all; guru means accomplice.
口封[くちふう]じがある,there is a muzzling; kuchifuuji means muzzling.
年月[としつき]を見[み]た,I saw months and years; toshitsuki means months and years.
これは俺[おれ]の伝承[でんしょう]だ,this is my handing down; denshou means handing down.
今[いま]注[そそ]ぐ,now I pour; sosogu means to pour.
よく注[そそ]ぐ,I often sprinkle on; sosogu also means to sprinkle on.
これから踏[ふ]む,I will set foot on from now on; fumu also means to set foot on.
すごく対等[たいとう]だ,it is really equality; taitou means equality.
仕込[しこ]みの事[こと]を言[い]っている,I am talking about a training; shikomi means training.
その仕込[しこ]みが欲[ほ]しい,I want that stocking up; shikomi also means stocking up.
その台頭[たいとう]が欲[ほ]しい,I want that rise; taitou means rise.
このファイアを知[し]っているか,do you know this fire; faia means fire.
口実[こうじつ]を探[さが]している,I am looking for an excuse; koujitsu means excuse.
因果[いんが]が必要[ひつよう]だ,a cause and effect is needed; inga means cause and effect.
これは因果[いんが]だ,this is a karma; inga also means karma.
これは取[と]り込[こ]みだ,this is a taking in; torikomi means taking in.
本当[ほんとう]の取[と]り込[こ]みだ,it is a real capturing; torikomi also means capturing.
本当[ほんとう]の招集[しょうしゅう]だ,it is a real call; shoushuu means call.
やっぱり宿命[しゅくめい]だ,it is a fate after all; shukumei means fate.
掌握[しょうあく]がある,there is a grasping; shouaku means grasping.
歓声[かんせい]を見[み]た,I saw a cheer; kansei means cheer.
すごく絶好[ぜっこう]だ,it is really best; zekkou means best.
自重[じちょう]とは何[なん]だ,what is a self-respect; jichou means self-respect.
大[おお]きな総数[そうすう]だ,it is a big total; sousuu means total.
明日[あした]劣[おと]る,I will be inferior to tomorrow; otoru means to be inferior to.
大河[たいが]の事[こと]を言[い]っている,I am talking about a large river; taiga means large river.
その大河[たいが]が欲[ほ]しい,I want that epic; taiga also means epic.
その察知[さっち]が欲[ほ]しい,I want that to sense; sacchi means to sense.
この悪事[あくじ]を知[し]っているか,do you know this evil deed; akuji means evil deed.
悪事[あくじ]を探[さが]している,I am looking for a misfortune; akuji also means misfortune.
皆[みんな]で覚[さ]める,all of us wake; sameru means to wake.
今[いま]覚[さ]める,now I wear off; sameru also means to wear off.
鷲[わし]が必要[ひつよう]だ,an eagle is needed; washi means eagle.
これはビーズだ,this is beads; biizu means beads.
本当[ほんとう]の束縛[そくばく]だ,it is a real restraint; sokubaku means restraint.
風習[ふうしゅう]じゃない,it is not a custom; fuushuu means custom.
ちょくちょく言[い]った,I said it often; chokuchoku means often.
チャームがある,there is a charm; chaamu means charm.
山脈[さんみゃく]を見[み]た,I saw a mountain range; sammyaku means mountain range.
これは俺[おれ]の操[あやつ]りだ,this is my manipulation; ayatsuri means manipulation.
明日[あした]試[こころ]みる,I will try tomorrow; kokoromiru means to try.
大[おお]きな骨董[こっとう]だ,it is a big antique; kottou means antique.
それは帝王[ていおう]じゃない,that is not a sovereign; teiou means sovereign.
弱者[じゃくしゃ]の事[こと]を言[い]っている,I am talking about a weak person; jakusha means weak person.
そのフラッグが欲[ほ]しい,I want that flag; furaggu means flag.
この模擬[もぎ]を知[し]っているか,do you know this imitation; mogi means imitation.
元素[げんそ]を探[さが]している,I am looking for an element; genso means element.
道理[どうり]が必要[ひつよう]だ,a reason is needed; douri means reason.
これは適性[てきせい]だ,this is an aptitude; tekisei means aptitude.
本当[ほんとう]の過言[かごん]だ,it is a real exaggeration; kagon means exaggeration.
過言[かごん]じゃない,it is not a misstatement; kagon also means misstatement.
催[もよお]しじゃない,it is not an event; moyooshi means event.
やっぱり凱旋[がいせん]だ,it is a triumphant return after all; gaisen means triumphant return.
いわゆる事[こと]だ,it is what matter; iwayuru means what is called.
じんを見[み]た,I saw a kidney; jin means kidney.
今[いま]逃[のが]す,now I miss; nogasu means to miss.
よく逃[のが]す,I often set free; nogasu also means to set free.
進軍[しんぐん]とは何[なん]だ,what is a march; shingun means march.
大[おお]きな激突[げきとつ]だ,it is a big crash; gekitotsu means crash.
それは翻弄[ほんろう]じゃない,that is not a having at one's mercy; honrou means having at one's mercy.
腕前[うでまえ]の事[こと]を言[い]っている,I am talking about an ability; udemae means ability.
その見極[みきわ]めが欲[ほ]しい,I want that ascertainment; mikiwame means ascertainment.
この共犯[きょうはん]を知[し]っているか,do you know this complicity; kyouhan means complicity.
何[なに]を打[う]ち滅[ほろ]ぼすのか,what do you destroy; uchihorobosu means to destroy.
師団[しだん]が必要[ひつよう]だ,a division is needed; shidan means division.
一緒[いっしょ]に測[はか]る,we will measure together; hakaru means to measure.
皆[みんな]で測[はか]る,all of us conjecture; hakaru also means to conjecture.
本当[ほんとう]の剣士[けんし]だ,it is a real swordsman; kenshi means swordsman.
それは嫌味[いやみ]だ,that one is disagreeableness; iyami means disagreeableness.
やっぱり息抜[い]きだ,it is a taking a breather after all; ikinuki means taking a breather.
息抜[い]きがある,there is a vent; ikinuki also means vent.
手柄[てがら]がある,there is an achievement; tegara means achievement.
たまに養[やしな]う,I support once in a while; yashinau means to support.
ちゃんと養[やしな]う,I bring up properly; yashinau also means to bring up.
それは上質[じょうしつ]だ,that one is fine quality; joushitsu means fine quality.
出陣[しゅつじん]とは何[なん]だ,what is a going into battle; shutsujin means going into battle.
それを受[う]け止[と]める,I will catch that; uketomeru means to catch.
何[なに]を受[う]け止[と]めるのか,what do you react to; uketomeru also means to react to.
それは恩返[おんがえ]しじゃない,that is not a paying back a favour; ongaeshi means paying back a favour.
王将[おうしょう]の事[こと]を言[い]っている,I am talking about a king; oushou means king.
その王将[おうしょう]が欲[ほ]しい,I want that Ōshō; oushou also means Ōshō.
皆[みんな]不意[ふい]だ,everyone is sudden; fui means sudden.
皆[みんな]で出掛[でか]ける,all of us go out; dekakeru means to go out.
今[いま]出掛[でか]ける,now I am about to leave; dekakeru also means to be about to leave.
今[いま]割[わ]れる,now I break; wareru means to break.
よく割[わ]れる,I often split; wareru also means to split.
退却[たいきゃく]が必要[ひつよう]だ,a retreat is needed; taikyaku means retreat.
皆[みんな]無念[むねん]だ,everyone is regret; munen means regret.
本当[ほんとう]の無念[むねん]だ,it is a real freedom from obstructive thoughts; munen also means freedom from obstructive thoughts.
これは可憐[かれん]だ,this one is sweet; karen means sweet.
すごく可憐[かれん]だ,it is really pitiful; karen also means pitiful.
天秤[てんびん]じゃない,it is not scales; tembin means scales.
やっぱり天秤[てんびん]だ,it is a carrying pole after all; tembin also means carrying pole.
俺[おれ]が追[お]い詰[つ]める,I am the one who will corner; oitsumeru means to corner.
飢餓[きが]がある,there is a starvation; kiga means starvation.
これは全[まっと]うだ,this one is proper; mattou means proper.
これは俺[おれ]の衣類[いるい]だ,this is my clothes; irui means clothes.
強敵[きょうてき]とは何[なん]だ,what is a formidable enemy; kyouteki means formidable enemy.
大[おお]きな両替[りょうがえ]だ,it is a big change; ryougae means change.
それはしまじゃない,that is not a stripe; shima means stripe.
しまの事[こと]を言[い]っている,I am talking about a stripe pattern; shima also means stripe pattern.
鮫[さめ]の事[こと]を言[い]っている,I am talking about a shark; same means shark.
そのジョブが欲[ほ]しい,I want that job; jobu means job.
この仙人[せんにん]を知[し]っているか,do you know this immortal mountain wizard; sennin means immortal mountain wizard.
仙人[せんにん]を探[さが]している,I am looking for a person not bound by earthly desires; sennin also means person not bound by earthly desires.
疎通[そつう]を探[さが]している,I am looking for an understanding; sotsuu means understanding.
覇権[はけん]が必要[ひつよう]だ,a hegemony is needed; haken means hegemony.
これは大船[おおぶね]だ,this is a large boat; oobune means large boat.
本当[ほんとう]の巻[ま]き添[ぞ]えだ,it is a real getting mixed up in; makizoe means getting mixed up in.
明日[あした]悲[かな]しむ,I will be sad tomorrow; kanashimu means to be sad.
一緒[いっしょ]に足[た]す,we will add together; tasu means to add.
皆[みんな]で足[た]す,all of us take care of; tasu also means to take care of.
さらさらなった,it turned out with a rustling sound; sarasara means with a rustling sound.
さらさらいい,it is rippling good; sarasara also means rippling.
今[いま]狩[か]る,now I hunt; karu means to hunt.
よく狩[か]る,I often search; karu also means to search.
これは俺[おれ]の近衛[このえ]だ,this is my Imperial Guards; konoe means Imperial Guards.
あまた言[い]った,I said it many; amata means many.
大[おお]きな近況[きんきょう]だ,it is a big recent state; kinkyou means recent state.
皆[みんな]スピリチュアルだ,everyone is spiritual; supirichuaru means spiritual.
呼[よ]び掛[か]けの事[こと]を言[い]っている,I am talking about a call; yobikake means call.
その後手[ごて]が欲[ほ]しい,I want that losing initiative; gote means losing initiative.
この後手[ごて]を知[し]っているか,do you know this moving second; gote also means moving second.
この藪[やぶ]を知[し]っているか,do you know this thicket; yabu means thicket.
藪[やぶ]を探[さが]している,I am looking for a quack; yabu also means quack.
ウィザードを探[さが]している,I am looking for a wizard; wizaado means wizard.
斬撃[ざんげき]が必要[ひつよう]だ,a slash is needed; zangeki means slash.
皆[みんな]で称[しょう]する,all of us call; shousuru means to call.
今[いま]称[しょう]する,now I call oneself; shousuru also means to call oneself.
至極[しごく]なった,it turned out very; shigoku means very.
よく埋[う]まる,I often am buried; umaru means to be buried.
これから埋[う]まる,I will overflow from now on; umaru also means to overflow.
これから振[ふ]るう,I will swing from now on; furuu means to swing.
たまに振[ふ]るう,I exercise once in a while; furuu also means to exercise.
たまに着替[きが]える,I change once in a while; kigaeru means to change.
進言[しんげん]を見[み]た,I saw an advice; shingen means advice.
これは俺[おれ]の助力[じょりょく]だ,this is my assistance; joryoku means assistance.
淘汰[とうた]とは何[なん]だ,what is a weeding out; touta means weeding out.
大[おお]きな歌劇[かげき]だ,it is a big opera; kageki means opera.
それは水圧[すいあつ]じゃない,that is not a water pressure; suiatsu means water pressure.
俺[おれ]のためにとどめてください,please stop for me; todomete is the te form of tomeru meaning to stop.
皆[みんな]で絶[ぜっ]する,all of us exceed; zessuru means to exceed.
今[いま]絶[ぜっ]する,now I end; zessuru also means to end.
今[いま]苦[くる]しめる,now I torment; kurushimeru means to torment.
よく苦[くる]しめる,I often harass; kurushimeru also means to harass.
神官[しんかん]を探[さが]している,I am looking for a priest; shinkan means priest.
黙認[もくにん]が必要[ひつよう]だ,a tacit approval is needed; mokunin means tacit approval.
これは使[つか]い手[て]だ,this is an user; tsukaite means user.
本当[ほんとう]の使[つか]い手[て]だ,it is a real master; tsukaite also means master.
本当[ほんとう]の錆[さび]だ,it is a real rust; sabi means rust.
形見[かたみ]じゃない,it is not a memento; katami means memento.
それを覚[さ]ます,I will awaken that; samasu means to awaken.
何[なに]を覚[さ]ますのか,what do you bring to one's senses; samasu also means to bring to one's senses.
俺[おれ]のために覚[さ]ましてください,please awaken for me; samashite is the te form of samasu meaning to awaken.
采配[さいはい]がある,there is a baton; saihai means baton.
采配[さいはい]を見[み]た,I saw an order; saihai also means order.
キノを見[み]た,I saw a keno; kino means keno.
これは俺[おれ]の暴挙[ぼうきょ]だ,this is my violence; boukyo means violence.
宿屋[やどや]とは何[なん]だ,what is an inn; yadoya means inn.
これは桁違[けたちが]いだ,this one is an order of magnitude higher; ketachigai means an order of magnitude higher.
よく植[う]える,I often plant; ueru means to plant.
これから植[う]える,I will insert from now on; ueru also means to insert.
至[いた]ってなった,it turned out very much; itatte means very much.
たまに乱[みだ]す,I throw into disorder once in a while; midasu means to throw into disorder.
この実[みの]りを知[し]っているか,do you know this ripening; minori means ripening.
実[みの]りを探[さが]している,I am looking for a crop; minori also means crop.
俺[おれ]が欲[ほっ]する,I am the one who will want; hossuru means to want.
泣[な]き虫[むし]が必要[ひつよう]だ,a crybaby is needed; nakimushi means crybaby.
これは回廊[かいろう]だ,this is a corridor; kairou means corridor.
明日[あした]塞[ふさ]ぐ,I will stop up tomorrow; fusagu means to stop up.
一緒[いっしょ]に塞[ふさ]ぐ,we will stand in the way together; fusagu also means to stand in the way.
皆[みんな]で退[ど]く,all of us step aside; doku means to step aside.
今[いま]退[ど]く,now I resign; doku also means to resign.
やっぱり一団[いちだん]だ,it is a body after all; ichidan means body.
中洲[なかす]がある,there is a sandbank; nakasu means sandbank.
謀略[ぼうりゃく]を見[み]た,I saw a scheme; bouryaku means scheme.
これは俺[おれ]の風格[ふうかく]だ,this is my personality; fuukaku means personality.
固[かた]まりとは何[なん]だ,what is a lump; katamari means lump.
大[おお]きな固[かた]まりだ,it is a big group; katamari also means group.
大[おお]きな重鎮[じゅうちん]だ,it is a big leader; juuchin means leader.
それは垣根[かきね]じゃない,that is not a hedge; kakine means hedge.
垣根[かきね]の事[こと]を言[い]っている,I am talking about a border; kakine also means border.
衛兵[えいへい]の事[こと]を言[い]っている,I am talking about a guard; eihei means guard.
その詠唱[えいしょう]が欲[ほ]しい,I want that aria; eishou means aria.
この族長[ぞくちょう]を知[し]っているか,do you know this patriarch; zokuchou means patriarch.
内乱[ないらん]を探[さが]している,I am looking for a civil war; nairan means civil war.
皆[みんな]で勝[か]ち取[と]る,all of us win; kachitoru means to win.
これは焼[や]き芋[いも]だ,this is a roasted sweet potato; yakiimo means roasted sweet potato.
よく誤[あやま]る,I often make a mistake; ayamaru means to make a mistake.
これから誤[あやま]る,I will be wrong from now on; ayamaru also means to be wrong.
これから切[き]り取[と]る,I will cut off from now on; kiritoru means to cut off.
やっぱり力作[りきさく]だ,it is a painstaking piece of work after all; rikisaku means painstaking piece of work.
力作[りきさく]がある,there is a toil; rikisaku also means toil.
ちゃんと抜[ぬ]かす,I omit properly; nukasu means to omit.
俺[おれ]が抜[ぬ]かす,I am the one who will overtake; nukasu also means to overtake.
断罪[だんざい]を見[み]た,I saw a judgment; danzai means judgment.
これは俺[おれ]の断罪[だんざい]だ,this is my beheading; danzai also means beheading.
これはけちだ,this one is stinginess; kechi means stinginess.
けちとは何[なん]だ,what is a bad luck; kechi also means bad luck.
面目[めんぼく]とは何[なん]だ,what is a face; memboku means face.
大[おお]きな面目[めんぼく]だ,it is a big appearance; memboku also means appearance.
大[おお]きな光明[こうみょう]だ,it is a big bright light; koumyou means bright light.
それは光明[こうみょう]じゃない,that is not a hope; koumyou also means hope.
皆[みんな]で立[た]ち去[さ]る,all of us leave; tachisaru means to leave.
裏目[うらめ]の事[こと]を言[い]っている,I am talking about a reverse side; urame means reverse side.
その裏目[うらめ]が欲[ほ]しい,I want that opposite; urame also means opposite.
そのしかりが欲[ほ]しい,I want that scolding; shikari means scolding.
この王手[おうて]を知[し]っているか,do you know this check; oute means check.
芒[ぼう]を探[さが]している,I am looking for a Chinese silvergrass; bou means Chinese silvergrass.
たまに惜[お]しむ,I spare once in a while; oshimu means to spare.
ちゃんと惜[お]しむ,I regret properly; oshimu also means to regret.
これは蛸焼[たこや]きだ,this is a takoyaki; takoyaki means takoyaki.
くくく、分[わ]かった,mwahahaha I understand; kukuku means mwahahaha.
ノワールじゃない,it is not a black; nowaaru means black.
やっぱりノワールだ,it is a dark after all; nowaaru also means dark.
これは丁重[ていちょう]だ,this one is polite; teichou means polite.
格下[かくした]がある,there is a lower rank; kakushita means lower rank.
一緒[いっしょ]に取[と]り合[あお]う,we will join together; toriaou means to join.
皆[みんな]で取[と]り合[あお]う,all of us scramble for; toriaou also means to scramble for.
それは堅苦[かたくる]しい,that one is formal; katakurushii means formal.
今[いま]越[こ]す,now I cross over; kosu means to cross over.
よく越[こ]す,I often get over; kosu also means to get over.
大[おお]きな造作[ぞうさ]だ,it is a big trouble; zousa means trouble.
それは造作[ぞうさ]じゃない,that is not a hospitality; zousa also means hospitality.
それは簒奪[さんだつ]じゃない,that is not an usurpation; sandatsu means usurpation.
英知[えいち]の事[こと]を言[い]っている,I am talking about a wisdom; eichi means wisdom.
その皇女[おうじょ]が欲[ほ]しい,I want that imperial princess; oujo means imperial princess.
このねたを知[し]っているか,do you know this material; neta means material.
ねたを探[さが]している,I am looking for a joke; neta also means joke.
明日[あした]垂[た]れる,I will hang tomorrow; tareru means to hang.
何[なに]を垂[た]れるのか,what do you give; tareru also means to give.
朦朧[もうろう]いい,it is dim good; mourou means dim.
明日[あした]捻[ひね]り潰[つぶ]す,I will pinch and crush tomorrow; hineritsubusu means to pinch and crush.
重々[じゅうじゅう]言[い]った,I said it repeatedly; juujuu means repeatedly.
重々[じゅうじゅう]なった,it turned out fully; juujuu also means fully.
降参[こうさん]じゃない,it is not a surrender; kousan means surrender.
やっぱり雄叫[おたけ]びだ,it is a roar after all; otakebi means roar.
雄叫[おたけ]びがある,there is a screech; otakebi also means screech.
策士[さくし]がある,there is a tactician; sakushi means tactician.
天道[てんと]を見[み]た,I saw the sun; tento means the sun.
これは俺[おれ]の天道[てんと]だ,this is my god of heaven and the earth; tento also means god of heaven and the earth.
これは俺[おれ]の厳罰[げんばつ]だ,this is my severe punishment; gembatsu means severe punishment.
ちゃんと失[う]せる,I disappear properly; useru means to disappear.
俺[おれ]が失[う]せる,I am the one who will die; useru also means to die.
俺[おれ]がむく,I am the one who will peel; muku means to peel.
それをむく,I will bare that; muku also means to bare.
すごく心残[こころのこ]りだ,it is really regret; kokoronokori means regret.
心残[こころのこ]りの事[こと]を言[い]っている,I am talking about a flesh; kokoronokori also means flesh.
失敬[しっけい]の事[こと]を言[い]っている,I am talking about a rudeness; shikkei means rudeness.
明日[あした]積[つ]もる,I will pile up tomorrow; tsumoru means to pile up.
一緒[いっしょ]に積[つ]もる,we will estimate together; tsumoru also means to estimate.
この見聞[けんぶん]を知[し]っているか,do you know this information; kembun means information.
すごくたくましい,it is really burly; takumashii means burly.
ちょっとたくましい,it is a bit indomitable; takumashii also means indomitable.
小売[こう]りが必要[ひつよう]だ,a retail is needed; kouri means retail.
皆[みんな]下賤[げせん]だ,everyone is low birth; gesen means low birth.
本当[ほんとう]のとだなだ,it is a real cupboard; todana means cupboard.
皇国[こうこく]じゃない,it is not an Empire; koukoku means Empire.
やっぱり総員[そういん]だ,it is the entire strength after all; souin means the entire strength.
ひひひ、分[わ]かった,hee hee hee I understand; hihihi means hee hee hee.
それを報[むく]いる,I will reward that; mukuiru means to reward.
何[なに]を報[むく]いるのか,what do you retaliate; mukuiru also means to retaliate.
何[なに]を兼[か]ねるのか,what do you work in two or more jobs simultaneously; kaneru means to work in two or more jobs simultaneously.
明日[あした]兼[か]ねる,I will hesitate to do something tomorrow; kaneru also means to hesitate to do something.
力添[ちからぞ]えとは何[なん]だ,what is a help; chikarazoe means help.
一緒[いっしょ]に割[わ]り込[こ]む,we will cut into together; warikomu means to cut into.
皆[みんな]で割[わ]り込[こ]む,all of us fall below; warikomu also means to fall below.
皆[みんな]でまとう,all of us put on; matou means to put on.
ひょうの事[こと]を言[い]っている,I am talking about a hail; hyou means hail.
その腹心[ふくしん]が欲[ほ]しい,I want that one's confidant; fukushin means one's confidant.
この愚弄[ぐろう]を知[し]っているか,do you know this mockery; gurou means mockery.
親玉[おやだま]を探[さが]している,I am looking for a boss; oyadama means boss.
よいしょ、分[わ]かった,huff I understand; yoisho means huff.
よいしょ,yoisho; yoisho also means yoisho.
これは手[て]の内[うち]だ,this is a palm; tenouchi means palm.
本当[ほんとう]の手[て]の内[うち]だ,it is a real skill; tenouchi also means skill.
すごく麗[うるわ]しい,it is really beautiful; uruwashii means beautiful.
ちょっと麗[うるわ]しい,it is a bit heartwarming; uruwashii also means heartwarming.
何[なに]をうやまうのか,what do you show respect for; uyamau means to show respect for.
明日[あした]供[きょう]する,I will offer tomorrow; kyousuru means to offer.
一緒[いっしょ]に供[きょう]する,we will serve together; kyousuru also means to serve.
皆[みんな]で満[み]ちる,all of us fill; michiru means to fill.
今[いま]満[み]ちる,now I wax; michiru also means to wax.
皆[みんな]同格[どうかく]だ,everyone is the same rank; doukaku means the same rank.
これは俺[おれ]の同格[どうかく]だ,this is my apposition; doukaku also means apposition.
これは俺[おれ]の居城[きょじょう]だ,this is my castle of a feudal lord; kyojou means castle of a feudal lord.
よく仕向[しむ]ける,I often induce; shimukeru means to induce.
これから仕向[しむ]ける,I will act toward from now on; shimukeru also means to act toward.
ちょっと危[あぶ]なっかしい,it is a bit dangerous; abunakkashii means dangerous.
ちゃんと差[さ]さる,I stick into properly; sasaru means to stick into.
俺[おれ]が差[さ]さる,I am the one who will resonate emotionally; sasaru also means to resonate emotionally.
つやつやした,I did it glossy; tsuyatsuya means glossy.
俺[おれ]が逃[に]げ回[まわ]る,I am the one who will run around trying to escape; nigemawaru means to run around trying to escape.
この困憊[こんぱい]を知[し]っているか,do you know this exhaustion; kompai means exhaustion.
奥方[おくがた]を探[さが]している,I am looking for a lady; okugata means lady.
後生[こうせい]が必要[ひつよう]だ,a younger people is needed; kousei means younger people.
一緒[いっしょ]に決[けっ]する,we will decide together; kessuru means to decide.
皆[みんな]で決[けっ]する,all of us break and overflow; kessuru also means to break and overflow.
皆[みんな]で偽[いつわ]る,all of us lie; itsuwaru means to lie.
今[いま]偽[いつわ]る,now I deceive; itsuwaru also means to deceive.
先遣[せんけん]じゃない,it is not a sending ahead; senken means sending ahead.
よく切[き]り落[お]とす,I often cut off; kiriotosu means to cut off.
申[もう]し子[ご]がある,there is a heaven-sent child; moushigo means heaven-sent child.
申[もう]し子[ご]を見[み]た,I saw a child; moushigo also means child.
宝珠[ほうしゅ]を見[み]た,I saw precious orb; houshu means precious orb.
これは俺[おれ]の宝珠[ほうしゅ]だ,this is my Cintamani stone; houshu also means Cintamani stone.
これは俺[おれ]の釣[つ]り竿[ざお]だ,this is my fishing rod; tsurizao means fishing rod.
これは愚鈍[ぐどん]だ,this one is stupid; gudon means stupid.
大[おお]きな武運[ぶうん]だ,it is a big fortune in battle; buun means fortune in battle.
それはホムンクルスじゃない,that is not homunculus; homunkurusu means homunculus.
明日[あした]引[ひ]き裂[さ]く,I will tear up tomorrow; hikisaku means to tear up.
一緒[いっしょ]に引[ひ]き裂[さ]く,we will separate together; hikisaku also means to separate.
その悪巧[わるだく]みが欲[ほ]しい,I want that wiles; warudakumi means wiles.
このどよめきを知[し]っているか,do you know this commotion; doyomeki means commotion.
いわれを探[さが]している,I am looking for a reason; iware means reason.
いわれが必要[ひつよう]だ,a history is needed; iware also means history.
足掛[あしが]かりが必要[ひつよう]だ,a foothold is needed; ashigakari means foothold.
これから潜[もぐ]り込[こ]む,I will slip into from now on; mogurikomu means to slip into.
ちゃんと潜[もぐ]り込[こ]む,I sneak into properly; mogurikomu also means to sneak into.
伸[の]び伸[の]び言[い]った,I said it comfortably; nobinobi means comfortably.
伸[の]び伸[の]びなった,it turned out quickly; nobinobi also means quickly.
ちゃんと老[お]いる,I age properly; oiru means to age.
俺[おれ]が退[しりぞ]ける,I am the one who will refuse; shirizokeru means to refuse.
それを退[しりぞ]ける,I will repel that; shirizokeru also means to repel.
それをかたる,I will swindle out of that; kataru means to swindle out of.
何[なに]をかたるのか,what do you misrepresent oneself as; kataru also means to misrepresent oneself as.
何[なに]を執[と]り行[おこ]なうのか,what do you hold; toriokonau means to hold.
明日[あした]引[ひ]き止[と]める,I will detain tomorrow; hikitomeru means to detain.
差[さ]し金[がね]とは何[なん]だ,what is carpenter's square; sashigane means carpenter's square.
大[おお]きな差[さ]し金[がね]だ,it is a big instigation; sashigane also means instigation.
大[おお]きな只者[ただもの]だ,it is a big ordinary person; tadamono means ordinary person.
今[いま]織[お]る,now I weave; oru means to weave.
仕置[しお]きの事[こと]を言[い]っている,I am talking about a punishment; shioki means punishment.
その尊顔[そんがん]が欲[ほ]しい,I want that countenance; songan means countenance.
たまにすする,I slurp once in a while; susuru means to slurp.
ちゃんとすする,I sniffle properly; susuru also means to sniffle.
ちゃんと移[うつ]り住[す]む,I move properly; utsurisumu means to move.
耄碌[もうろく]が必要[ひつよう]だ,a senility is needed; mouroku means senility.
皆[みんな]のろまだ,everyone is blockhead; noroma means blockhead.
このつれないやつだ,it is this cold one; tsurenai means cold.
王侯[おうこう]じゃない,it is not the king and his feudal lords; oukou means the king and his feudal lords.
やっぱり隠[かく]れ里[ざと]だ,it is a hidden village after all; kakurezato means hidden village.
隠[かく]れ里[ざと]がある,there is a legendary land; kakurezato also means legendary land.
妖気[ようき]がある,there is ominous atmosphere; youki means ominous atmosphere.
今[いま]取[と]り入[い]る,now I curry favour; toriiru means to curry favour.
そろそろ取[と]り入[い]ろう,let us curry favour soon; toriirou is the volitional form of toriiru meaning to curry favour.
よく回[まわ]り込[こ]む,I often go round and cut in; mawarikomu means to go round and cut in.
これから推[お]し量[はかれ]る,I will guess from now on; oshihakareru means to guess.
大[おお]きな馬頭[めず]だ,it is a big horse-headed demon; mezu means horse-headed demon.
俺[おれ]が悔[く]いる,I am the one who will regret; kuiru means to regret.
悔[く]いてください,please regret; kuite is the te form of kuiru meaning to regret.
それを任[まか]す,I will entrust that; makasu means to entrust.
この一丁[いっちょ]を知[し]っているか,do you know this one leaf; iccho means one leaf.
一丁[いっちょ]を探[さが]している,I am looking for one block of tofu; iccho also means one block of tofu.
明日[あした]持[も]ち合[あ]わせる,I will happen to have tomorrow; mochiawaseru means to happen to have.
皆[みんな]で出揃[でそろ]う,all of us appear all together; desorou means to appear all together.
皆[みんな]で召[め]し上[あ]がる,all of us eat; meshiagaru means to eat.
皆[みんな]のんきだ,everyone is easy; nonki means easy.
ざわめきじゃない,it is not a stir; zawameki means stir.
やっぱり羽虫[はむし]だ,it is a biting louse after all; hamushi means biting louse.
羽虫[はむし]がある,there is a small winged insect; hamushi also means small winged insect.
違和[いわ]がある,there is a physical disorder; iwa means physical disorder.
違和[いわ]を見[み]た,I saw an incongruity; iwa also means incongruity.
皆[みんな]めっそうだ,everyone is extravagant; messou means extravagant.
俺[おれ]がさらう,I am the one who will carry off; sarau means to carry off.
それをさらう,I will take entirely for oneself that; sarau also means to take entirely for oneself.
目通[めどお]りとは何[なん]だ,what is an audience; medoori means audience.
大[おお]きな目通[めどお]りだ,it is a big diameter of a tree trunk at eye level; medoori also means diameter of a tree trunk at eye level.
それは笑止[しょうし]だ,that one is laughable; shoushi means laughable.
皆[みんな]めちゃくちゃだ,everyone is absurd; mechakucha means absurd.
めちゃくちゃした,I did it incredibly; mechakucha also means incredibly.
建[た]て前[まえ]の事[こと]を言[い]っている,I am talking about a face; tatemae means face.
皆[みんな]で寛[くつろ]ぐ,all of us relax; kutsurogu means to relax.
くつろいでください,please relax; kutsuroide is the te form of kutsurogu meaning to relax.
今[いま]打[ぶ]ちのめす,now I knock down; buchinomesu means to knock down.
よく打[ぶ]ちのめす,I often deal a devastating blow; buchinomesu also means to deal a devastating blow.
よく手懐[てなず]ける,I often tame; tenazukeru means to tame.
これから手懐[てなず]ける,I will win over from now on; tenazukeru also means to win over.
これから承[うけたまわ]る,I will hear from now on; uketamawaru means to hear.
たまに承[うけたまわ]る,I receive once in a while; uketamawaru also means to receive.
もう承[うけたまわ]りました,I already heard; uketamawarimashita is the polite past form of uketamawaru meaning to hear.
それはむず痒[がゆ]い,that one is itchy; muzugayui means itchy.
このむず痒[がゆ]いやつだ,it is this creepy one; muzugayui also means creepy.
ちゃんと聞[き]かす,I let hear properly; kikasu means to let hear.
俺[おれ]が聞[き]かす,I am the one who will make listen; kikasu also means to make listen.
俺[おれ]が聞[き]かされて,someone lets hear me; kikasarete is the passive form of kikasu meaning to let hear.
俺[おれ]が売[う]り付[つ]ける,I am the one who will palm off; uritsukeru means to palm off.
やっぱり正真[しょうしん]だ,it is a true after all; shoushin means true.
示指[しし]を見[み]た,I saw an index finger; shishi means index finger.
一緒[いっしょ]に撥[は]ねる,we will hit together; haneru means to hit.
皆[みんな]で撥[は]ねる,all of us reject; haneru also means to reject.
皆[みんな]で吹[ふ]っ掛[か]ける,all of us blow; fukkakeru means to blow.
今[いま]吹[ふ]っ掛[か]ける,now I pick; fukkakeru also means to pick.
今[いま]惚[ぼ]ける,now I grow senile; bokeru means to grow senile.
よく惚[ぼ]ける,I often am mentally slow; bokeru also means to be mentally slow.
よく堪[たま]る,I often bear; tamaru means to bear.
その正銘[しょうめい]が欲[ほ]しい,I want that genuine autograph; shoumei means genuine autograph.
このこれしきを知[し]っているか,do you know this so small; koreshiki means so small.
羽根突[はねつ]きを探[さが]している,I am looking for a hanetsuki; hanetsuki means hanetsuki.
それを見縊[みくび]る,I will underrate that; mikubiru means to underrate.
明日[あした]飛[と]び抜[ぬ]ける,I will be preeminent tomorrow; tobinukeru means to be preeminent.
飛[と]び抜[ぬ]けてください,please be preeminent; tobinukete is the te form of tobinukeru meaning to be preeminent.
すごくきょうしゃだ,it is really luxury; kyousha means luxury.
よう、分[わ]かった,to get drunk I understand; you means to get drunk.
出[で]がある,there is an attending; de also means attending.
円[えん]がある,there is a yen; en means yen.
円[えん]を見[み]た,I saw a circle; en also means circle.
ああん言[い]った,I said it opening wide; aan means opening wide.
これは俺[おれ]のごずだ,this is my ox-headed demon; gozu means ox-headed demon.
大仕事[おおしごと]とは何[なん]だ,what is a big job; ooshigoto means big job.
大[おお]きな無料[むりょう]だ,it is a big free; muryou means free.
それは映画[えいが]じゃない,that is not a movie; eiga means movie.
結婚[けっこん]の事[こと]を言[い]っている,I am talking about a marriage; kekkon means marriage.
その公開[こうかい]が欲[ほ]しい,I want that opening to the public; koukai means opening to the public.
この販売[はんばい]を知[し]っているか,do you know this sale; hambai means sale.
一般[いっぱん]を探[さが]している,I am looking for a general; ippan means general.
一般[いっぱん]が必要[ひつよう]だ,an ordinary is needed; ippan also means ordinary.
設定[せってい]が必要[ひつよう]だ,an establishment is needed; settei means establishment.
これはカードだ,this is a card; kaado means card.
本当[ほんとう]のカードだ,it is a real playing cards; kaado also means playing cards.
この強[し]いやつだ,it is this strong one; shii means strong.
長[ちょう]じゃない,it is not a head; chou means head.
やっぱり長[ちょう]だ,it is a merit after all; chou also means merit.
やっぱり以下[いか]だ,it is a not exceeding after all; ika means not exceeding.
以下[いか]がある,there is a below; ika also means below.
個[こ]がある,there is an individual; ko means individual.
覚[おぼ]えを見[み]た,I saw a memory; oboe means memory.
これは俺[おれ]の関連[かんれん]だ,this is my relation; kanren means relation.
サービスとは何[なん]だ,what is a service; saabisu means service.
大[おお]きな社[しゃ]だ,it is a big shrine; sha means shrine.
それはデータじゃない,that is not a data; deeta means data.
メールの事[こと]を言[い]っている,I am talking about an email; meeru means email.
そのメールが欲[ほ]しい,I want that mail; meeru also means mail.
この落[お]ちを知[し]っているか,do you know this slip; ochi means slip.
落[お]ちを探[さが]している,I am looking for an upshot; ochi also means upshot.
プロを探[さが]している,I am looking for a professional; puro means professional.
プロが必要[ひつよう]だ,a program is needed; puro also means program.
変更[へんこう]が必要[ひつよう]だ,a change is needed; henkou means change.
これは絵[え]だ,this is a picture; e means picture.
本当[ほんとう]の絵[え]だ,it is a real image; e also means image.
本当[ほんとう]の大違[おおちが]いだ,it is a real great difference; oochigai means great difference.
試[ため]しじゃない,it is not a trial; tameshi means trial.
やっぱりスポーツだ,it is a sport after all; supootsu means sport.
文字[もじ]がある,there is a letter; moji means letter.
文字[もじ]を見[み]た,I saw a writing; moji also means writing.
運動[うんどう]を見[み]た,I saw an exercise; undou means exercise.
これは俺[おれ]の詳細[しょうさい]だ,this is my details; shousai means details.
詳細[しょうさい]とは何[なん]だ,what is a close-up view; shousai also means close-up view.
なになにの事[こと]を言[い]っている,I am talking about what; naninani means what.
なになにがやる,so-and-so will do it; naninani also means so-and-so.
大[おお]きな作[つく]りだ,it is a big making; tsukuri means making.
それは作[つく]りじゃない,that is not an appearance; tsukuri also means appearance.
それは歌[うた]じゃない,that is not a song; uta means song.
歌[うた]の事[こと]を言[い]っている,I am talking about a classical Japanese poem; uta also means classical Japanese poem.
当時[とうじ]した,I did it at that time; touji means at that time.
その動物[どうぶつ]が欲[ほ]しい,I want that animal; doubutsu means animal.
この国内[こくない]を知[し]っているか,do you know this within the country; kokunai means within the country.
師[し]を探[さが]している,I am looking for a teacher; shi means teacher.
師[し]が必要[ひつよう]だ,a five-battalion brigade comprising 2500 men is needed; shi also means five-battalion brigade comprising 2500 men.
科学[かがく]が必要[ひつよう]だ,a science is needed; kagaku means science.
すごく上々[じょうじょう]だ,it is really the very best; joujou means the very best.
本当[ほんとう]の周[まわ]りだ,it is a real circumference; mawari means circumference.
周[まわ]りじゃない,it is not surroundings; mawari also means surroundings.
脳[のう]じゃない,it is not a brain; nou means brain.
やっぱり脳[のう]だ,it is brains after all; nou also means brains.
やっぱり地方[ちほう]だ,it is a district after all; chihou means district.
地方[ちほう]がある,there is the country; chihou also means the country.
少年[しょうねん]がある,there is a boy; shounen means boy.
少年[しょうねん]を見[み]た,I saw a juvenile; shounen also means juvenile.
特徴[とくちょう]を見[み]た,I saw a feature; tokuchou means feature.
これは俺[おれ]の全軍[ぜんぐん]だ,this is my whole army; zengun means whole army.
全軍[ぜんぐん]とは何[なん]だ,what is an all armies; zengun also means all armies.
姿形[すがたかたち]とは何[なん]だ,what is an appearance; sugatakatachi means appearance.
大[おお]きな賞[しょう]だ,it is a big prize; shou means prize.
それは局[きょく]じゃない,that is not a bureau; kyoku means bureau.
局[きょく]の事[こと]を言[い]っている,I am talking about an office; kyoku also means office.
ブラックの事[こと]を言[い]っている,I am talking about a black; burakku means black.
そのブラックが欲[ほ]しい,I want that boldface; burakku also means boldface.
半分[はんぶん]した,I did it half; hambun means half.
すごく相当[そうとう]だ,it is really corresponding to; soutou means corresponding to.
それは相当[そうとう]だ,that one is appropriate; soutou also means appropriate.
タイムを探[さが]している,I am looking for a time; taimu means time.
タイムが必要[ひつよう]だ,a time-out is needed; taimu also means time-out.
連[つ]れが必要[ひつよう]だ,a companion is needed; tsure means companion.
これは連[つ]れだ,this is a tritagonist; tsure also means tritagonist.
これはボールだ,this is a ball; booru means ball.
おのおの言[い]った,I said it each; onoono means each.
建物[たてもの]じゃない,it is not a building; tatemono means building.
やっぱり闇[やみ]だ,it is a darkness after all; yami means darkness.
闇[やみ]がある,there is a bewilderment; yami also means bewilderment.
他人[たにん]がある,there is an another person; tanin means another person.
他人[たにん]を見[み]た,I saw an unrelated person; tanin also means unrelated person.
バックを見[み]た,I saw a back; bakku means back.
これは俺[おれ]のバックだ,this is my background; bakku also means background.
これは俺[おれ]の値段[ねだん]だ,this is my price; nedan means price.
行[おこな]いとは何[なん]だ,what is a deed; okonai means deed.
大[おお]きな行[おこな]いだ,it is a big conduct; okonai also means conduct.
大[おお]きなダンスだ,it is a big dance; dansu means dance.
それは魅力[みりょく]じゃない,that is not a charm; miryoku means charm.
ブロックの事[こと]を言[い]っている,I am talking about a block; burokku means block.
そのブロックが欲[ほ]しい,I want that concrete block; burokku also means concrete block.
その脚[きゃく]が欲[ほ]しい,I want that foot; kyaku means foot.
この脚[きゃく]を知[し]っているか,do you know this leg; kyaku also means leg.
この父親[ちちおや]を知[し]っているか,do you know this father; chichioya means father.
資金[しきん]を探[さが]している,I am looking for funds; shikin means funds.
モノが必要[ひつよう]だ,a mono is needed; mono means mono.
これは村々[むらむら]だ,this is villages; muramura means villages.
本当[ほんとう]の出身[しゅっしん]だ,it is a real one's origin; shusshin means one's origin.
改善[かいぜん]じゃない,it is not a betterment; kaizen means betterment.
やっぱり改善[かいぜん]だ,it is a kaizen after all; kaizen also means kaizen.
やっぱり暮[く]らしだ,it is a life after all; kurashi means life.
皆[みんな]最低[さいてい]だ,everyone is least; saitei means least.
これは気軽[きがる]だ,this one is carefree; kigaru means carefree.
これは俺[おれ]の資料[しりょう]だ,this is my material; shiryou means material.
候補[こうほ]とは何[なん]だ,what is a candidate; kouho means candidate.
大[おお]きな候補[こうほ]だ,it is a big candidacy; kouho also means candidacy.
大[おお]きなパソコンだ,it is a big personal computer; pasokon means personal computer.
それは細胞[さいぼう]じゃない,that is not a cell; saibou means cell.
投[な]げの事[こと]を言[い]っている,I am talking about a throw; nage means throw.
その投[な]げが欲[ほ]しい,I want that resigning; nage also means resigning.
その増加[ぞうか]が欲[ほ]しい,I want that increase; zouka means increase.
この継続[けいぞく]を知[し]っているか,do you know this continuation; keizoku means continuation.
議論[ぎろん]を探[さが]している,I am looking for an argument; giron means argument.
これは大型[おおがた]だ,this is a large; oogata means large.
程[ほど]いい,it is extent good; hodo means extent.
程[ほど]じゃない,it is not a limit; hodo also means limit.
体制[たいせい]じゃない,it is not an order; taisei means order.
やっぱり体制[たいせい]だ,it is the establishment after all; taisei also means the establishment.
やっぱり注文[ちゅうもん]だ,it is an order after all; chuumon means order.
神経[しんけい]がある,there is a nerve; shinkei means nerve.
神経[しんけい]を見[み]た,I saw nerves; shinkei also means nerves.
皆[みんな]上手[かみて]だ,everyone is skillful; kamite means skillful.
これは俺[おれ]の上手[かみて]だ,this is my flattery; kamite also means flattery.
当日[とうじつ]した,I did it day in question; toujitsu means day in question.
術者[じゅつしゃ]とは何[なん]だ,what is a practitioner; jutsusha means practitioner.
大[おお]きな鍵[かぎ]だ,it is a big key; kagi means key.
それは鍵[かぎ]じゃない,that is not a lock; kagi also means lock.
それは拒否[きょひ]じゃない,that is not a refusal; kyohi means refusal.
涙目[なみだめ]の事[こと]を言[い]っている,I am talking about a teary eyes; namidame means teary eyes.
その独立[どくりつ]が欲[ほ]しい,I want that independence; dokuritsu means independence.
この肩[かた]を知[し]っているか,do you know this shoulder; kata means shoulder.
勤務[きんむ]を探[さが]している,I am looking for a service; kimmu means service.
同意[どうい]が必要[ひつよう]だ,an agreement is needed; doui means agreement.
これは同意[どうい]だ,this is a same opinion; doui also means same opinion.
これから為合[しあ]う,I will do together from now on; shiau means to do together.
この白[しろ]いやつだ,it is this white one; shiroi means white.
皆[みんな]白[しろ]い,everyone is blank; shiroi also means blank.
今週[こんしゅう]いい,it is this week good; konshuu means this week.
これは通[つう]だ,this one is authority; tsuu means authority.
通[つう]がある,there is a supernatural powers; tsuu also means supernatural powers.
バトルがある,there is a battle; batoru means battle.
入手[にゅうしゅ]を見[み]た,I saw an acquisition; nyuushu means acquisition.
これは俺[おれ]の荷物[にもつ]だ,this is my luggage; nimotsu means luggage.
荷物[にもつ]とは何[なん]だ,what is a burden; nimotsu also means burden.
進行[しんこう]とは何[なん]だ,what is a moving forward; shinkou means moving forward.
大[おお]きなプラスだ,it is a big positive; purasu means positive.
それはプラスじゃない,that is not plus sign; purasu also means plus sign.
それは暴力[ぼうりょく]じゃない,that is not a violence; bouryoku means violence.
変換[へんかん]の事[こと]を言[い]っている,I am talking about a change; henkan means change.
その大喜[おおよろこ]びが欲[ほ]しい,I want that great joy; ooyorokobi means great joy.
直後[ちょくご]なった,it turned out immediately following; chokugo means immediately following.
適用[てきよう]が必要[ひつよう]だ,an application is needed; tekiyou means application.
これは切[き]りだ,this is an end; kiri means end.
本当[ほんとう]の切[き]りだ,it is a real bound; kiri also means bound.
本当[ほんとう]の大手[おおて]だ,it is a real major company; oote means major company.
大手[おおて]じゃない,it is not a front castle gate; oote also means front castle gate.
向[む]こう側[がわ]じゃない,it is not an other side; mukougawa means other side.
やっぱりまわしだ,it is a mawashi after all; mawashi means mawashi.
まわしがある,there is a mantle; mawashi also means mantle.
当初[とうしょ]がある,there is a beginning; tousho means beginning.
所属[しょぞく]を見[み]た,I saw a belonging to; shozoku means belonging to.
これは俺[おれ]の給料[きゅうりょう]だ,this is my salary; kyuuryou means salary.
悪化[あっか]とは何[なん]だ,what is a deterioration; akka means deterioration.
大[おお]きな抱[かか]えだ,it is a big armful; kakae means armful.
それは抱[かか]えじゃない,that is not an employee; kakae also means employee.
それはナンバーじゃない,that is not a number; namba means number.
ナンバーの事[こと]を言[い]っている,I am talking about a number plate; namba also means number plate.
各種[かくしゅ]の事[こと]を言[い]っている,I am talking about an every kind; kakushu means every kind.
その競技[きょうぎ]が欲[ほ]しい,I want that game; kyougi means game.
この剣技[けんぎ]を知[し]っているか,do you know this sword skills; kengi means sword skills.
金属[きんぞく]を探[さが]している,I am looking for a metal; kinzoku means metal.
前提[ぜんてい]が必要[ひつよう]だ,a condition is needed; zentei means condition.
これは前提[ぜんてい]だ,this is an intention; zentei also means intention.
これは棒[ぼう]だ,this is a pole; bou means pole.
本当[ほんとう]の棒[ぼう]だ,it is a real line; bou also means line.
本当[ほんとう]の公表[こうひょう]だ,it is a real official announcement; kouhyou means official announcement.
地上[ちじょう]じゃない,it is not an above ground; chijou means above ground.
やっぱり地上[ちじょう]だ,it is this world after all; chijou also means this world.
やっぱり意図[いと]だ,it is an intention after all; ito means intention.
晩[ばん]いい,it is evening good; ban means evening.
晩[ばん]を見[み]た,I saw a dinner; ban also means dinner.
アウトを見[み]た,I saw an out; auto means out.
これは俺[おれ]のアウトだ,this is my outer; auto also means outer.
これは俺[おれ]の岩[いわ]だ,this is my rock; iwa means rock.
岩[いわ]とは何[なん]だ,what is a crag; iwa also means crag.
弁当[べんとう]とは何[なん]だ,what is a bento; bentou means bento.
皆[みんな]微妙[びみょう]だ,everyone is subtle; bimyou means subtle.
これは微妙[びみょう]だ,this one is difficult; bimyou also means difficult.
それは暗殺[あんさつ]じゃない,that is not an assassination; ansatsu means assassination.
一緒[いっしょ]に来[き]たる,we will next together; kitaru means next.
皆[みんな]で来[き]たる,all of us come; kitaru also means to come.
その菜[な]が欲[ほ]しい,I want that greens; na means greens.
この菜[な]を知[し]っているか,do you know this rape; na also means rape.
この化粧[けしょう]を知[し]っているか,do you know this make-up; keshou means make-up.
なんぼした,I did it how much; nambo means how much.
なんぼ言[い]った,I said it however; nambo also means however.
温度[おんど]が必要[ひつよう]だ,a temperature is needed; ondo means temperature.
これは探偵[たんてい]だ,this is a detective; tantei means detective.
本当[ほんとう]の翼[つばさ]だ,it is a real wing; tsubasa means wing.
翼[つばさ]じゃない,it is not a Chinese Wings constellation; tsubasa also means Chinese Wings constellation.
背[せ]じゃない,it is not a height; se means height.
やっぱり輸送[ゆそう]だ,it is a transport after all; yusou means transport.
人材[じんざい]がある,there is a capable person; jinzai means capable person.
人材[じんざい]を見[み]た,I saw a human resources; jinzai also means human resources.
再開[さいかい]を見[み]た,I saw a reopening; saikai means reopening.
これは俺[おれ]の実感[じっかん]だ,this is my real feeling; jikkan means real feeling.
狩[か]りとは何[なん]だ,what is a hunting; kari means hunting.
大[おお]きな狩[か]りだ,it is a big gathering; kari also means gathering.
大[おお]きな対抗[たいこう]だ,it is a big opposition; taikou means opposition.
それは憧[あこが]れじゃない,that is not a yearning; akogare means yearning.
経由[けいゆ]の事[こと]を言[い]っている,I am talking about a going through; keiyu means going through.
その豆[まめ]が欲[ほ]しい,I want that legume; mame means legume.
この豆[まめ]を知[し]っているか,do you know this soya bean; mame also means soya bean.
この雲[くも]を知[し]っているか,do you know this cloud; kumo means cloud.
魔女[まじょ]を探[さが]している,I am looking for a witch; majo means witch.
指名[しめい]が必要[ひつよう]だ,a naming is needed; shimei means naming.
これは汁[しる]だ,this is a juice; shiru means juice.
本当[ほんとう]の汁[しる]だ,it is a real soup; shiru also means soup.
それはシンプルだ,that one is simple; shimpuru means simple.
反魂[はんごん]じゃない,it is not a reviving the dead; hangon means reviving the dead.
これは幸[さ]いだ,this one is happiness; saiwai means happiness.
拡張[かくちょう]がある,there is an expansion; kakuchou means expansion.
風邪[かぜ]を見[み]た,I saw a cold; kaze means cold.
これは俺[おれ]の成分[せいぶん]だ,this is my ingredient; seibun means ingredient.
真[ま]ん中[なか]とは何[なん]だ,what is a middle; mannaka means middle.
皆[みんな]薄[うす]い,everyone is thin; usui means thin.
とても薄[うす]い,it is very pale; usui also means pale.
それは豪華[ごうか]だ,that one is extravagant; gouka means extravagant.
カールの事[こと]を言[い]っている,I am talking about a curl; kaaru means curl.
そのショットが欲[ほ]しい,I want that shot; shotto means shot.
このショットを知[し]っているか,do you know this shooting; shotto also means shooting.
この判定[はんてい]を知[し]っているか,do you know this judgement; hantei means judgement.
重量[じゅうりょう]を探[さが]している,I am looking for a weight; juuryou means weight.
今朝[けさ]いい,it is this morning good; kesa means this morning.
これは正当[せいとう]だ,this one is just; seitou means just.
本当[ほんとう]のハンターだ,it is a real hunter; hanta means hunter.
出席[しゅっせき]じゃない,it is not an attendance; shusseki means attendance.
やっぱり天国[てんごく]だ,it is a paradise after all; tengoku means paradise.
嫉妬[しっと]がある,there is a jealousy; shitto means jealousy.
損害[そんがい]を見[み]た,I saw a damage; songai means damage.
これは俺[おれ]のターンだ,this is my turn; taan means turn.
ジュースとは何[なん]だ,what is a juice; juusu means juice.
大[おお]きなジュースだ,it is a big soft drink; juusu also means soft drink.
明日[あした]宿[しゅく]する,I will stay tomorrow; shukusuru means to stay.
それは手間[てま]じゃない,that is not a time; tema means time.
手間[てま]の事[こと]を言[い]っている,I am talking about a payment; tema also means payment.
援助[えんじょ]の事[こと]を言[い]っている,I am talking about an assistance; enjo means assistance.
その花火[はなび]が欲[ほ]しい,I want that fireworks; hanabi means fireworks.
ふとした,I did it suddenly; futo means suddenly.
スパイを探[さが]している,I am looking for a spy; supai means spy.
ちょっと明[あか]るい,it is a bit light; akarui means light.
それは明[あか]るい,that one is bright; akarui also means bright.
これは発想[はっそう]だ,this is an idea; hassou means idea.
本当[ほんとう]の発想[はっそう]だ,it is a real way of thinking; hassou also means way of thinking.
本当[ほんとう]の瞳[ひとみ]だ,it is a real pupil; hitomi means pupil.
瞳[ひとみ]じゃない,it is not one's eyes; hitomi also means one's eyes.
すごくホットだ,it is really hot; hotto means hot.
やっぱりホットだ,it is a coffee after all; hotto also means coffee.
やっぱり意志[いし]だ,it is a will after all; ishi means will.
記述[きじゅつ]がある,there is a description; kijutsu means description.
反乱[はんらん]を見[み]た,I saw an insurrection; hanran means insurrection.
すごく孤独[こどく]だ,it is really solitude; kodoku means solitude.
引[ひ]っ越[こ]しとは何[なん]だ,what is a moving; hikkoshi means moving.
大[おお]きな生涯[しょうがい]だ,it is a big life; shougai means life.
それは離脱[りだつ]じゃない,that is not a withdrawal; ridatsu means withdrawal.
例外[れいがい]の事[こと]を言[い]っている,I am talking about an exception; reigai means exception.
その全面[ぜんめん]が欲[ほ]しい,I want that whole surface; zemmen means whole surface.
この最中[さいちゅう]を知[し]っているか,do you know this the middle of; saichuu means the middle of.
ファントムを探[さが]している,I am looking for a phantom; fantomu means phantom.
処刑[しょけい]が必要[ひつよう]だ,an execution is needed; shokei means execution.
これは徹底[てってい]だ,this is a thoroughness; tettei means thoroughness.
本当[ほんとう]の懸念[けねん]だ,it is a real worry; kenen means worry.
拳[こぶし]じゃない,it is not a fist; kobushi means fist.
やっぱり本名[ほんみょう]だ,it is a real name after all; hommyou means real name.
欲[よく]がある,there is a greed; yoku means greed.
これは俺[おれ]の定着[ていちゃく]だ,this is my sticking; teichaku means sticking.
すごく乗[の]り乗[の]りだ,it is really in high spirits; norinori means in high spirits.
大[おお]きな体質[たいしつ]だ,it is a big constitution; taishitsu means constitution.
それは体質[たいしつ]じゃない,that is not a character; taishitsu also means character.
それは悲[かな]しみじゃない,that is not a sadness; kanashimi means sadness.
この濃[こ]いやつだ,it is this deep one; koi means deep.
皆[みんな]濃[こ]い,everyone is strong; koi also means strong.
その青年[せいねん]が欲[ほ]しい,I want that youth; seinen means youth.
回路[かいろ]を探[さが]している,I am looking for a circuit; kairo means circuit.
回路[かいろ]が必要[ひつよう]だ,a cycle is needed; kairo also means cycle.
屋敷[やしき]が必要[ひつよう]だ,a residence is needed; yashiki means residence.
これは負傷[ふしょう]だ,this is an injury; fushou means injury.
本当[ほんとう]のフレームだ,it is a real frame; fureemu means frame.
晩飯[ばんめし]じゃない,it is not a dinner; bammeshi means dinner.
少数[しょうすう]した,I did it small number; shousuu means small number.
特性[とくせい]がある,there is a special characteristic; tokusei means special characteristic.
休暇[きゅうか]を見[み]た,I saw a holiday; kyuuka means holiday.
これは俺[おれ]の駆逐[くちく]だ,this is my expulsion; kuchiku means expulsion.
ナイフとは何[なん]だ,what is a knife; naifu means knife.
大[おお]きな侍[さむらい]だ,it is a big warrior; samurai means warrior.
それは侍[さむらい]じゃない,that is not a person with a strong backbone; samurai also means person with a strong backbone.
それは将[しょう]じゃない,that is not a commander; shou means commander.
自称[じしょう]の事[こと]を言[い]っている,I am talking about a self-proclaimed; jishou means self-proclaimed.
その自称[じしょう]が欲[ほ]しい,I want that first person; jishou also means first person.
その逃亡[とうぼう]が欲[ほ]しい,I want that escape; toubou means escape.
このすかを知[し]っているか,do you know this disappointment; suka means disappointment.
改良[かいりょう]を探[さが]している,I am looking for an improvement; kairyou means improvement.
着替[きが]えが必要[ひつよう]だ,a changing clothes is needed; kigae means changing clothes.
これは神話[しんわ]だ,this is a myth; shinwa means myth.
本当[ほんとう]の階級[かいきゅう]だ,it is a real class; kaikyuu means class.
階級[かいきゅう]じゃない,it is not a rank; kaikyuu also means rank.
明日[あした]輝[かがや]く,I will shine tomorrow; kagayaku means to shine.
皆[みんな]で輝[かがや]く,all of us light up; kagayaku also means to light up.
やっぱり推薦[すいせん]だ,it is a recommendation after all; suisen means recommendation.
絵本[えほん]がある,there is a picture book; ehon means picture book.
一見[いっけん]言[い]った,I said it look; ikken means look.
一見[いっけん]なった,it turned out apparently; ikken also means apparently.
これは俺[おれ]の追跡[ついせき]だ,this is my chase; tsuiseki means chase.
サラリーマンとは何[なん]だ,what is an office worker; sarariiman means office worker.
大[おお]きな上限[じょうげん]だ,it is a big upper limit; jougen means upper limit.
それは上限[じょうげん]じゃない,that is not a supremum; jougen also means supremum.
ちゃんと巻[ま]き起[お]こる,I arise properly; makiokoru means to arise.
暴行[ぼうこう]の事[こと]を言[い]っている,I am talking about an assault; boukou means assault.
その耐久[たいきゅう]が欲[ほ]しい,I want that endurance; taikyuu means endurance.
このエンドを知[し]っているか,do you know this end; endo means end.
信者[しんじゃ]を探[さが]している,I am looking for a believer; shinja means believer.
信者[しんじゃ]が必要[ひつよう]だ,a fanboy is needed; shinja also means fanboy.
食材[しょくざい]が必要[ひつよう]だ,a foodstuff is needed; shokuzai means foodstuff.
これはハムだ,this is a ham; hamu means ham.
本当[ほんとう]の卿[きょう]だ,it is a real state minister; kyou means state minister.
すごく大抵[たいてい]だ,it is really mostly; taitei means mostly.
やっぱり苦痛[くつう]だ,it is a pain after all; kutsuu means pain.
軍団[ぐんだん]がある,there is an army corps; gundan means army corps.
オートを見[み]た,I saw an auto; ooto means auto.
これは俺[おれ]のオートだ,this is my three-wheeler truck; ooto also means three-wheeler truck.
これは俺[おれ]の基盤[きばん]だ,this is my base; kiban means base.
基盤[きばん]とは何[なん]だ,what is a bedrock; kiban also means bedrock.
歴代[れきだい]とは何[なん]だ,what is a successive generations; rekidai means successive generations.
皆[みんな]肝心[かんじん]だ,everyone is essential; kanjin means essential.
それは鍛[きた]えじゃない,that is not a forging; kitae means forging.
鍛[きた]えの事[こと]を言[い]っている,I am talking about a drilling; kitae also means drilling.
陰[かげ]の事[こと]を言[い]っている,I am talking about a negative; kage means negative.
その陰[かげ]が欲[ほ]しい,I want that yin; kage also means yin.
その一連[いちれん]が欲[ほ]しい,I want that series; ichiren means series.
この一連[いちれん]を知[し]っているか,do you know this two reams; ichiren also means two reams.
この標的[ひょうてき]を知[し]っているか,do you know this target; hyouteki means target.
窓口[まどぐち]を探[さが]している,I am looking for a counter; madoguchi means counter.
窓口[まどぐち]が必要[ひつよう]だ,a contact person is needed; madoguchi also means contact person.
害[がい]が必要[ひつよう]だ,an injury is needed; gai means injury.
これは通路[つうろ]だ,this is a passage; tsuuro means passage.
そっといい,it is softly good; sotto means softly.
そっとした,I did it stealthily; sotto also means stealthily.
天下[てんか]じゃない,it is not the whole world; tenka means the whole world.
やっぱり天下[てんか]だ,it is the whole country after all; tenka also means the whole country.
やっぱり感心[かんしん]だ,it is an admiration after all; kanshin means admiration.
菓子[かし]がある,there is a confectionery; kashi means confectionery.
スカウトを見[み]た,I saw a scout; sukauto means scout.
これは俺[おれ]のスカウトだ,this is my Boy Scouts; sukauto also means Boy Scouts.
これは俺[おれ]の全滅[ぜんめつ]だ,this is my total destruction; zemmetsu means total destruction.
反撃[はんげき]とは何[なん]だ,what is a counterattack; hangeki means counterattack.
大[おお]きな収益[しゅうえき]だ,it is a big earnings; shuueki means earnings.
それは夕食[ゆうしょく]じゃない,that is not an evening meal; yuushoku means evening meal.
工学[こうがく]の事[こと]を言[い]っている,I am talking about an engineering; kougaku means engineering.
またまた言[い]った,I said it once again; matamata means once again.
それは高価[こうか]だ,that one is highly priced; kouka means highly priced.
一環[いっかん]を探[さが]している,I am looking for a link; ikkan means link.
一環[いっかん]が必要[ひつよう]だ,a monocyclic is needed; ikkan also means monocyclic.
うそつきが必要[ひつよう]だ,a liar is needed; usotsuki means liar.
これはうそつきだ,this is a lying; usotsuki also means lying.
すごく強引[ごういん]だ,it is really overbearing; gouin means overbearing.
本当[ほんとう]の開拓[かいたく]だ,it is a real reclamation; kaitaku means reclamation.
明日[あした]食[く]い付[つ]く,I will bite at tomorrow; kuitsuku means to bite at.
皆[みんな]で食[く]い付[つ]く,all of us jump at; kuitsuku also means to jump at.
これはだてだ,this one is elegance; date means elegance.
すごくだてだ,it is really affectation; date also means affectation.
察[さっ]しがある,there is a consideration; sasshi means consideration.
片手[かたて]を見[み]た,I saw one hand; katate means one hand.
これは俺[おれ]の財務[ざいむ]だ,this is my financial affairs; zaimu means financial affairs.
これは不便[ふべん]だ,this one is inconvenience; fuben means inconvenience.
大[おお]きな両者[りょうしゃ]だ,it is a big pair; ryousha means pair.
それは悪口[わるぐち]じゃない,that is not an abuse; waruguchi means abuse.
発注[はっちゅう]の事[こと]を言[い]っている,I am talking about an ordering; hacchuu means ordering.
その秩序[ちつじょ]が欲[ほ]しい,I want that order; chitsujo means order.
この視覚[しかく]を知[し]っているか,do you know this sight; shikaku means sight.
ほっとなった,it turned out with a feeling of relief; hotto means with a feeling of relief.
ほっといい,it is deeply good; hotto also means deeply.
如何[いかん]いい,it is how good; ikan means how.
これは弱点[じゃくてん]だ,this is a weak point; jakuten means weak point.
本当[ほんとう]の洗脳[せんのう]だ,it is a real brainwashing; sennou means brainwashing.
よく追[お]う,I often chase; ou means to chase.
これから追[お]う,I will follow from now on; ou also means to follow.
やっぱり部位[ぶい]だ,it is a part after all; bui means part.
ガムがある,there is a chewing gum; gamu means chewing gum.
ガムを見[み]た,I saw a gum; gamu also means gum.
一目[ひとめ]を見[み]た,I saw a glance; hitome means glance.
これは俺[おれ]の一目[ひとめ]だ,this is my complete view; hitome also means complete view.
俺[おれ]が外[はず]す,I am the one who will remove; hazusu means to remove.
それを外[はず]す,I will drop that; hazusu also means to drop.
別人[べつじん]とは何[なん]だ,what is a different person; betsujin means different person.
大[おお]きな助言[じょげん]だ,it is a big advice; jogen means advice.
明日[あした]叫[さけ]ぶ,I will shout tomorrow; sakebu means to shout.
皆[みんな]で叫[さけ]ぶ,all of us clamor; sakebu also means to clamor.
一緒[いっしょ]に塗[ぬ]る,we will paint together; nuru means to paint.
皆[みんな]平等[びょうどう]だ,everyone is equality; byoudou means equality.
この強度[きょうど]を知[し]っているか,do you know this strength; kyoudo means strength.
強度[きょうど]を探[さが]している,I am looking for a strong; kyoudo also means strong.
達人[たつじん]を探[さが]している,I am looking for a master; tatsujin means master.
これからくっ付[つ]く,I will adhere to from now on; kuttsuku means to adhere to.
ちゃんとくっ付[つ]く,I keep close to properly; kuttsuku also means to keep close to.
これは空中[くうちゅう]だ,this is the air; kuuchuu means the air.
本当[ほんとう]の頭突[ずつ]きだ,it is a real head-butting; zutsuki means head-butting.
増大[ぞうだい]じゃない,it is not an enlargement; zoudai means enlargement.
やっぱり情[じょう]だ,it is feelings after all; jou means feelings.
情[じょう]がある,there is a compassion; jou also means compassion.
これは散々[さんざん]だ,this one is severely; sanzan also means severely.
肝[きも]を見[み]た,I saw a liver; kimo means liver.
これは俺[おれ]の肝[きも]だ,this is my courage; kimo also means courage.
すごくぼっこぼこだ,it is really severely beaten up; bokkoboko means severely beaten up.
それはぼっこぼこだ,that one is attacked relentlessly; bokkoboko also means attacked relentlessly.
困惑[こんわく]とは何[なん]だ,what is a bewilderment; konwaku means bewilderment.
大[おお]きな小学[しょうがく]だ,it is a big elementary school; shougaku means elementary school.
それは小学[しょうがく]じゃない,that is not a traditional Chinese philology; shougaku also means traditional Chinese philology.
それは小遣[こづか]いじゃない,that is not a pocket money; kozukai means pocket money.
これから燃[も]える,I will burn from now on; moeru means to burn.
その禁[きん]じ手[て]が欲[ほ]しい,I want that forbidden move; kinjite means forbidden move.
このメロンを知[し]っているか,do you know this melon; meron means melon.
臣[しん]の事[こと]を言[い]っている,I am talking about I; shin means I.
学期[がっき]が必要[ひつよう]だ,a school term is needed; gakki means school term.
これは新興[しんこう]だ,this is a rising; shinkou means rising.
皆[みんな]皆無[かいむ]だ,everyone is nonexistent; kaimu means nonexistent.
鉄板[てっぱん]じゃない,it is not an iron plate; teppan means iron plate.
やっぱり鉄板[てっぱん]だ,it is a sure thing after all; teppan also means sure thing.
やっぱり点検[てんけん]だ,it is a detailed inspection after all; tenken means detailed inspection.
偏見[へんけん]がある,there is a prejudice; henken means prejudice.
採取[さいしゅ]を見[み]た,I saw a picking; saishu means picking.
これは俺[おれ]の物体[ぶったい]だ,this is my object; buttai means object.
破棄[はき]とは何[なん]だ,what is a tearing up and discarding; haki means tearing up and discarding.
大[おお]きな頬[ほお]だ,it is a big cheek; hoo means cheek.
俺[おれ]が高[たか]まる,I am the one who will rise; takamaru means to rise.
アイディアの事[こと]を言[い]っている,I am talking about an idea; aidia means idea.
その動揺[どうよう]が欲[ほ]しい,I want that shaking; douyou means shaking.
この密度[みつど]を知[し]っているか,do you know this density; mitsudo means density.
皆[みんな]必然[ひつぜん]だ,everyone is inevitable; hitsuzen means inevitable.
必然[ひつぜん]が必要[ひつよう]だ,an inevitability is needed; hitsuzen also means inevitability.
未知[みち]が必要[ひつよう]だ,a not yet known is needed; michi means not yet known.
それは浅[あさ]い,that one is shallow; asai means shallow.
この浅[あさ]いやつだ,it is this slight one; asai also means slight.
よく盛[も]り上[あ]がる,I often swell; moriagaru means to swell.
これから盛[も]り上[あ]がる,I will rouse from now on; moriagaru also means to rouse.
トライじゃない,it is not a try; torai means try.
やっぱり住居[じゅうきょ]だ,it is a dwelling after all; juukyo means dwelling.
住居[じゅうきょ]がある,there is a living; juukyo also means living.
観念[かんねん]がある,there is an idea; kannen means idea.
観念[かんねん]を見[み]た,I saw a sense; kannen also means sense.
遮断[しゃだん]を見[み]た,I saw an isolation; shadan means isolation.
これは俺[おれ]の功績[こうせき]だ,this is my achievement; kouseki means achievement.
懐[ふところ]とは何[なん]だ,what is an inside the breast of one's clothing; futokoro means inside the breast of one's clothing.
大[おお]きな懐[ふところ]だ,it is a big heart; futokoro also means heart.
大[おお]きな武士[ぶし]だ,it is a big samurai; bushi means samurai.
それは銅[どう]じゃない,that is not a copper; dou means copper.
銅[どう]の事[こと]を言[い]っている,I am talking about a bronze; dou also means bronze.
皆[みんな]で騒[さわ]ぐ,all of us make noise; sawagu means to make noise.
今[いま]騒[さわ]ぐ,now I rustle; sawagu also means to rustle.
その寄生[きせい]が欲[ほ]しい,I want that parasitism; kisei means parasitism.
この罰金[ばっきん]を知[し]っているか,do you know this fine; bakkin means fine.
これから要[よう]する,I will need from now on; yousuru means to need.
許容[きょよう]が必要[ひつよう]だ,a permission is needed; kyoyou means permission.
これは酔[よ]いだ,this is a drunkenness; yoi means drunkenness.
本当[ほんとう]の酔[よ]いだ,it is a real motion sickness; yoi also means motion sickness.
俺[おれ]が飾[かざ]る,I am the one who will decorate; kazaru means to decorate.
それを飾[かざ]る,I will display that; kazaru also means to display.
景品[けいひん]じゃない,it is not a gift; keihin means gift.
やっぱり景品[けいひん]だ,it is a prize after all; keihin also means prize.
皆[みんな]繊細[せんさい]だ,everyone is dainty; sensai means dainty.
自力[じりき]がある,there is one's own strength; jiriki means one's own strength.
自力[じりき]を見[み]た,I saw a self-salvation; jiriki also means self-salvation.
次男[じなん]を見[み]た,I saw a second son; jinan means second son.
皆[みんな]で達[たっ]する,all of us reach; tassuru means to reach.
カリスマとは何[なん]だ,what is a charisma; karisuma means charisma.
大[おお]きなカリスマだ,it is a big charismatic person; karisuma also means charismatic person.
大[おお]きなレインボーだ,it is a big rainbow; reimbo means rainbow.
それは井戸[いど]じゃない,that is not a water well; ido means water well.
仲良[なかよ]しの事[こと]を言[い]っている,I am talking about a close friendship; nakayoshi means close friendship.
その感性[かんせい]が欲[ほ]しい,I want that sensitivity; kansei means sensitivity.
俺[おれ]が痩[や]せる,I am the one who will become thin; yaseru means to become thin.
明日[あした]痩[や]せる,I will become impoverished tomorrow; yaseru also means to become impoverished.
すごく眠[ねむ]い,it is really sleepy; nemui means sleepy.
鬼畜[きちく]が必要[ひつよう]だ,a brute is needed; kichiku means brute.
皆[みんな]明白[めいはく]だ,everyone is obvious; meihaku means obvious.
本当[ほんとう]の調和[ちょうわ]だ,it is a real harmony; chouwa means harmony.
全域[ぜんいき]じゃない,it is not the whole area; zeniki means the whole area.
やっぱり全域[ぜんいき]だ,it is the whole field after all; zeniki also means the whole field.
今[いま]握[にぎ]る,now I clasp; nigiru means to clasp.
よく握[にぎ]る,I often hold; nigiru also means to hold.
昇格[しょうかく]がある,there is a promotion; shoukaku means promotion.
秘訣[ひけつ]を見[み]た,I saw a secret; hiketsu means secret.
たまにいいかける,I start to say once in a while; iikakeru means to start to say.
ちゃんといいかける,I speak to properly; iikakeru also means to speak to.
戦線[せんせん]とは何[なん]だ,what is a front; sensen means front.
大[おお]きな援護[えんご]だ,it is a big support; engo means support.
それは相応[そうおう]じゃない,that is not a suitable; souou means suitable.
突如[とつじょ]言[い]った,I said it suddenly; totsujo means suddenly.
その蜘蛛[くも]が欲[ほ]しい,I want that spider; kumo means spider.
この金色[きんいろ]を知[し]っているか,do you know this gold; kiniro means gold.
したてを探[さが]している,I am looking for a tailoring; shitate means tailoring.
したてが必要[ひつよう]だ,a preparation is needed; shitate also means preparation.
折[おり]言[い]った,I said it opportunity; ori means opportunity.
これは折[おり]だ,this is a folding; ori also means folding.
これは接待[せったい]だ,this is an entertainment; settai means entertainment.
これから被[かぶ]る,I will put on from now on; kaburu means to put on.
たまに被[かぶ]る,I am covered with once in a while; kaburu also means to be covered with.
保留[ほりゅう]じゃない,it is not a reservation; horyuu means reservation.
やっぱり地形[ちけい]だ,it is a terrain after all; chikei means terrain.
想[そう]がある,there is a conception; sou means conception.
想[そう]を見[み]た,I saw a samjna; sou also means samjna.
皆[みんな]無難[ぶなん]だ,everyone is safe; bunan means safe.
これは無難[ぶなん]だ,this one is acceptable; bunan also means acceptable.
これは俺[おれ]の救援[きゅうえん]だ,this is my relief; kyuuen means relief.
さく言[い]った,I said it to tear; saku means to tear.
さらば、分[わ]かった,farewell I understand; saraba means farewell.
それは下位[かい]じゃない,that is not a low rank; kai means low rank.
今[いま]祝[いわ]う,now I celebrate; iwau means to celebrate.
よく祝[いわ]う,I often present in celebration; iwau also means to present in celebration.
すごく頑丈[がんじょう]だ,it is really solid; ganjou means solid.
この使[つか]い捨[す]てを知[し]っているか,do you know this throwaway; tsukaisute means throwaway.
続行[ぞっこう]を探[さが]している,I am looking for a continuation; zokkou means continuation.
しっくりした,I did it exactly; shikkuri means exactly.
すごくスムーズだ,it is really smooth; sumuuzu means smooth.
本当[ほんとう]のトリガーだ,it is a real trigger; toriga means trigger.
墨[すみ]じゃない,it is not a sumi; sumi means sumi.
やっぱり墨[すみ]だ,it is a squid ink after all; sumi also means squid ink.
明日[あした]眺[なが]める,I will look at tomorrow; nagameru means to look at.
一緒[いっしょ]に眺[なが]める,we will look out over together; nagameru also means to look out over.
一緒[いっしょ]に述[の]べる,we will state together; noberu means to state.
いくらいい,it is however good; ikura also means however.
これは俺[おれ]の決闘[けっとう]だ,this is my duel; kettou means duel.
装甲[そうこう]とは何[なん]だ,what is an armoring; soukou means armoring.
これから見守[みまも]る,I will watch over from now on; mimamoru means to watch over.
たまに見守[みまも]る,I watch intently once in a while; mimamoru also means to watch intently.
たまに蹴[け]り飛[と]ばす,I send flying with a kick once in a while; keritobasu means to send flying with a kick.
頂上[ちょうじょう]の事[こと]を言[い]っている,I am talking about a top; choujou means top.
その撃破[げきは]が欲[ほ]しい,I want that defeating; gekiha means defeating.
それは親[した]しい,that one is close; shitashii means close.
この親[した]しいやつだ,it is this familiar one; shitashii also means familiar.
何[なに]を仕立[した]て上[あ]げるのか,what do you make out to be; shitateageru means to make out to be.
林檎[りんご]が必要[ひつよう]だ,an apple is needed; ringo means apple.
これは林檎[りんご]だ,this is an apple tree; ringo also means apple tree.
これは盗聴[とうちょう]だ,this is an interception; touchou means interception.
本当[ほんとう]の称賛[しょうさん]だ,it is a real praise; shousan means praise.
進捗[しんちょく]じゃない,it is not a progress; shinchoku means progress.
よく並[なら]べる,I often line up; naraberu means to line up.
これから並[なら]べる,I will enumerate from now on; naraberu also means to enumerate.
作物[さくもつ]がある,there is an artistic work; sakumotsu means artistic work.
栄誉[えいよ]を見[み]た,I saw an honour; eiyo means honour.
これは俺[おれ]の決心[けっしん]だ,this is my determination; kesshin means determination.
俺[おれ]が脱[ぬ]ぐ,I am the one who will take off; nugu means to take off.
大[おお]きな食[く]い物[もの]だ,it is a big food; kuimono means food.
それは食[く]い物[もの]じゃない,that is not a prey; kuimono also means prey.
それは丸見[まるみ]えじゃない,that is not a full view; marumie means full view.
傘下[さんか]の事[こと]を言[い]っている,I am talking about an affiliated with; sanka means affiliated with.
その協調[きょうちょう]が欲[ほ]しい,I want that cooperation; kyouchou means cooperation.
皆[みんな]で収[おさ]まる,all of us fit into; osamaru means to fit into.
今[いま]収[おさ]まる,now I settle down; osamaru also means to settle down.
神楽[かぐら]を探[さが]している,I am looking for a kagura; kagura means kagura.
はめが必要[ひつよう]だ,a panel is needed; hame means panel.
これははめだ,this is a plight; hame also means plight.
大概[たいがい]いい,it is generally good; taigai means generally.
本当[ほんとう]の大概[たいがい]だ,it is a real gist; taigai also means gist.
本当[ほんとう]の極[きわ]みだ,it is a real height; kiwami means height.
極[きわ]みじゃない,it is not an end; kiwami also means end.
ちゃんと欠[か]ける,I chip properly; kakeru means to chip.
俺[おれ]が欠[か]ける,I am the one who will be missing; kakeru also means to be missing.
やっぱり任[にん]だ,it is an obligation after all; nin means obligation.
名声[めいせい]がある,there is a fame; meisei means fame.
惨事[さんじ]を見[み]た,I saw a disaster; sanji means disaster.
これは俺[おれ]の開会[かいかい]だ,this is my opening of a meeting; kaikai means opening of a meeting.
あらかじめなった,it turned out beforehand; arakajime means beforehand.
皆[みんな]健在[けんざい]だ,everyone is in good health; kenzai means in good health.
とてもいとしい,it is very lovely; itoshii means lovely.
すごくいとしい,it is really pitiable; itoshii also means pitiable.
撃退[げきたい]の事[こと]を言[い]っている,I am talking about a repulse; gekitai means repulse.
その激戦[げきせん]が欲[ほ]しい,I want that fierce battle; gekisen means fierce battle.
この神殿[しんでん]を知[し]っているか,do you know this temple; shinden means temple.
自白[じはく]を探[さが]している,I am looking for a confession; jihaku means confession.
安置[あんち]が必要[ひつよう]だ,an enshrinement is needed; anchi means enshrinement.
これは利害[りがい]だ,this is advantages and disadvantages; rigai means advantages and disadvantages.
何[なに]を積[つ]むのか,what do you pile up; tsumu means to pile up.
明日[あした]積[つ]む,I will load tomorrow; tsumu also means to load.
明日[あした]立[た]ち向[む]かう,I will fight against tomorrow; tachimukau means to fight against.
やっぱり選別[せんべつ]だ,it is a selection after all; sembetsu means selection.
それは凶暴[きょうぼう]だ,that one is ferocious; kyoubou means ferocious.
今[いま]切[き]り替[か]える,now I change; kirikaeru means to change.
これは俺[おれ]の誠意[せいい]だ,this is my sincerity; seii means sincerity.
これから明[あ]かす,I will pass from now on; akasu means to pass.
たまに明[あ]かす,I reveal once in a while; akasu also means to reveal.
大[おお]きな王族[おうぞく]だ,it is a big royalty; ouzoku means royalty.
それは自我[じが]じゃない,that is not an ego; jiga means ego.
自我[じが]の事[こと]を言[い]っている,I am talking about a self; jiga also means self.
野心[やしん]の事[こと]を言[い]っている,I am talking about an ambition; yashin means ambition.
その野心[やしん]が欲[ほ]しい,I want that sinister designs; yashin also means sinister designs.
何[なに]を手放[てばな]すのか,what do you let go of; tebanasu means to let go of.
明日[あした]手放[てばな]す,I will part with tomorrow; tebanasu also means to part with.
特産[とくさん]を探[さが]している,I am looking for a being produced in a particular region; tokusan means being produced in a particular region.
精通[せいつう]が必要[ひつよう]だ,a being well versed is needed; seitsuu means being well versed.
かつ言[い]った,I said it and; katsu means and.
本当[ほんとう]の取[と]り調[しら]べだ,it is a real investigation; torishirabe means investigation.
新米[しんまい]じゃない,it is not a new rice; shimmai means new rice.
やっぱり新米[しんまい]だ,it is a novice after all; shimmai also means novice.
やっぱり楽観[らっかん]だ,it is an optimism after all; rakkan means optimism.
粗[あら]言[い]った,I said it almost; ara means almost.
ちゃんと乗[の]り込[こ]む,I board properly; norikomu means to board.
俺[おれ]が乗[の]り込[こ]む,I am the one who will march into; norikomu also means to march into.
これは俺[おれ]の痛感[つうかん]だ,this is my feeling keenly; tsuukan means feeling keenly.
明日[あした]落[お]ち込[こ]む,I will feel down tomorrow; ochikomu means to feel down.
皆[みんな]で落[お]ち込[こ]む,all of us am in a slump; ochikomu also means to be in a slump.
明日[あした]蘇[よみがえ]る,I will be resurrected tomorrow; yomigaeru means to be resurrected.
皆[みんな]で蘇[よみがえ]る,all of us am recalled; yomigaeru also means to be recalled.
それは野良[のら]じゃない,that is not a field; nora means field.
野良[のら]の事[こと]を言[い]っている,I am talking about a stray; nora also means stray.
すごく力強[ちからづよ]い,it is really powerful; chikarazuyoi means powerful.
ちょっと力強[ちからづよ]い,it is a bit reassuring; chikarazuyoi also means reassuring.
その尋問[じんもん]が欲[ほ]しい,I want that questioning; jimmon means questioning.
この波長[はちょう]を知[し]っているか,do you know this wavelength; hachou means wavelength.
演算[えんざん]を探[さが]している,I am looking for an operation; enzan means operation.
悪党[あくとう]が必要[ひつよう]だ,a scoundrel is needed; akutou means scoundrel.
これは拍子[ひょうし]だ,this is a time; hyoushi means time.
本当[ほんとう]の拍子[ひょうし]だ,it is a real beat; hyoushi also means beat.
本当[ほんとう]の問答[もんどう]だ,it is a real questions and answers; mondou means questions and answers.
奥義[おうぎ]じゃない,it is not a secret techniques; ougi means secret techniques.
それを挟[はさ]む,I will hold between that; hasamu means to hold between.
何[なに]を挟[はさ]むのか,what do you put between; hasamu also means to put between.
試行[しこう]がある,there is a making an attempt; shikou means making an attempt.
ばっちり言[い]った,I said it perfectly; bacchiri means perfectly.
ばっちりなった,it turned out enough; bacchiri also means enough.
これは俺[おれ]の参上[さんじょう]だ,this is my calling on; sanjou means calling on.
精進[しょうじん]とは何[なん]だ,what is a concentration; shoujin means concentration.
大[おお]きな絹[きぬ]だ,it is a big silk; kinu means silk.
よく貫[つらぬ]く,I often go through; tsuranuku means to go through.
これから貫[つらぬ]く,I will run through from now on; tsuranuku also means to run through.
それは卑劣[ひれつ]だ,that one is mean; hiretsu means mean.
その危害[きがい]が欲[ほ]しい,I want that injury; kigai means injury.
これが御前[ごぜん]だ,this is you; gozen means you.
御前[ごぜん]を探[さが]している,I am looking for a before; gozen also means before.
絶品[ぜっぴん]を探[さが]している,I am looking for a superb piece of work; zeppin means superb piece of work.
くずが必要[ひつよう]だ,a waste is needed; kuzu means waste.
これはくずだ,this is a scum; kuzu also means scum.
これは平民[へいみん]だ,this is a commoner; heimin means commoner.
明日[あした]そろえる,I will collect tomorrow; soroeru means to collect.
一緒[いっしょ]にそろえる,we will arrange together; soroeru also means to arrange.
迎撃[げいげき]じゃない,it is not an intercept; geigeki means intercept.
やっぱり測量[そくりょう]だ,it is a measurement after all; sokuryou means measurement.
系譜[けいふ]がある,there is a genealogy; keifu means genealogy.
茶番[ちゃばん]を見[み]た,I saw a farce; chaban means farce.
これは俺[おれ]の茶番[ちゃばん]だ,this is my person who serves tea; chaban also means person who serves tea.
これは俺[おれ]の身柄[みがら]だ,this is my one's person; migara means one's person.
鉱物[こうぶつ]とは何[なん]だ,what is a mineral; koubutsu means mineral.
大[おお]きな採算[さいさん]だ,it is a big profit; saisan means profit.
それは置[お]き去[ざ]りじゃない,that is not a leaving behind; okizari means leaving behind.
至急[しきゅう]の事[こと]を言[い]っている,I am talking about an urgent; shikyuu means urgent.
その融通[ゆうずう]が欲[ほ]しい,I want that lending; yuuzuu means lending.
この融通[ゆうずう]を知[し]っているか,do you know this adaptability; yuuzuu also means adaptability.
皆[みんな]で酔[よ]う,all of us feel sick; you also means to feel sick.
ローブを探[さが]している,I am looking for a robe; roobu means robe.
君臨[くんりん]が必要[ひつよう]だ,a reigning is needed; kunrin means reigning.
これは錯誤[さくご]だ,this is a mistake; sakugo means mistake.
本当[ほんとう]のグリーだ,it is a real glee; guri means glee.
保養[ほよう]じゃない,it is not a health preservation; hoyou means health preservation.
たまに取[と]り入[い]れる,I take in once in a while; toriireru means to take in.
ちゃんと取[と]り入[い]れる,I adopt properly; toriireru also means to adopt.
それは悪性[あくせい]だ,that one is evil nature; akusei means evil nature.
疲弊[ひへい]を見[み]た,I saw an exhaustion; hihei means exhaustion.
明日[あした]晴[は]れる,I will clear up tomorrow; hareru means to clear up.
皆[みんな]で晴[は]れる,all of us refresh; hareru also means to refresh.
木々[きぎ]とは何[なん]だ,what is trees; kigi means trees.
大[おお]きな来客[らいきゃく]だ,it is a big visitor; raikyaku means visitor.
皆[みんな]むちゃくちゃだ,everyone is nonsensical; muchakucha means nonsensical.
むちゃくちゃした,I did it very; muchakucha also means very.
竜王[りゅうおう]の事[こと]を言[い]っている,I am talking about a Dragon King; ryuuou means Dragon King.
その竜王[りゅうおう]が欲[ほ]しい,I want that promoted rook; ryuuou also means promoted rook.
その余命[よめい]が欲[ほ]しい,I want that remainder of one's life; yomei means remainder of one's life.
この便宜[べんぎ]を知[し]っているか,do you know this convenience; bengi means convenience.
集大成[しゅうたいせい]を探[さが]している,I am looking for a compilation; shuutaisei means compilation.
集大成[しゅうたいせい]が必要[ひつよう]だ,a culmination is needed; shuutaisei also means culmination.
悔[く]いが必要[ひつよう]だ,a regret is needed; kui means regret.
ちゃんと極[きわ]める,I decide properly; kiwameru means to decide.
俺[おれ]が極[きわ]める,I am the one who will clinch; kiwameru also means to clinch.
俺[おれ]が無[な]くす,I am the one who will lose; nakusu means to lose.
それを無[な]くす,I will get rid of that; nakusu also means to get rid of.
国技[こくぎ]じゃない,it is not a national sport; kokugi means national sport.
何[なに]を書[か]き替[か]えるのか,what do you rewrite; kakikaeru means to rewrite.
男前[おとこまえ]がある,there is a handsome man; otokomae means handsome man.
男前[おとこまえ]を見[み]た,I saw a manliness; otokomae also means manliness.
絨毯[じゅうたん]を見[み]た,I saw a carpet; juutan means carpet.
これは俺[おれ]の織物[おりもの]だ,this is my textile; orimono means textile.
ぐう言[い]った,I said it ungh; guu also means ungh.
それは差[さ]し入[い]れじゃない,that is not an insertion; sashiire means insertion.
御飯[ごはん]の事[こと]を言[い]っている,I am talking about a cooked rice; gohan means cooked rice.
その御飯[ごはん]が欲[ほ]しい,I want that meal; gohan also means meal.
その萎縮[いしゅく]が欲[ほ]しい,I want that withering; ishuku means withering.
俺[おれ]が隠[かく]れ潜[ひそ]む,I am the one who will hide; kakurehisomu means to hide.
上書[うわが]きを探[さが]している,I am looking for a superscription; uwagaki means superscription.
修業[しゅぎょう]が必要[ひつよう]だ,a pursuit of knowledge is needed; shugyou means pursuit of knowledge.
明日[あした]溶[と]かす,I will melt tomorrow; tokasu means to melt.
一緒[いっしょ]に溶[と]かす,we will dissolve together; tokasu also means to dissolve.
皆[みんな]で荒[あ]れる,all of us become stormy; areru means to become stormy.
今[いま]荒[あ]れる,now I fall into ruin; areru also means to fall into ruin.
それは強欲[ごうよく]だ,that one is greedy; gouyoku means greedy.
今[いま]施[ほどこ]す,now I give; hodokosu means to give.
よく施[ほどこ]す,I often do; hodokosu also means to do.
白金[はっきん]がある,there is a platinum; hakkin means platinum.
総勢[そうぜい]を見[み]た,I saw an all members; souzei means all members.
たまに委[ゆだ]ねる,I entrust to once in a while; yudaneru means to entrust to.
ちゃんと委[ゆだ]ねる,I abandon oneself to properly; yudaneru also means to abandon oneself to.
密告[みっこく]とは何[なん]だ,what is anonymous report; mikkoku means anonymous report.
俺[おれ]が差[さ]し出[だ]す,I am the one who will hold out; sashidasu means to hold out.
それを差[さ]し出[だ]す,I will present that; sashidasu also means to present.
それは指南[しなん]じゃない,that is not an instruction; shinan means instruction.
禁物[きんもつ]の事[こと]を言[い]っている,I am talking about a thing that should be avoided; kimmotsu means thing that should be avoided.
明日[あした]追[お]い出[だ]す,I will expel tomorrow; oidasu means to expel.
これはアンティークだ,this one is antique; antiiku means antique.
皆[みんな]で冷[ひ]える,all of us grow cold; hieru means to grow cold.
すき焼[や]きが必要[ひつよう]だ,a sukiyaki is needed; sukiyaki means sukiyaki.
よくやむ,I often cease; yamu means to cease.
本当[ほんとう]の領地[りょうち]だ,it is a real territory; ryouchi means territory.
力量[りきりょう]じゃない,it is not an ability; rikiryou means ability.
やっぱり力量[りきりょう]だ,it is a physical strength after all; rikiryou also means physical strength.
やっぱり覇者[はしゃ]だ,it is a supreme ruler after all; hasha means supreme ruler.
覇者[はしゃ]がある,there is a champion; hasha also means champion.
仲裁[ちゅうさい]がある,there is an arbitration; chuusai means arbitration.
それを持[も]ち帰[かえ]る,I will take home that; mochikaeru means to take home.
これは俺[おれ]のカノンだ,this is my canon; kanon means canon.
ブランデーとは何[なん]だ,what is a brandy; burande means brandy.
皆[みんな]不変[ふへん]だ,everyone is eternal; fuhen means eternal.
それは不変[ふへん]じゃない,that is not an invariant; fuhen also means invariant.
皆[みんな]で拒[こば]む,all of us refuse; kobamu means to refuse.
今[いま]拒[こば]む,now I prevent; kobamu also means to prevent.
今[いま]損[そこ]なう,now I harm; sokonau means to harm.
よく染[そ]まる,I often am dyed; somaru means to be dyed.
これから染[そ]まる,I will be tainted from now on; somaru also means to be tainted.
これから思[おも]い当[あ]たる,I will suddenly understand from now on; omoiataru means to suddenly understand.
飛車[ひしゃ]を探[さが]している,I am looking for a rook; hisha means rook.
ぺろぺろ言[い]った,I said it licking; peropero means licking.
ぺろぺろなった,it turned out quickly; peropero also means quickly.
俺[おれ]が固[かた]まる,I am the one who will harden; katamaru means to harden.
明日[あした]固[かた]まる,I will become firm tomorrow; katamaru also means to become firm.
本当[ほんとう]の大義[たいぎ]だ,it is a real great cause; taigi means great cause.
所存[しょぞん]じゃない,it is not an opinion; shozon means opinion.
やっぱり道連[みちづ]れだ,it is a fellow traveler after all; michizure means fellow traveler.
道連[みちづ]れがある,there is a taking someone along unwillingly; michizure also means taking someone along unwillingly.
それは寛大[かんだい]だ,that one is tolerant; kandai means tolerant.
敵視[てきし]を見[み]た,I saw a looking upon as an enemy; tekishi means looking upon as an enemy.
これは俺[おれ]の新月[しんげつ]だ,this is my new moon; shingetsu means new moon.
新月[しんげつ]とは何[なん]だ,what is a crescent moon; shingetsu also means crescent moon.
すごく極[きわ]まりない,it is really boundless; kiwamarinai means boundless.
大[おお]きなあんだ,it is a big red bean paste; an means red bean paste.
それはあんじゃない,that is not a kudzu sauce; an also means kudzu sauce.
それは下見[したみ]じゃない,that is not a preliminary inspection; shitami means preliminary inspection.
下見[したみ]の事[こと]を言[い]っている,I am talking about a siding; shitami also means siding.
別格[べっかく]の事[こと]を言[い]っている,I am talking about a special; bekkaku means special.
皆[みんな]名高[なだか]い,everyone is famous; nadakai means famous.
この商談[しょうだん]を知[し]っているか,do you know this business discussion; shoudan means business discussion.
場外[じょうがい]を探[さが]している,I am looking for an outside the hall; jougai means outside the hall.
期末[きまつ]が必要[ひつよう]だ,an end of term is needed; kimatsu means end of term.
これは身辺[しんぺん]だ,this is one's person; shimpen means one's person.
本当[ほんとう]の信徒[しんと]だ,it is a real layman; shinto means layman.
冒涜[ぼうとく]じゃない,it is not a blasphemy; boutoku means blasphemy.
やっぱり奥底[おくそこ]だ,it is depths after all; okusoko means depths.
奥底[おくそこ]がある,there is a bottom; okusoko also means bottom.
これから瞬[しばたた]く,I will twinkle from now on; shibatataku means to twinkle.
ちゃんと瞬[しばたた]く,I blink properly; shibatataku also means to blink.
完治[かんち]を見[み]た,I saw a complete recovery; kanchi means complete recovery.
これは俺[おれ]の本戦[ほんせん]だ,this is my final selection; honsen means final selection.
あさってした,I did it day after tomorrow; asatte means day after tomorrow.
大[おお]きなあさってだ,it is a big wrong; asatte also means wrong.
大[おお]きな物言[もの]いだ,it is a big manner of speaking; monoii means manner of speaking.
それは物言[もの]いじゃない,that is not a verbal argument; monoii also means verbal argument.
それは付[つ]き添[そ]いじゃない,that is not an attendance; tsukisoi means attendance.
付[つ]き添[そ]いの事[こと]を言[い]っている,I am talking about an attendant; tsukisoi also means attendant.
気品[きひん]の事[こと]を言[い]っている,I am talking about an elegance; kihin means elegance.
その気品[きひん]が欲[ほ]しい,I want that aroma; kihin also means aroma.
一緒[いっしょ]に着[き]せる,we will put clothes on together; kiseru means to put clothes on.
皆[みんな]で着[き]せる,all of us cover; kiseru also means to cover.
ほなそれでいい,then that is fine; hona means then.
刺客[しかく]を探[さが]している,I am looking for an assassin; shikaku means assassin.
好機[こうき]が必要[ひつよう]だ,a good opportunity is needed; kouki means good opportunity.
これは初心[しょしん]だ,this is one's original intention; shoshin means one's original intention.
たまに組[く]み込[こ]む,I insert once in a while; kumikomu means to insert.
ちゃんと遣[や]っ付[つ]ける,I beat properly; yattsukeru means to beat.
俺[おれ]が制[せい]する,I am the one who will hold back; seisuru means to hold back.
それを制[せい]する,I will get the better of that; seisuru also means to get the better of.
執務[しつむ]を見[み]た,I saw a performance of one's official duties; shitsumu means performance of one's official duties.
明日[あした]見下[みくだ]す,I will look down tomorrow; mikudasu means to look down.
一緒[いっしょ]に暴[あば]く,we will disclose together; abaku means to disclose.
皆[みんな]で暴[あば]く,all of us open; abaku also means to open.
大[おお]きな本道[ほんどう]だ,it is a big highway; hondou means highway.
それは本道[ほんどう]じゃない,that is not an internal medicine; hondou also means internal medicine.
それは確約[かくやく]じゃない,that is not a firm promise; kakuyaku means firm promise.
吐息[といき]の事[こと]を言[い]っている,I am talking about a sigh; toiki means sigh.
皆[みんな]大忙[おおいそが]しだ,everyone is very busy; ooisogashi means very busy.
たまに害[がい]する,I injure once in a while; gaisuru means to injure.
ちゃんと害[がい]する,I kill properly; gaisuru also means to kill.
ちゃんと炙[あぶ]り出[だ]す,I bring into the open properly; aburidasu means to bring into the open.
それは熱々[あつあつ]だ,that one is piping hot; atsuatsu means piping hot.
明日[あした]転[ころ]ぶ,I will fall down tomorrow; korobu means to fall down.
皆[みんな]で転[ころ]ぶ,all of us turn out; korobu also means to turn out.
本当[ほんとう]の雷撃[らいげき]だ,it is a real lightning strike; raigeki means lightning strike.
比[くら]べ物[もの]じゃない,it is not a comparison; kurabemono means comparison.
さっそうなった,it turned out gallant; sassou means gallant.
ごっそりいい,it is completely good; gossori means completely.
ごっそりした,I did it in large amounts; gossori also means in large amounts.
天罰[てんばつ]を見[み]た,I saw a divine punishment; tembatsu means divine punishment.
これは俺[おれ]の天罰[てんばつ]だ,this is my suitable punishment; tembatsu also means suitable punishment.
これは俺[おれ]の邂逅[かいこう]だ,this is my chance meeting; kaikou means chance meeting.
それは弱小[じゃくしょう]だ,that one is weak and small; jakushou means weak and small.
大[おお]きな惨状[さんじょう]だ,it is a big disastrous scene; sanjou means disastrous scene.
それは熱源[ねつげん]じゃない,that is not a heat source; netsugen means heat source.
頃合[ころあ]いの事[こと]を言[い]っている,I am talking about a suitable time; koroai means suitable time.
その頃合[ころあ]いが欲[ほ]しい,I want that propriety; koroai also means propriety.
こそこそなった,it turned out sneakily; kosokoso means sneakily.
この余力[よりょく]を知[し]っているか,do you know this remaining strength; yoryoku means remaining strength.
余力[よりょく]を探[さが]している,I am looking for a money to spare; yoryoku also means money to spare.
死霊[しりょう]を探[さが]している,I am looking for a spirit of a dead person; shiryou means spirit of a dead person.
死霊[しりょう]が必要[ひつよう]だ,a vengeful spirit is needed; shiryou also means vengeful spirit.
すごく甘美[かんび]だ,it is really sweet; kambi means sweet.
これは即答[そくとう]だ,this is an immediate reply; sokutou means immediate reply.
本当[ほんとう]の命懸[いのちが]けだ,it is a real putting one's life on the line; inochigake means putting one's life on the line.
陣形[じんけい]じゃない,it is not a battle formation; jinkei means battle formation.
これから陥[おとしい]れる,I will trap from now on; otoshiireru means to trap.
たまに陥[おとしい]れる,I capture once in a while; otoshiireru also means to capture.
枕元[まくらもと]がある,there is a bedside; makuramoto means bedside.
誤算[ごさん]を見[み]た,I saw a miscalculation; gosan means miscalculation.
俺[おれ]がしのぐ,I am the one who will endure; shinogu means to endure.
それをしのぐ,I will pull through that; shinogu also means to pull through.
それを恥[は]じる,I will feel ashamed that; hajiru means to feel ashamed.
大[おお]きな戦況[せんきょう]だ,it is a big war situation; senkyou means war situation.
明日[あした]沈[しず]める,I will sink tomorrow; shizumeru means to sink.
一緒[いっしょ]に沈[しず]める,we will lower together; shizumeru also means to lower.
皆[みんな]で温[あった]まる,all of us warm oneself; attamaru means to warm oneself.
皆[みんな]で阻[はば]む,all of us keep someone from doing; habamu means to keep someone from doing.
今[いま]売[う]り出[だ]す,now I put on the market; uridasu means to put on the market.
よく売[う]り出[だ]す,I often become popular; uridasu also means to become popular.
よく悟[さと]る,I often sense; satoru means to sense.
これから悟[さと]る,I will understand from now on; satoru also means to understand.
これから押[お]し寄[よ]せる,I will advance on from now on; oshiyoseru means to advance on.
たまに記[しる]す,I write down once in a while; shirusu means to write down.
ちゃんと記[しる]す,I mention properly; shirusu also means to mention.
本当[ほんとう]の一矢[いっし]だ,it is a real one arrow; isshi means one arrow.
一矢[いっし]じゃない,it is not a retort; isshi also means retort.
といじゃない,it is not a trough; toi means trough.
やっぱりといだ,it is a coulisse after all; toi also means coulisse.
これは尚早[しょうそう]だ,this one is prematurity; shousou means prematurity.
明日[あした]賄[まかな]う,I will supply tomorrow; makanau means to supply.
一緒[いっしょ]に賄[まかな]う,we will give board together; makanau also means to give board.
これは俺[おれ]のひねりだ,this is my twist; hineri means twist.
ひねりとは何[なん]だ,what is an ingenuity; hineri also means ingenuity.
鉄壁[てっぺき]とは何[なん]だ,what is an iron wall; teppeki means iron wall.
大[おお]きな鉄壁[てっぺき]だ,it is a big impregnable; teppeki also means impregnable.
大[おお]きな隷属[れいぞく]だ,it is a big subordination; reizoku means subordination.
それは隷属[れいぞく]じゃない,that is not a subordinate; reizoku also means subordinate.
よく据[す]える,I often place; sueru means to place.
これから据[す]える,I will install from now on; sueru also means to install.
一任[いちにん]の事[こと]を言[い]っている,I am talking about an entrusting; ichinin means entrusting.
その属国[ぞっこく]が欲[ほ]しい,I want that vassal state; zokkoku means vassal state.
この感服[かんぷく]を知[し]っているか,do you know this admiration; kampuku means admiration.
さばきを探[さが]している,I am looking for a handling; sabaki means handling.
さばきが必要[ひつよう]だ,a dealing with is needed; sabaki also means dealing with.
ばちが必要[ひつよう]だ,a plectrum is needed; bachi means plectrum.
これはばちだ,this is a drumstick; bachi also means drumstick.
何[なに]をくだくのか,what do you break; kudaku means to break.
明日[あした]くだく,I will shatter tomorrow; kudaku also means to shatter.
明日[あした]なじむ,I will become familiar with tomorrow; najimu means to become familiar with.
皆[みんな]でなじむ,all of us come to fit; najimu also means to come to fit.
一緒[いっしょ]に揺[ゆ]る,we will shake together; yuru means to shake.
皆[みんな]で薄[うす]れる,all of us fade; usureru means to fade.
人[ひと]となりがある,there is a hereditary disposition; hitotonari means hereditary disposition.
よく叩[たた]きのめす,I often knock down; tatakinomesu means to knock down.
これは俺[おれ]のきっかけだ,this is my chance; kikkake means chance.
かまくらとは何[なん]だ,what is a mid-January festival in northern Japan; kamakura means mid-January festival in northern Japan.
大[おお]きなかまくらだ,it is a big snow hut; kamakura also means snow hut.
ひしひしした,I did it acutely; hishihishi means acutely.
ひしひし言[い]った,I said it tightly; hishihishi also means tightly.
俺[おれ]が徹[てっ]する,I am the one who will penetrate; tessuru means to penetrate.
明日[あした]徹[てっ]する,I will devote oneself tomorrow; tessuru also means to devote oneself.
それを振[ふ]り向[む]く,I will turn one's face that; furimuku means to turn one's face.
皆[みんな]高名[こうみょう]だ,everyone is famous; koumyou means famous.
この高名[こうみょう]を知[し]っているか,do you know this your name; koumyou also means your name.
明日[あした]催[もよお]す,I will hold tomorrow; moyoosu means to hold.
一緒[いっしょ]に催[もよお]す,we will feel together; moyoosu also means to feel.
痛恨[つうこん]を探[さが]している,I am looking for a deep regret; tsuukon means deep regret.
丸裸[まるはだか]が必要[ひつよう]だ,a being stark-naked is needed; maruhadaka means being stark-naked.
これは丸裸[まるはだか]だ,this is a having no possessions; maruhadaka also means having no possessions.
これは着眼[ちゃくがん]だ,this is a focusing on; chakugan means focusing on.
よく追[お]い払[はらお]う,I often drive away; oiharaou means to drive away.
なあなあじゃない,it is not a compromise; naanaa means compromise.
やっぱり恩義[おんぎ]だ,it is an obligation after all; ongi means obligation.
ちゃんと詰[つ]む,I become fine properly; tsumu means to become fine.
俺[おれ]が詰[つ]む,I am the one who will be checkmated; tsumu also means to be checkmated.
にらみを見[み]た,I saw a glare; nirami means glare.
明日[あした]途絶[とだ]える,I will stop tomorrow; todaeru means to stop.
明日[あした]馳[は]せる,I will run tomorrow; haseru means to run.
一緒[いっしょ]に馳[は]せる,we will drive quickly together; haseru also means to drive quickly.
明日[あした]仕込[しこ]む,I will train tomorrow; shikomu means to train.
一緒[いっしょ]に仕込[しこ]む,we will acquire together; shikomu also means to acquire.
一緒[いっしょ]に察[さっ]する,we will guess together; sassuru means to guess.
皆[みんな]で察[さっ]する,all of us sympathize with; sassuru also means to sympathize with.
雇[やと]い主[ぬし]の事[こと]を言[い]っている,I am talking about an employer; yatoinushi means employer.
その来賓[らいひん]が欲[ほ]しい,I want that guest; raihin means guest.
よくいいきかせる,I often tell; iikikaseru means to tell.
雌雄[しゆう]を探[さが]している,I am looking for a male and female; shiyuu means male and female.
雌雄[しゆう]が必要[ひつよう]だ,a victory and defeat is needed; shiyuu also means victory and defeat.
たまに解[かい]する,I understand once in a while; kaisuru means to understand.
ちゃんと解[かい]する,I interpret properly; kaisuru also means to interpret.
ちゃんと泣[な]き叫[さけ]ぶ,I cry and shout properly; nakisakebu means to cry and shout.
それを裂[さ]く,I will cut up that; saku also means to cut up.
暗部[あんぶ]じゃない,it is not a dark side; ambu means dark side.
何[なに]を脱[だっ]するのか,what do you escape from; dassuru means to escape from.
寵愛[ちょうあい]がある,there is a favor; chouai means favor.
一緒[いっしょ]に悩[なや]ます,we will afflict together; nayamasu means to afflict.
これは俺[おれ]の大役[たいやく]だ,this is my important task; taiyaku means important task.
大役[たいやく]とは何[なん]だ,what is a major part; taiyaku also means major part.
散開[さんかい]とは何[なん]だ,what is a deployment; sankai means deployment.
それは癪[しゃく]だ,that one is annoyance; shaku means annoyance.
それは癪[しゃく]じゃない,that is not an abdominal spasms; shaku also means abdominal spasms.
これから垂[た]らす,I will dribble from now on; tarasu means to dribble.
たまに垂[た]らす,I suspend once in a while; tarasu also means to suspend.
恩寵[おんちょう]の事[こと]を言[い]っている,I am talking about a grace; onchou means grace.
その拝謁[はいえつ]が欲[ほ]しい,I want that audience with someone of high rank; haietsu means audience with someone of high rank.
この肩入[かたい]れを知[し]っているか,do you know this support; kataire means support.
行商[ぎょうしょう]を探[さが]している,I am looking for a monger; gyoushou means monger.
明日[あした]助[たす]け合[あ]う,I will help each other tomorrow; tasukeau means to help each other.
明日[あした]償[つぐな]う,I will make up for tomorrow; tsugunau means to make up for.
それは不遜[ふそん]だ,that one is haughty; fuson means haughty.
皆[みんな]で散[ち]らかす,all of us scatter around; chirakasu means to scatter around.
やっぱり品々[しなじな]だ,it is various articles after all; shinajina means various articles.
品々[しなじな]がある,there is various kinds; shinajina also means various kinds.
和睦[わぼく]がある,there is a reconciliation; waboku means reconciliation.
それは無類[むるい]だ,that one is matchless; murui means matchless.
これは俺[おれ]の抜[ぬ]け目[め]だ,this is my imprudence; nukeme means imprudence.
ちゃんと気取[きど]る,I am affected properly; kidoru means to be affected.
俺[おれ]が気取[きど]る,I am the one who will act like; kidoru also means to act like.
大[おお]きな膝枕[ひざまくら]だ,it is a big laying one's head in someone's lap; hizamakura means laying one's head in someone's lap.
それは討[う]ち死[じ]にじゃない,that is not a death in battle; uchijini means death in battle.
ぼこぼこいい,it is with a burble good; bokoboko means with a burble.
これはぼこぼこだ,this one is holey; bokoboko also means holey.
明日[あした]耕[たがや]す,I will till tomorrow; tagayasu means to till.
この伝令[でんれい]を知[し]っているか,do you know this delivering an order; denrei means delivering an order.
伝令[でんれい]を探[さが]している,I am looking for a messenger; denrei also means messenger.
皆[みんな]で貸[か]し出[だ]す,all of us lend; kashidasu means to lend.
引導[いんどう]が必要[ひつよう]だ,a last words recited to the newly departed is needed; indou means last words recited to the newly departed.
これは引導[いんどう]だ,this is a converting people to Buddhism; indou also means converting people to Buddhism.
よく奉[たてまつ]る,I often offer; tatematsuru means to offer.
これから奉[たてまつ]る,I will set someone up in a high position from now on; tatematsuru also means to set someone up in a high position.
これから弱[よわ]る,I will weaken from now on; yowaru means to weaken.
ちゃんと弱[よわ]る,I am downcast properly; yowaru also means to be downcast.
それは手短[てみじか]だ,that one is short; temijika means short.
ちゃんと分[わ]け合[あ]う,I share properly; wakeau means to share.
この小賢[こざか]しいやつだ,it is this smart-alecky one; kozakashii means smart-alecky.
皆[みんな]小賢[こざか]しい,everyone is cunning; kozakashii also means cunning.
明日[あした]適[かな]う,I will be able tomorrow; kanau means to be able.
これは俺[おれ]の善処[ぜんしょ]だ,this is my dealing appropriately; zensho means dealing appropriately.
皆[みんな]流麗[りゅうれい]だ,everyone is fluent; ryuurei means fluent.
皆[みんな]で紛[まぎ]れる,all of us disappear into; magireru means to disappear into.
今[いま]紛[まぎ]れる,now I do something under the cover of; magireru also means to do something under the cover of.
それは酌[しゃく]じゃない,that is not a pouring alcohol; shaku means pouring alcohol.
酌[しゃく]の事[こと]を言[い]っている,I am talking about a person pouring alcohol; shaku also means person pouring alcohol.
神託[しんたく]の事[こと]を言[い]っている,I am talking about an oracle; shintaku means oracle.
よく秘[ひ]める,I often hide; himeru means to hide.
もろともした,I did it together; morotomo means together.
出立[しゅったつ]を探[さが]している,I am looking for a departure; shuttatsu means departure.
移[うつ]ろいが必要[ひつよう]だ,a change is needed; utsuroi means change.
これは移[うつ]ろいだ,this is a fading; utsuroi also means fading.
それはむなしい,that one is empty; munashii means empty.
このむなしいやつだ,it is this vain one; munashii also means vain.
明日[あした]絡[から]まる,I will be entwined tomorrow; karamaru means to be entwined.
落[お]とし前[まえ]じゃない,it is not a settlement; otoshimae means settlement.
明日[あした]荒[あ]れ狂[くる]う,I will rampage tomorrow; arekuruu means to rampage.
皆[みんな]で荒[あ]れ狂[くる]う,all of us rage; arekuruu also means to rage.
一緒[いっしょ]に見据[みす]える,we will stare fixedly at together; misueru means to stare fixedly at.
皆[みんな]で見据[みす]える,all of us make sure of; misueru also means to make sure of.
かっけを見[み]た,I saw a beriberi; kakke means beriberi.
これは俺[おれ]の金棒[かなぼう]だ,this is my metal rod; kanabou means metal rod.
金棒[かなぼう]とは何[なん]だ,what is an iron club; kanabou also means iron club.
大儀[たいぎ]とは何[なん]だ,what is a state ceremony; taigi means state ceremony.
皆[みんな]大儀[たいぎ]だ,everyone is laborious; taigi also means laborious.
これから睨[にら]む,I will glare at from now on; niramu means to glare at.
たまに睨[にら]む,I stare intensely at once in a while; niramu also means to stare intensely at.
たまに甚振[いたぶ]る,I torment once in a while; itaburu means to torment.
ちゃんと甚振[いたぶ]る,I extort properly; itaburu also means to extort.
鍛練[たんれん]の事[こと]を言[い]っている,I am talking about a tempering; tanren means tempering.
俺[おれ]がとどろく,I am the one who will roar; todoroku means to roar.
明日[あした]とどろく,I will become well known tomorrow; todoroku also means to become well known.
この荒[あら]くれ者[もの]を知[し]っているか,do you know this ruffian; arakuremono means ruffian.
明日[あした]縋[すが]る,I will cling to tomorrow; sugaru means to cling to.
皆[みんな]で縋[すが]る,all of us rely on; sugaru also means to rely on.
ぴっ言[い]った,I said it straight; pit means straight.
ぴっなった,it turned out with a snap; pit also means with a snap.
とても快[こころよ]い,it is very pleasant; kokoroyoi means pleasant.
皆[みんな]で反[そ]る,all of us warp; soru means to warp.
今[いま]反[そ]る,now I bend backward; soru also means to bend backward.
今[いま]取[と]り付[つ]く,now I cling to; toritsuku means to cling to.
よく取[と]り付[つ]く,I often grapple; toritsuku also means to grapple.
よく見定[みさだ]める,I often make sure of; misadameru means to make sure of.
閉廷[へいてい]がある,there is an adjourning court; heitei means adjourning court.
たまに瞑[つぶ]る,I close once in a while; tsuburu means to close.
これは俺[おれ]の猫舌[ねこじた]だ,this is my dislike of very hot food or drink; nekojita means dislike of very hot food or drink.
馬子[まご]とは何[なん]だ,what is a packhorse driver; mago means packhorse driver.
大[おお]きなスピアだ,it is a big spear; supia means spear.
それは神罰[しんばつ]じゃない,that is not a divine punishment; shimbatsu means divine punishment.
災禍[さいか]の事[こと]を言[い]っている,I am talking about a disaster; saika means disaster.
皆[みんな]で追[お]い付[つ]く,all of us catch up; oitsuku means to catch up.
今[いま]追[お]い付[つ]く,now I am compensated; oitsuku also means to be compensated.
このレジストを知[し]っているか,do you know this resistance; rejisuto means resistance.
レジストを探[さが]している,I am looking for an insulating coating; rejisuto also means insulating coating.
今[いま]宥[なだ]める,now I soothe; nadameru means to soothe.
よく抉[えぐ]る,I often gouge; eguru means to gouge.
これから抉[えぐ]る,I will greatly perturb from now on; eguru also means to greatly perturb.
これは末席[まっせき]だ,this is a lowest seat; masseki means lowest seat.
本当[ほんとう]の末席[まっせき]だ,it is a real lowest rank; masseki also means lowest rank.
ウフッなった,it turned out chuckle; ufut means chuckle.
敵襲[てきしゅう]じゃない,it is not an enemy attack; tekishuu means enemy attack.
俺[おれ]が鍛[きた]え上[あ]げる,I am the one who will temper thoroughly; kitaeageru means to temper thoroughly.
それを鍛[きた]え上[あ]げる,I will train well that; kitaeageru also means to train well.
すごくねちっこい,it is really persistent; nechikkoi means persistent.
何[なに]を好[す]くのか,what do you like; suku means to like.
明日[あした]洗[あら]い出[だ]す,I will reveal by washing the surface tomorrow; araidasu means to reveal by washing the surface.
一緒[いっしょ]に洗[あら]い出[だ]す,we will discover together; araidasu also means to discover.
身命[しんみょう]とは何[なん]だ,what is one's life; shimmyou means one's life.
大[おお]きな貴国[きこく]だ,it is a big your country; kikoku means your country.
今[いま]遣[つか]わす,now I send; tsukawasu means to send.
これから借[か]る,I will borrow from now on; karu means to borrow.
たまに借[か]る,I rent once in a while; karu also means to rent.
この天眼[てんがん]を知[し]っているか,do you know this the heavenly eye; tengan means the heavenly eye.
ちゃんとうぬぼれる,I am conceited properly; unuboreru means to be conceited.
ぱっ、分[わ]かった,poof I understand; pat means poof.
これは名答[めいとう]だ,this is an excellent answer; meitou means excellent answer.
何[なに]を躱[かわ]すのか,what do you dodge; kawasu means to dodge.
法螺[ほら]じゃない,it is not a boasting; hora means boasting.
やっぱり法螺[ほら]だ,it is a conch after all; hora also means conch.
皆[みんな]で閃[ひらめ]く,all of us flash; hirameku means to flash.
今[いま]閃[ひらめ]く,now I flutter; hirameku also means to flutter.
皆[みんな]で誘[おび]き寄[よ]せる,all of us lure toward one; obikiyoseru means to lure toward one.
農作[のうさく]を見[み]た,I saw a farming; nousaku means farming.
よく先走[さきばし]る,I often act first; sakibashiru means to act first.
これから生[い]き長[なが]らえる,I will live long from now on; ikinagaraeru means to live long.
たまに唆[そそのか]す,I instigate once in a while; sosonokasu means to instigate.
ちゃんと引[ひ]き分[わ]ける,I pull apart properly; hikiwakeru means to pull apart.
俺[おれ]が引[ひ]き分[わ]ける,I am the one who will draw; hikiwakeru also means to draw.
それは健勝[けんしょう]だ,that one is good health; kenshou means good health.
そのぴりが欲[ほ]しい,I want that period; piri means period.
明日[あした]はしゃぐ,I will make merry tomorrow; hashagu means to make merry.
明日[あした]飼[か]い慣[な]らす,I will tame tomorrow; kainarasu means to tame.
一緒[いっしょ]に抱[だ]き込[こ]む,we will hold in one's arms together; dakikomu means to hold in one's arms.
皆[みんな]で抱[だ]き込[こ]む,all of us bring over a person to one's side; dakikomu also means to bring over a person to one's side.
これは秘奥[ひおう]だ,this is secrets; hiou means secrets.
今[いま]いこう,now I rest; ikou means to rest.
よく誑[たぶら]かす,I often trick; taburakasu means to trick.
やっぱり荒事[あらごと]だ,it is a fighting scene after all; aragoto means fighting scene.
たまに弁[わきま]える,I discern once in a while; wakimaeru means to discern.
ちゃんと弁[わきま]える,I know properly; wakimaeru also means to know.
これは小癪[こしゃく]だ,this one is impudent; koshaku means impudent.
これは俺[おれ]の暴威[ぼうい]だ,this is my tyranny; boui means tyranny.
それを働[はたら]き掛[か]ける,I will work on that; hatarakikakeru means to work on.
明日[あした]働[はたら]き掛[か]ける,I will begin to work tomorrow; hatarakikakeru also means to begin to work.
何[なに]を焚[た]き付[つ]けるのか,what do you light; takitsukeru means to light.
明日[あした]焚[た]き付[つ]ける,I will incite tomorrow; takitsukeru also means to incite.
それは縛[いまし]めじゃない,that is not bonds; imashime means bonds.
彼此[かれこれ]言[い]った,I said it this and that; karekore means this and that.
彼此[かれこれ]なった,it turned out around; karekore also means around.
皆[みんな]で薙[な]ぎ倒[たお]す,all of us mow down; nagitaosu means to mow down.
今[いま]薙[な]ぎ倒[たお]す,now I defeat; nagitaosu also means to defeat.
よく表立[おもてだ]つ,I often become public; omotedatsu means to become public.
これから表立[おもてだ]つ,I will be formal from now on; omotedatsu also means to be formal.
これから振[ふ]り掛[か]ける,I will sprinkle over from now on; furikakeru means to sprinkle over.
目茶[めっちゃ]なった,it turned out very; meccha means very.
本当[ほんとう]の玉体[ぎょくたい]だ,it is a real the Emperor's person or presence; gyokutai means the Emperor's person or presence.
俺[おれ]がしらばくれる,I am the one who will play dumb; shirabakureru means to play dumb.
やっぱりねたばれだ,it is a spoiler after all; netabare means spoiler.
グルルがある,there is a grrr; gururu means grrr.
フィフティーを見[み]た,I saw a fifty; fifuti means fifty.
これがどいつだ,this is who; doitsu means who.
皆[みんな]で出会[でくわ]す,all of us happen to meet; dekuwasu means to happen to meet.
今[いま]出来[でか]す,now I do; dekasu means to do.
よく取[と]り纏[まと]める,I often collect; torimatomeru means to collect.
これから取[と]り纏[まと]める,I will arrange from now on; torimatomeru also means to arrange.
くしゃみの事[こと]を言[い]っている,I am talking about a sneeze; kushami means sneeze.
ちゃんと待[ま]ち草臥[くたび]れる,I get tired of waiting properly; machikutabireru means to get tired of waiting.
ちゃんと扠置[さてお]く,I set aside properly; sateoku means to set aside.
俺[おれ]が扱[こ]き使[つか]う,I am the one who will work hard; kokitsukau means to work hard.
投合[とうごう]が必要[ひつよう]だ,an agreement is needed; tougou means agreement.
それはくすぐったい,that one is ticklish; kusuguttai means ticklish.
このくすぐったいやつだ,it is this embarrassing one; kusuguttai also means embarrassing.
本当[ほんとう]のあめんぼだ,it is a real pond skater; amembo means pond skater.
皆[みんな]熱苦[あつくる]しい,everyone is sultry; atsukurushii means sultry.
とても熱苦[あつくる]しい,it is very uncomfortably hot-looking; atsukurushii also means uncomfortably hot-looking.
これはめちゃめちゃだ,this one is disorderly; mechamecha means disorderly.
めちゃめちゃ言[い]った,I said it very; mechamecha also means very.
今[いま]罷[まか]り越[こ]す,now I go to; makarikosu means to go to.
これから馬鹿[ばか]げる,I will be foolish from now on; bakageru means to be foolish.
よよした,I did it every evening; yoyo means every evening.
俺[おれ]が化[か]する,I am the one who will change; kasuru means to change.
その会社[かいしゃ]が欲[ほ]しい,I want that company; kaisha means company.
この作品[さくひん]を知[し]っているか,do you know this work; sakuhin means work.
企業[きぎょう]を探[さが]している,I am looking for an enterprise; kigyou means enterprise.
皆[みんな]で番[つが]う,all of us pair up; tsugau means to pair up.
これは教[おし]えだ,this is a teaching; oshie means teaching.
みるみる言[い]った,I said it very fast; mirumiru means very fast.
限定[げんてい]じゃない,it is not a limit; gentei means limit.
やっぱり寝[ね]だ,it is a sleep after all; ne means sleep.
政治[せいじ]がある,there is politics; seiji means politics.
着[ちゃく]を見[み]た,I saw an arrival; chaku means arrival.
なんちゃって,ersatz; nanchatte means ersatz.
米[べい]とは何[なん]だ,what is a metre; bei means metre.
大[おお]きな検索[けんさく]だ,it is a big looking up; kensaku means looking up.
それは語[ご]じゃない,that is not a language; go means language.
タイプの事[こと]を言[い]っている,I am talking about a type; taipu means type.
そのチェックが欲[ほ]しい,I want that check; chekku means check.
この秒[びょう]を知[し]っているか,do you know this second; byou means second.
調[しら]べを探[さが]している,I am looking for an investigation; shirabe means investigation.
高校[こうこう]が必要[ひつよう]だ,a senior high school is needed; koukou means senior high school.
これは表現[ひょうげん]だ,this is an expression; hyougen means expression.
本当[ほんとう]の予約[よやく]だ,it is a real reservation; yoyaku means reservation.
購入[こうにゅう]じゃない,it is not a purchase; kounyuu means purchase.
やっぱりシーンだ,it is a scene after all; shiin means scene.
以降[いこう]いい,it is on and after good; ikou means on and after.
経営[けいえい]を見[み]た,I saw a management; keiei means management.
これは俺[おれ]の制度[せいど]だ,this is my system; seido means system.
健康[けんこう]とは何[なん]だ,what is a health; kenkou means health.
皆[みんな]別々[べつべつ]だ,everyone is separate; betsubetsu means separate.
とてもいやらしい,it is very unpleasant; iyarashii means unpleasant.
調[しら]べ物[もの]の事[こと]を言[い]っている,I am talking about an investigation; shirabemono means investigation.
その逮捕[たいほ]が欲[ほ]しい,I want that arrest; taiho means arrest.
このロックを知[し]っているか,do you know this lock; rokku means lock.
オリジナルが必要[ひつよう]だ,an original is needed; orijinaru means original.
本当[ほんとう]の枠[わく]だ,it is a real frame; waku means frame.
町作[まちづく]りじゃない,it is not a town planning; machizukuri means town planning.
やっぱり種類[しゅるい]だ,it is a variety after all; shurui means variety.
論[ろん]がある,there is an argument; ron means argument.
迎[むか]えを見[み]た,I saw a meeting; mukae means meeting.
これは俺[おれ]の処理[しょり]だ,this is my processing; shori means processing.
定期[ていき]とは何[なん]だ,what is a fixed period; teiki means fixed period.
大[おお]きな横[よこ]だ,it is a big horizontal; yoko means horizontal.
それはコースじゃない,that is not a course; koosu means course.
市民[しみん]の事[こと]を言[い]っている,I am talking about a citizen; shimin means citizen.
その脳内[のうない]が欲[ほ]しい,I want that intracerebral; nounai means intracerebral.
このスタイルを知[し]っているか,do you know this figure; sutairu means figure.
店舗[てんぽ]を探[さが]している,I am looking for a shop; tempo means shop.
旧[きゅう]が必要[ひつよう]だ,the old is needed; kyuu means the old.
これは業界[ぎょうかい]だ,this is a business world; gyoukai means business world.
やっぱり青[あお]だ,it is a blue after all; ao means blue.
オープンがある,there is an opening; oopun means opening.
同士[どうし]を見[み]た,I saw a fellow; doushi means fellow.
これは俺[おれ]の構造[こうぞう]だ,this is my structure; kouzou means structure.
大[おお]きな引[ひ]きだ,it is a big pull; hiki means pull.
それは恋愛[れんあい]じゃない,that is not a love; renai means love.
総合[そうごう]の事[こと]を言[い]っている,I am talking about synthesis; sougou means synthesis.
その葉[は]が欲[ほ]しい,I want that leaf; ha means leaf.
このバーを知[し]っているか,do you know this bar; ba means bar.
ベッドを探[さが]している,I am looking for a bed; beddo means bed.
基地[きち]が必要[ひつよう]だ,a base is needed; kichi means base.
これは帯[おび]だ,this is an obi; obi means obi.
明日[あした]異[こと]なる,I will differ tomorrow; kotonaru means to differ.
詐欺[さぎ]じゃない,it is not a fraud; sagi means fraud.
将来[しょうらい]いい,it is future good; shourai means future.
指摘[してき]がある,there is a pointing out; shiteki means pointing out.
業[ごう]を見[み]た,I saw a karma; gou means karma.
これは俺[おれ]の返[かえ]しだ,this is my reversal; kaeshi means reversal.
比較[ひかく]とは何[なん]だ,what is a comparison; hikaku means comparison.
大[おお]きな分析[ぶんせき]だ,it is a big analysis; bunseki means analysis.
深夜[しんや]言[い]った,I said it late at night; shinya means late at night.
自殺[じさつ]の事[こと]を言[い]っている,I am talking about a suicide; jisatsu means suicide.
そのパワーが欲[ほ]しい,I want that power; pawa means power.
このビールを知[し]っているか,do you know this beer; biiru means beer.
以内[いない]言[い]った,I said it within; inai means within.
立[た]ちが必要[ひつよう]だ,a departure is needed; tachi means departure.
これはキャンペーンだ,this is a promotion; kyampeen means promotion.
本当[ほんとう]の展示[てんじ]だ,it is a real exhibition; tenji means exhibition.
しめしじゃない,it is not a lesson; shimeshi means lesson.
やっぱりヒットだ,it is a hit after all; hitto means hit.
受[う]け入[い]れがある,there is a receiving; ukeire means receiving.
住宅[じゅうたく]を見[み]た,I saw a residence; juutaku means residence.
これは俺[おれ]の隠[かく]しだ,this is my hiding; kakushi means hiding.
それは新規[しんき]だ,that one is new; shinki means new.
大[おお]きな横面[よこっつら]だ,it is a big side of the face; yokottsura means side of the face.
それは牛[うし]じゃない,that is not a cattle; ushi means cattle.
ブルーの事[こと]を言[い]っている,I am talking about a blue; buru means blue.
その傾向[けいこう]が欲[ほ]しい,I want that tendency; keikou means tendency.
ごぜんいい,it is morning good; gozen means morning.
巨人[きょじん]を探[さが]している,I am looking for a giant; kyojin means giant.
毎年[まいとし]言[い]った,I said it every year; maitoshi means every year.
これは用済[ようず]みだ,this is a having served one's purpose; youzumi means having served one's purpose.
すごく臭[くさ]い,it is really stinking; kusai means stinking.
当[あ]たりじゃない,it is not a hit; atari means hit.
それは気弱[きよわ]い,that one is timid; kiyowai means timid.
それは独自[どくじ]だ,that one is original; dokuji means original.
職[しょく]を見[み]た,I saw a job; shoku means job.
これは俺[おれ]の否定[ひてい]だ,this is my denial; hitei means denial.
回転[かいてん]とは何[なん]だ,what is a rotation; kaiten means rotation.
大[おお]きな将軍[しょうぐん]だ,it is a big general; shougun means general.
それは本格[ほんかく]じゃない,that is not an original method; honkaku means original method.
歯[は]の事[こと]を言[い]っている,I am talking about a tooth; ha means tooth.
その現地[げんち]が欲[ほ]しい,I want that actual place; genchi means actual place.
この生[う]まれ立[た]てを知[し]っているか,do you know this newborn; umaretate means newborn.
負担[ふたん]を探[さが]している,I am looking for a burden; futan means burden.
戦略[せんりゃく]が必要[ひつよう]だ,a strategy is needed; senryaku means strategy.
本当[ほんとう]の最北[さいほく]だ,it is a real northernmost; saihoku means northernmost.
殺害[さつがい]じゃない,it is not a killing; satsugai means killing.
やっぱり職業[しょくぎょう]だ,it is an occupation after all; shokugyou means occupation.
グリーンがある,there is a green; guriin means green.
基礎[きそ]を見[み]た,I saw a foundation; kiso means foundation.
これは俺[おれ]の時計[とけい]だ,this is my clock; tokei means clock.
組[く]み合[あ]わせとは何[なん]だ,what is a combination; kumiawase means combination.
大[おお]きな若者[わかもの]だ,it is a big young person; wakamono means young person.
それはダウンじゃない,that is not a fall; daun means fall.
皆[みんな]名誉[めいよ]だ,everyone is honor; meiyo means honor.
その現象[げんしょう]が欲[ほ]しい,I want that phenomenon; genshou means phenomenon.
何[なに]を作[つく]り変[か]えるのか,what do you remake; tsukurikaeru means to remake.
素人[しろうと]を探[さが]している,I am looking for an amateur; shirouto means amateur.
解消[かいしょう]が必要[ひつよう]だ,a cancellation is needed; kaishou means cancellation.
回答[かいとう]じゃない,it is not a reply; kaitou means reply.
やっぱり地図[ちず]だ,it is a map after all; chizu means map.
正[せい]がある,there is a true; sei means true.
特上[とくじょう]を見[み]た,I saw a first class plus; tokujou means first class plus.
起動[きどう]とは何[なん]だ,what is a startup; kidou means startup.
これは高級[こうきゅう]だ,this one is high-class; koukyuu means high-class.
それはハートじゃない,that is not a heart; haato means heart.
同僚[どうりょう]の事[こと]を言[い]っている,I am talking about a coworker; douryou means coworker.
その申請[しんせい]が欲[ほ]しい,I want that application; shinsei means application.
この盤[ばん]を知[し]っているか,do you know this plate; ban means plate.
メートルを探[さが]している,I am looking for a metre; meetoru means metre.
表情[ひょうじょう]が必要[ひつよう]だ,a facial expression is needed; hyoujou means facial expression.
週末[しゅうまつ]いい,it is weekend good; shuumatsu means weekend.
本当[ほんとう]の使[つか]い魔[ま]だ,it is a real familiar spirit; tsukaima means familiar spirit.
野[の]じゃない,it is not a field; no means field.
やっぱり高度[こうど]だ,it is an altitude after all; koudo means altitude.
ヒーローがある,there is a hero; hiiro means hero.
ペットを見[み]た,I saw a pet; petto means pet.
これは俺[おれ]の休日[きゅうじつ]だ,this is my holiday; kyuujitsu means holiday.
創作[そうさく]とは何[なん]だ,what is a creation; sousaku means creation.
大[おお]きな新人[しんじん]だ,it is a big newcomer; shinjin means newcomer.
それは群[ぐん]じゃない,that is not a group; gun means group.
さてさて、分[わ]かった,well I understand; satesate means well.
ややなった,it turned out a little; yaya means a little.
このソースを知[し]っているか,do you know this sauce; soosu means sauce.
現金[げんきん]を探[さが]している,I am looking for a cash; genkin means cash.
ゲーが必要[ひつよう]だ,a Gaia is needed; ge means Gaia.
これはラブだ,this is a love; rabu means love.
本当[ほんとう]の中継[ちゅうけい]だ,it is a real relay; chuukei means relay.
出来事[できごと]じゃない,it is not an occurrence; dekigoto means occurrence.
やっぱり油[あぶら]だ,it is an oil after all; abura means oil.
流線[りゅうせん]がある,there is a streamline; ryuusen means streamline.
パスを見[み]た,I saw a passing; pasu means passing.
これは俺[おれ]の散歩[さんぽ]だ,this is my walk; sampo means walk.
移行[いこう]とは何[なん]だ,what is a transition; ikou means transition.
大[おお]きな訪[おとず]れだ,it is a big visit; otozure means visit.
それは雪玉[ゆきだま]じゃない,that is not a snowball; yukidama means snowball.
てれんの事[こと]を言[い]っている,I am talking about means of deceiving another; teren means means of deceiving another.
そのメニューが欲[ほ]しい,I want that menu; menyu means menu.
この充実[じゅうじつ]を知[し]っているか,do you know this fullness; juujitsu means fullness.
考慮[こうりょ]を探[さが]している,I am looking for a consideration; kouryo means consideration.
解釈[かいしゃく]が必要[ひつよう]だ,an interpretation is needed; kaishaku means interpretation.
これはドレスだ,this is a dress; doresu means dress.
本当[ほんとう]のよしみだ,it is a real friendship; yoshimi means friendship.
田舎[いなか]じゃない,it is not a rural area; inaka means rural area.
やっぱり皮[かわ]だ,it is a skin after all; kawa means skin.
観察[かんさつ]がある,there is an observation; kansatsu means observation.
傷薬[きずぐすり]を見[み]た,I saw a salve; kizugusuri means salve.
皆[みんな]直[ちょく]だ,everyone is ordinary; choku means ordinary.
財産[ざいさん]とは何[なん]だ,what is a property; zaisan means property.
大[おお]きな体調[たいちょう]だ,it is a big physical condition; taichou means physical condition.
それは天然[てんねん]じゃない,that is not a nature; tennen means nature.
改革[かいかく]の事[こと]を言[い]っている,I am talking about a reform; kaikaku means reform.
その若干[じゃっかん]が欲[ほ]しい,I want that some; jakkan means some.
この貸[か]しを知[し]っているか,do you know this loan; kashi means loan.
霊[れい]を探[さが]している,I am looking for a soul; rei means soul.
主人[しゅじん]が必要[ひつよう]だ,a head is needed; shujin means head.
本当[ほんとう]の拡散[かくさん]だ,it is a real spreading; kakusan means spreading.
やっぱり金持[かねも]ちだ,it is a rich person after all; kanemochi means rich person.
マッチがある,there is a match; macchi means match.
御出座[おでまし]を見[み]た,I saw a presence; odemashi means presence.
これは俺[おれ]の柄[がら]だ,this is my handle; gara means handle.
サークルとは何[なん]だ,what is a group with a common interest; saakuru means group with a common interest.
これは妙[みょう]だ,this one is strange; myou means strange.
ぬけぬけ言[い]った,I said it brazenly; nukenuke means brazenly.
箇所[かしょ]の事[こと]を言[い]っている,I am talking about a place; kasho means place.
その通貨[つうか]が欲[ほ]しい,I want that currency; tsuuka means currency.
このヒロインを知[し]っているか,do you know this heroine; hiroin means heroine.
史上[しじょう]言[い]った,I said it in history; shijou means in history.
格上[かくうえ]が必要[ひつよう]だ,a higher rank is needed; kakuue means higher rank.
これは桁[けた]だ,this is a column; keta means column.
本当[ほんとう]の過程[かてい]だ,it is a real process; katei means process.
開放[かいほう]じゃない,it is not an opening; kaihou means opening.
剣聖[けんせい]がある,there is a master swordsman; kensei means master swordsman.
夕方[ゆうがた]した,I did it early evening; yuugata means early evening.
これは俺[おれ]の形態[けいたい]だ,this is my form; keitai means form.
方面[ほうめん]とは何[なん]だ,what is a direction; houmen means direction.
大[おお]きな権限[けんげん]だ,it is a big power; kengen means power.
毎月[まいつき]した,I did it every month; maitsuki means every month.
事項[じこう]の事[こと]を言[い]っている,I am talking about a matter; jikou means matter.
その異界[いかい]が欲[ほ]しい,I want that spirit world; ikai means spirit world.
この相性[あいしょう]を知[し]っているか,do you know this affinity; aishou means affinity.
誘導[ゆうどう]を探[さが]している,I am looking for a guidance; yuudou means guidance.
責[せ]めが必要[ひつよう]だ,a responsibility is needed; seme means responsibility.
これはアイスだ,this is an ice; aisu means ice.
本当[ほんとう]の孫[まご]だ,it is a real grandchild; mago means grandchild.
割合[わりあい]じゃない,it is not a rate; wariai means rate.
やっぱり喉[のど]だ,it is a throat after all; nodo means throat.
掛[か]け流[なが]しがある,there is a free-flowing; kakenagashi means free-flowing.
それを除[のぞ]く,I will remove that; nozoku means to remove.
中間[ちゅうかん]とは何[なん]だ,what is a middle; chuukan means middle.
一緒[いっしょ]に乗[の]り取[と]る,we will capture together; noritoru means to capture.
それは事例[じれい]じゃない,that is not an example; jirei means example.
学会[がっかい]の事[こと]を言[い]っている,I am talking about a learned society; gakkai means learned society.
その機構[きこう]が欲[ほ]しい,I want that mechanism; kikou means mechanism.
正[まさ]しくなった,it turned out certainly; masashiku means certainly.
皆[みんな]正常[せいじょう]だ,everyone is normal; seijou means normal.
長年[ながねん]した,I did it many years; naganen means many years.
ごほごほ言[い]った,I said it coughing; gohogoho means coughing.
本当[ほんとう]のさらだ,it is a real plate; sara means plate.
ランチじゃない,it is not a lunch; ranchi means lunch.
やっぱり配慮[はいりょ]だ,it is a consideration after all; hairyo means consideration.
プランを見[み]た,I saw a plan; puran means plan.
これは俺[おれ]のプレーだ,this is my play; pure means play.
推奨[すいしょう]とは何[なん]だ,what is a recommendation; suishou means recommendation.
大[おお]きな栄養[えいよう]だ,it is a big nutrition; eiyou means nutrition.
それは衝突[しょうとつ]じゃない,that is not a collision; shoutotsu means collision.
豚骨[とんこつ]の事[こと]を言[い]っている,I am talking about a pork bones; tonkotsu means pork bones.
この入場[にゅうじょう]を知[し]っているか,do you know this entrance; nyuujou means entrance.
文明[ぶんめい]を探[さが]している,I am looking for a civilization; bummei means civilization.
詰[つ]めが必要[ひつよう]だ,a stuffing is needed; tsume means stuffing.
これはチップだ,this is a tip; chippu means tip.
本当[ほんとう]のライバルだ,it is a real rival; raibaru means rival.
劣化[れっか]じゃない,it is not a deterioration; rekka means deterioration.
次々[つぎつぎ]いい,it is in succession good; tsugitsugi means in succession.
国境[こっきょう]を見[み]た,I saw a border; kokkyou means border.
これは俺[おれ]の生[い]き物[もの]だ,this is my living thing; ikimono means living thing.
突入[とつにゅう]とは何[なん]だ,what is a rushing into; totsunyuu means rushing into.
大[おお]きな協議[きょうぎ]だ,it is a big conference; kyougi means conference.
それは永久[えいきゅう]だ,that one is eternity; eikyuu means eternity.
一緒[いっしょ]に決[き]め付[つ]ける,we will fix upon together; kimetsukeru means to fix upon.
この自覚[じかく]を知[し]っているか,do you know this self-consciousness; jikaku means self-consciousness.
ペアを探[さが]している,I am looking for a pair; pea means pair.
係[かかり]が必要[ひつよう]だ,a charge is needed; kakari means charge.
これは共和[きょうわ]だ,this is a republicanism; kyouwa means republicanism.
本当[ほんとう]の愛情[あいじょう]だ,it is a real love; aijou means love.
接近[せっきん]じゃない,it is not a getting closer; sekkin means getting closer.
それは知的[ちてき]だ,that one is intellectual; chiteki means intellectual.
買収[ばいしゅう]がある,there is an acquisition; baishuu means acquisition.
醤油[しょうゆ]を見[み]た,I saw a soy sauce; shouyu means soy sauce.
これは俺[おれ]の入社[にゅうしゃ]だ,this is my joining a company; nyuusha means joining a company.
独占[どくせん]とは何[なん]だ,what is a monopoly; dokusen means monopoly.
大[おお]きな議長[ぎちょう]だ,it is a big chair; gichou means chair.
これは過剰[かじょう]だ,this one is excess; kajou means excess.
再度[さいど]言[い]った,I said it a second time; saido means a second time.
その務[つと]めが欲[ほ]しい,I want that service; tsutome means service.
この後輩[こうはい]を知[し]っているか,do you know this junior; kouhai means junior.
ちゃんと焼[や]き上[あ]がる,I am baked properly; yakiagaru means to be baked.
自主[じしゅ]が必要[ひつよう]だ,an independence is needed; jishu means independence.
これは飲食[いんしょく]だ,this is a food and drink; inshoku means food and drink.
皆[みんな]黄[き]だ,everyone is yellow; ki means yellow.
共感[きょうかん]じゃない,it is not a sympathy; kyoukan means sympathy.
やっぱり難易[なんい]だ,it is a difficulty after all; nani means difficulty.
メタルがある,there is a metal; metaru means metal.
占[うらな]いを見[み]た,I saw a fortune-telling; uranai means fortune-telling.
これは俺[おれ]の根本[こんぽん]だ,this is my illustrated kabuki script; kompon means illustrated kabuki script.
結成[けっせい]とは何[なん]だ,what is a formation; kessei means formation.
大[おお]きな罰[ばつ]だ,it is a big punishment; batsu means punishment.
それは虐殺[ぎゃくさつ]じゃない,that is not a slaughter; gyakusatsu means slaughter.
俺[おれ]が触[ふ]れる,I am the one who will touch; fureru means to touch.
その乱[らん]が欲[ほ]しい,I want that revolt; ran means revolt.
この泥[どろ]を知[し]っているか,do you know this mud; doro means mud.
言[こと]を探[さが]している,I am looking for a word; koto means word.
これは重大[じゅうだい]だ,this one is serious; juudai means serious.
これは雄[おす]だ,this is a male; osu means male.
本当[ほんとう]のバルだ,it is a real Spanish bar; baru means Spanish bar.
商[しょう]じゃない,it is not a quotient; shou means quotient.
やっぱり放出[ほうしゅつ]だ,it is an emission after all; houshutsu means emission.
順番[じゅんばん]がある,there is an order; jumban means order.
フライを見[み]た,I saw a deep-fried food; furai means deep-fried food.
これは俺[おれ]の一種[いっしゅ]だ,this is my a kind; isshu means a kind.
原理[げんり]とは何[なん]だ,what is a principle; genri means principle.
大[おお]きな堀[ほり]だ,it is a big moat; hori means moat.
それは確立[かくりつ]じゃない,that is not an establishment; kakuritsu means establishment.
皆[みんな]高等[こうとう]だ,everyone is high class; koutou means high class.
その鹿[しか]が欲[ほ]しい,I want that deer; shika means deer.
このストップを知[し]っているか,do you know this stop; sutoppu means stop.
再会[さいかい]を探[さが]している,I am looking for a meeting again; saikai means meeting again.
数々[かずかず]いい,it is often good; kazukazu means often.
これはもちもちだ,this is a springy; mochimochi means springy.
本当[ほんとう]のプレートだ,it is a real plate; pureeto means plate.
全裸[ぜんら]じゃない,it is not a stark naked; zenra means stark naked.
やっぱり友情[ゆうじょう]だ,it is a friendship after all; yuujou means friendship.
実在[じつざい]がある,there is an actual existence; jitsuzai means actual existence.
有翼[ゆうよく]を見[み]た,I saw a winged; yuuyoku means winged.
これは俺[おれ]の特許[とっきょ]だ,this is my patent; tokkyo means patent.
粉[こな]とは何[なん]だ,what is a flour; kona means flour.
うっすらした,I did it slightly; ussura means slightly.
それは融合[ゆうごう]じゃない,that is not an agglutination; yuugou means agglutination.
光景[こうけい]の事[こと]を言[い]っている,I am talking about a scene; koukei means scene.
その小屋[こや]が欲[ほ]しい,I want that hut; koya means hut.
これは穏[おだ]やかだ,this one is calm; odayaka means calm.
行事[ぎょうじ]を探[さが]している,I am looking for an event; gyouji means event.
それを隠[かく]れ住[す]む,I will live in hiding that; kakuresumu means to live in hiding.
これは願望[がんぼう]だ,this is a desire; gambou means desire.
本当[ほんとう]の両手[りょうて]だ,it is a real both hands; ryoute means both hands.
都会[とかい]じゃない,it is not a city; tokai means city.
やっぱり売[う]り上[あ]げだ,it is an amount sold after all; uriage means amount sold.
大衆[たいしゅう]がある,there is a general public; taishuu means general public.
景色[けしき]を見[み]た,I saw a scenery; keshiki means scenery.
これは俺[おれ]の味噌[みそ]だ,this is my miso; miso means miso.
ちゃんと基[もと]づく,I am based properly; motozuku means to be based.
大[おお]きな残量[ざんりょう]だ,it is a big remaining quantity; zanryou means remaining quantity.
それは洋服[ようふく]じゃない,that is not a Western-style clothes; youfuku means Western-style clothes.
眠[ねむ]りの事[こと]を言[い]っている,I am talking about a sleep; nemuri means sleep.
その鋼[はがね]が欲[ほ]しい,I want that steel; hagane means steel.
とある事[こと]だ,it is a matter; toaru means a certain.
一緒[いっしょ]に打[ぶ]った切[ぎ]る,we will chop together; buttagiru means to chop.
知能[ちのう]が必要[ひつよう]だ,an intelligence is needed; chinou means intelligence.
これは芽[め]だ,this is a sprout; me means sprout.
本当[ほんとう]の主導[しゅどう]だ,it is a real leadership; shudou means leadership.
切断[せつだん]じゃない,it is not a cutting; setsudan means cutting.
やっぱり右手[みぎて]だ,it is a right hand after all; migite means right hand.
完[かん]がある,there is a completion; kan means completion.
皆[みんな]活発[かっぱつ]だ,everyone is lively; kappatsu means lively.
これはあらわだ,this one is exposed; arawa means exposed.
のうとは何[なん]だ,what is a talent; nou means talent.
大[おお]きなバックアップだ,it is a big backing; bakkuappu means backing.
それは勧誘[かんゆう]じゃない,that is not an invitation; kanyuu means invitation.
巣穴[すあな]の事[こと]を言[い]っている,I am talking about a nesting hole; suana means nesting hole.
すごく斜[なな]めだ,it is really slanting; naname means slanting.
この本能[ほんのう]を知[し]っているか,do you know this instinct; honnou means instinct.
祝日[しゅくじつ]を探[さが]している,I am looking for a national holiday; shukujitsu means national holiday.
観戦[かんせん]が必要[ひつよう]だ,a watching a game is needed; kansen means watching a game.
途端[とたん]言[い]った,I said it just; totan means just.
本当[ほんとう]のスクリーンだ,it is a real screen; sukuriin means screen.
寸前[すんぜん]じゃない,it is not a just before; sunzen means just before.
やっぱり戦術[せんじゅつ]だ,it is tactics after all; senjutsu means tactics.
明日[あした]減[へ]らす,I will abate tomorrow; herasu means to abate.
それは濃厚[のうこう]だ,that one is rich; noukou means rich.
これは俺[おれ]の片方[かたほう]だ,this is my one side; katahou means one side.
矛盾[むじゅん]とは何[なん]だ,what is a contradiction; mujun means contradiction.
大[おお]きなさばだ,it is a big mackerel; saba means mackerel.
それはドールじゃない,that is not a doll; dooru means doll.
ランプの事[こと]を言[い]っている,I am talking about a lamp; rampu means lamp.
これは不利[ふり]だ,this one is disadvantage; furi means disadvantage.
この後継[こうけい]を知[し]っているか,do you know this succession; koukei means succession.
意義[いぎ]を探[さが]している,I am looking for a meaning; igi means meaning.
熱中[ねっちゅう]が必要[ひつよう]だ,a being enthusiastic about is needed; necchuu means being enthusiastic about.
明日[あした]伸[の]びる,I will stretch tomorrow; nobiru means to stretch.
大[おお]いに言[い]った,I said it very; ooini means very.
引[ひ]けじゃない,it is not a close; hike means close.
やっぱり意向[いこう]だ,it is an intention after all; ikou means intention.
有無[うむ]がある,there is an existence or nonexistence; umu means existence or nonexistence.
装飾[そうしょく]を見[み]た,I saw an ornament; soushoku means ornament.
これは俺[おれ]の使命[しめい]だ,this is my mission; shimei means mission.
ちゃんと傷付[きずつ]く,I am wounded properly; kizutsuku means to be wounded.
大[おお]きな具材[ぐざい]だ,it is a big material; guzai means material.
すごく格安[かくやす]だ,it is really cheap; kakuyasu means cheap.
以後[いご]なった,it turned out after this; igo means after this.
明日[あした]叩[たた]き起[お]こす,I will wake up tomorrow; tatakiokosu means to wake up.
この司会[しかい]を知[し]っているか,do you know this leading a meeting; shikai means leading a meeting.
善[ぜん]を探[さが]している,I am looking for a good; zen means good.
演劇[えんげき]が必要[ひつよう]だ,a drama is needed; engeki means drama.
これは臨時[りんじ]だ,this is a temporary; rinji means temporary.
これは良好[りょうこう]だ,this one is good; ryoukou means good.
訂正[ていせい]じゃない,it is not a correction; teisei means correction.
やっぱり関節[かんせつ]だ,it is a joint after all; kansetsu means joint.
顧問[こもん]がある,there is an adviser; komon means adviser.
バットを見[み]た,I saw a bat; batto means bat.
これは俺[おれ]の会合[かいごう]だ,this is my meeting; kaigou means meeting.
外殻[がいかく]とは何[なん]だ,what is a shell; gaikaku means shell.
大[おお]きな身内[みうち]だ,it is a big relatives; miuchi means relatives.
それは逃走[とうそう]じゃない,that is not a flight; tousou means flight.
すごくナチュラルだ,it is really natural; nachuraru means natural.
その人員[じんいん]が欲[ほ]しい,I want that number of persons; jinin means number of persons.
この反意[はんい]を知[し]っているか,do you know this spirit of rebellion; hani means spirit of rebellion.
これは有力[ゆうりょく]だ,this one is influential; yuuryoku means influential.
肉塊[にくかい]が必要[ひつよう]だ,a lump of meat is needed; nikukai means lump of meat.
これは髭[ひげ]だ,this is a moustache; hige means moustache.
本当[ほんとう]のオンだ,it is a real on; on means on.
パニックじゃない,it is not a panic; panikku means panic.
それは爽[さわ]やかだ,that one is fresh; sawayaka means fresh.
クッソを見[み]た,I saw a kousso; kusso means kousso.
これは俺[おれ]の先端[せんたん]だ,this is my pointed end; sentan means pointed end.
よく溢[あふ]れる,I often fail; afureru means to fail.
大[おお]きな甘[あま]えだ,it is a big overdependence; amae means overdependence.
それは視野[しや]じゃない,that is not a field of vision; shiya means field of vision.
退治[たいじ]の事[こと]を言[い]っている,I am talking about an extermination; taiji means extermination.
そのスピーカーが欲[ほ]しい,I want that speaker; supiika means speaker.
この呼[よ]び出[だ]しを知[し]っているか,do you know this call; yobidashi means call.
皆[みんな]堪能[たんのう]だ,everyone is proficient; tannou means proficient.
庵[いお]が必要[ひつよう]だ,a hermitage is needed; io means hermitage.
これは機密[きみつ]だ,this is a secrecy; kimitsu means secrecy.
皆[みんな]で洗[あら]う,all of us wash; arau means to wash.
知性[ちせい]じゃない,it is not an intelligence; chisei means intelligence.
やっぱり間隔[かんかく]だ,it is a space after all; kankaku means space.
デザートがある,there is a dessert; dezaato means dessert.
名無[なな]しを見[み]た,I saw a being without a name; nanashi means being without a name.
これは俺[おれ]の応答[おうとう]だ,this is my reply; outou means reply.
これは急激[きゅうげき]だ,this one is sudden; kyuugeki means sudden.
大[おお]きな無双[むそう]だ,it is a big peerless; musou means peerless.
それは立地[りっち]じゃない,that is not a choosing a site; ricchi means choosing a site.
複合[ふくごう]の事[こと]を言[い]っている,I am talking about a composite; fukugou means composite.
その貝[がい]が欲[ほ]しい,I want that shellfish; gai means shellfish.
このスリーパーを知[し]っているか,do you know this sleeper; suriipa means sleeper.
ポテトを探[さが]している,I am looking for a potato; poteto means potato.
名物[めいぶつ]が必要[ひつよう]だ,famous product is needed; meibutsu means famous product.
これは待遇[たいぐう]だ,this is a treatment; taiguu means treatment.
本当[ほんとう]の恒例[こうれい]だ,it is a real established practice; kourei means established practice.
それは有害[ゆうがい]だ,that one is harmful; yuugai means harmful.
やっぱり納豆[なっとう]だ,it is a natto after all; nattou means natto.
風味[ふうみ]がある,there is a taste; fuumi means taste.
何[なに]を飛[と]ばすのか,what do you let fly; tobasu means to let fly.
これは俺[おれ]の結晶[けっしょう]だ,this is my crystal; kesshou means crystal.
運[はこ]びとは何[なん]だ,what is a progress; hakobi means progress.
大[おお]きなウォールだ,it is a big wall; wooru means wall.
それは中立[ちゅうりつ]じゃない,that is not a neutrality; chuuritsu means neutrality.
そろいの事[こと]を言[い]っている,I am talking about a set; soroi means set.
その昼食[ちゅうしょく]が欲[ほ]しい,I want that lunch; chuushoku means lunch.
この直撃[ちょくげき]を知[し]っているか,do you know this direct hit; chokugeki means direct hit.
管轄[かんかつ]を探[さが]している,I am looking for a jurisdiction; kankatsu means jurisdiction.
ゆうぎが必要[ひつよう]だ,a play is needed; yuugi means play.
本当[ほんとう]のピンチだ,it is a real pinch; pinchi means pinch.
制覇[せいは]じゃない,it is not a conquest; seiha means conquest.
やっぱり物資[ぶっし]だ,it is goods after all; busshi means goods.
ノウハウがある,there is a know-how; nouhau means know-how.
入国[にゅうこく]を見[み]た,I saw an entry into a country; nyuukoku means entry into a country.
これは俺[おれ]の出世[しゅっせ]だ,this is my success in life; shusse means success in life.
展望[てんぼう]とは何[なん]だ,what is a view; tembou means view.
急遽[きゅうきょ]いい,it is hurriedly good; kyuukyo means hurriedly.
それは証人[しょうにん]じゃない,that is not a witness; shounin means witness.
キャベツの事[こと]を言[い]っている,I am talking about a cabbage; kyabetsu means cabbage.
その付与[ふよ]が欲[ほ]しい,I want that grant; fuyo means grant.
この全開[ぜんかい]を知[し]っているか,do you know this opening fully; zenkai means opening fully.
呪文[じゅもん]を探[さが]している,I am looking for a spell; jumon means spell.
坊[ぼう]が必要[ひつよう]だ,a bonze is needed; bou means bonze.
これは悪意[あくい]だ,this is an ill will; akui means ill will.
本当[ほんとう]の捏造[でつぞう]だ,it is a real fabrication; detsuzou means fabrication.
毒霧[どくぎり]じゃない,it is not an Asian mist; dokugiri means Asian mist.
いっそ言[い]った,I said it rather; isso means rather.
エンジェルがある,there is an angel; enjeru means angel.
ちゃんと咲[さ]く,I bloom properly; saku means to bloom.
これは俺[おれ]の失[しつ]だ,this is my loss; shitsu means loss.
拝見[はいけん]とは何[なん]だ,what is a seeing; haiken means seeing.
大[おお]きな新設[しんせつ]だ,it is a big establishing; shinsetsu means establishing.
それはストックじゃない,that is not a stock; sutokku means stock.
プレーヤーの事[こと]を言[い]っている,I am talking about a player; pureeya means player.
その仲介[ちゅうかい]が欲[ほ]しい,I want that agency; chuukai means agency.
この居心地[いごこち]を知[し]っているか,do you know this feeling of a house or a room; igokochi means feeling of a house or a room.
役所[やくどころ]を探[さが]している,I am looking for a government office; yakudokoro means government office.
無職[むしょく]が必要[ひつよう]だ,a without an occupation is needed; mushoku means without an occupation.
これは自爆[じばく]だ,this is a suicide bombing; jibaku means suicide bombing.
本当[ほんとう]の農場[のうじょう]だ,it is a real farm; noujou means farm.
追及[ついきゅう]じゃない,it is not an investigation; tsuikyuu means investigation.
やっぱり先制[せんせい]だ,it is a head start after all; sensei means head start.
口調[くちょう]がある,there is a tone; kuchou means tone.
それは壮大[そうだい]だ,that one is magnificent; soudai means magnificent.
これは俺[おれ]の断[だん]だ,this is my decision; dan means decision.
満喫[まんきつ]とは何[なん]だ,what is a having one's fill; mankitsu means having one's fill.
大[おお]きな蜜[みつ]だ,it is a big nectar; mitsu means nectar.
それはアクセサリーじゃない,that is not an accessory; akusesari means accessory.
ストレッチの事[こと]を言[い]っている,I am talking about a stretch; sutorecchi means stretch.
そのスピーチが欲[ほ]しい,I want that speech; supiichi means speech.
一夜[いちや]言[い]った,I said it one night; ichiya means one night.
土壌[どじょう]を探[さが]している,I am looking for a soil; dojou means soil.
探検[たんけん]が必要[ひつよう]だ,an exploration is needed; tanken means exploration.
本当[ほんとう]の視力[しりょく]だ,it is a real eyesight; shiryoku means eyesight.
迷子[まいご]じゃない,it is not a lost child; maigo means lost child.
じっといい,it is motionlessly good; jitto means motionlessly.
今[いま]抱[かか]える,now I hold in one's arms; kakaeru means to hold in one's arms.
発狂[はっきょう]を見[み]た,I saw a madness; hakkyou means madness.
これは俺[おれ]の腐敗[ふはい]だ,this is my decomposition; fuhai means decomposition.
皆[みんな]過酷[かこく]だ,everyone is severe; kakoku means severe.
大[おお]きな出馬[しゅつば]だ,it is a big running; shutsuba means running.
それは反抗[はんこう]じゃない,that is not an opposition; hankou means opposition.
味[あじ]わいの事[こと]を言[い]っている,I am talking about a flavour; ajiwai means flavour.
何[なに]を殴[なぐ]り倒[たお]すのか,what do you knock down; naguritaosu means to knock down.
この湿度[しつど]を知[し]っているか,do you know this humidity; shitsudo means humidity.
生息[せいそく]を探[さが]している,I am looking for an inhabiting; seisoku means inhabiting.
黒蜜[くろみつ]が必要[ひつよう]だ,a brown sugar syrup is needed; kuromitsu means brown sugar syrup.
とっとといい,it is at once good; tottoto means at once.
本当[ほんとう]のトラップだ,it is a real trap; torappu means trap.
宝物[ほうもつ]じゃない,it is not a treasure; houmotsu means treasure.
やっぱり猶予[ゆうよ]だ,it is a postponement after all; yuuyo means postponement.
繁栄[はんえい]がある,there is a prosperity; hanei means prosperity.
明日[あした]こだわる,I will be obsessive tomorrow; kodawaru means to be obsessive.
ジャングルとは何[なん]だ,what is a jungle; janguru means jungle.
大[おお]きなハンバーガーだ,it is a big hamburger; hambaaga means hamburger.
これは不可欠[ふかけつ]だ,this one is indispensable; fukaketsu means indispensable.
値下[ねさ]げの事[こと]を言[い]っている,I am talking about a price reduction; nesage means price reduction.
その傭兵[ようへい]が欲[ほ]しい,I want that mercenary; youhei means mercenary.
この名目[めいもく]を知[し]っているか,do you know this name; meimoku means name.
模索[もさく]を探[さが]している,I am looking for a groping; mosaku means groping.
ふわふわ言[い]った,I said it lightly; fuwafuwa means lightly.
ちゃんと捕[つか]まる,I am caught properly; tsukamaru means to be caught.
本当[ほんとう]の死人[しにん]だ,it is a real corpse; shinin means corpse.
理屈[りくつ]じゃない,it is not a theory; rikutsu means theory.
やっぱり笛[ふえ]だ,it is a flute after all; fue means flute.
罪悪[ざいあく]を見[み]た,I saw a crime; zaiaku means crime.
皆[みんな]で贈[おく]る,all of us give; okuru means to give.
高値[たかね]とは何[なん]だ,what is a high price; takane means high price.
サンキュー、分[わ]かった,thank you I understand; sankyu means thank you.
それは哀[あわ]れじゃない,that is not a pity; aware means pity.
白黒[しろくろ]の事[こと]を言[い]っている,I am talking about a black and white; shirokuro means black and white.
そのおんぶが欲[ほ]しい,I want that carrying on one's back; ombu means carrying on one's back.
この陣営[じんえい]を知[し]っているか,do you know this camp; jinei means camp.
じゃがいもを探[さが]している,I am looking for a potato; jagaimo means potato.
上層[じょうそう]が必要[ひつよう]だ,an upper stratum is needed; jousou means upper stratum.
これは打[う]ち合[あ]わせだ,this is a meeting; uchiawase means meeting.
本当[ほんとう]の歓喜[かんき]だ,it is a real delight; kanki means delight.
総統[そうとう]じゃない,it is not a supreme ruler; soutou means supreme ruler.
やっぱり部族[ぶぞく]だ,it is a tribe after all; buzoku means tribe.
飛躍[ひやく]がある,there is a leap; hiyaku means leap.
スプーンを見[み]た,I saw a spoon; supuun means spoon.
これは俺[おれ]の内装[ないそう]だ,this is my interior design; naisou means interior design.
北西[ほくせい]とは何[なん]だ,what is a northwest; hokusei means northwest.
大[おお]きな意地[いじ]だ,it is a big stubbornness; iji means stubbornness.
それは文献[ぶんけん]じゃない,that is not a literature; bunken means literature.
割[わ]り当[あ]ての事[こと]を言[い]っている,I am talking about an allotment; wariate means allotment.
その只中[ただなか]が欲[ほ]しい,I want that middle; tadanaka means middle.
すごく多大[ただい]だ,it is really great; tadai means great.
大金[たいきん]を探[さが]している,I am looking for a large amount of money; taikin means large amount of money.
梅雨[つゆ]が必要[ひつよう]だ,a rainy season is needed; tsuyu means rainy season.
これは極秘[ごくひ]だ,this one is absolute secrecy; gokuhi means absolute secrecy.
本当[ほんとう]の長生[ながい]きだ,it is a real longevity; nagaiki means longevity.
それはばればれだ,that one is obvious; barebare means obvious.
ちゃんと及[およ]ぼす,I exert properly; oyobosu means to exert.
反動[はんどう]がある,there is a reaction; handou means reaction.
明日[あした]取[と]り組[く]む,I will grapple with tomorrow; torikumu means to grapple with.
これは俺[おれ]の発酵[はっこう]だ,this is my fermentation; hakkou means fermentation.
道中[どうちゅう]とは何[なん]だ,what is a journey; douchuu means journey.
大[おお]きな偽[いつわ]りだ,it is a big lie; itsuwari means lie.
すごく奇[き]だ,it is really strange; ki means strange.
当面[とうめん]なった,it turned out current; toumen means current.
その没収[ぼっしゅう]が欲[ほ]しい,I want that seizure; bosshuu means seizure.
この農民[のうみん]を知[し]っているか,do you know this farmer; noumin means farmer.
酒場[さかば]を探[さが]している,I am looking for a bar; sakaba means bar.
合金[ごうきん]が必要[ひつよう]だ,an alloy is needed; goukin means alloy.
これは呼称[こしょう]だ,this is a name; koshou means name.
本当[ほんとう]の命名[めいめい]だ,it is a real naming; meimei means naming.
導[みちび]き手[て]じゃない,it is not a guide; michibikite means guide.
それは憂鬱[ゆううつ]だ,that one is depression; yuuutsu means depression.
教官[きょうかん]がある,there is a teacher; kyoukan means teacher.
洗練[せんれん]を見[み]た,I saw a refinement; senren means refinement.
すごく利便[りべん]だ,it is really convenience; riben means convenience.
口癖[くちぐせ]とは何[なん]だ,what is a pet saying; kuchiguse means pet saying.
皆[みんな]かわいらしい,everyone is lovely; kawairashii means lovely.
ちゃんと向[む]き合[あ]う,I am opposite properly; mukiau means to be opposite.
祖国[そこく]の事[こと]を言[い]っている,I am talking about a homeland; sokoku means homeland.
その防備[ぼうび]が欲[ほ]しい,I want that defense; boubi means defense.
この乱暴[らんぼう]を知[し]っているか,do you know this violence; rambou means violence.
動力[どうりょく]を探[さが]している,I am looking for a power; douryoku means power.
戦死[せんし]が必要[ひつよう]だ,a death in battle is needed; senshi means death in battle.
あえてなった,it turned out purposely; aete means purposely.
本当[ほんとう]の異端[いたん]だ,it is a real heresy; itan means heresy.
過[あやま]ちじゃない,it is not a fault; ayamachi means fault.
すごく鮮[あざ]やかだ,it is really vivid; azayaka means vivid.
リアクションがある,there is a reaction; riakushon means reaction.
南西[なんせい]を見[み]た,I saw a southwest; nansei means southwest.
これは俺[おれ]の即死[そくし]だ,this is my instant death; sokushi means instant death.
反逆[はんぎゃく]とは何[なん]だ,what is a treason; hangyaku means treason.
各自[かくじ]なった,it turned out each; kakuji means each.
皆[みんな]早急[さっきゅう]だ,everyone is immediate; sakkyuu means immediate.
生[い]き残[のこ]りの事[こと]を言[い]っている,I am talking about a survival; ikinokori means survival.
その興行[こうぎょう]が欲[ほ]しい,I want that show; kougyou means show.
この式典[しきてん]を知[し]っているか,do you know this ceremony; shikiten means ceremony.
最長[さいちょう]を探[さが]している,I am looking for a longest; saichou means longest.
沙汰[さた]が必要[ひつよう]だ,an affair is needed; sata means affair.
これは男爵[だんしゃく]だ,this is a baron; danshaku means baron.
それはまっすぐだ,that one is straight; massugu means straight.
破[は]じゃない,it is not a middle section of a song; ha means middle section of a song.
やっぱり磨[みが]きだ,it is a polish after all; migaki means polish.
素顔[すがお]がある,there is a face with no make-up; sugao means face with no make-up.
何[なに]を訴[うった]え掛[か]けるのか,what do you make an appeal; uttaekakeru means to make an appeal.
これは俺[おれ]のノブだ,this is my knob; nobu means knob.
メンツとは何[なん]だ,what is a face; mentsu means face.
大[おお]きな半径[はんけい]だ,it is a big radius; hankei means radius.
それは周知[しゅうち]じゃない,that is not a common knowledge; shuuchi means common knowledge.
抹殺[まっさつ]の事[こと]を言[い]っている,I am talking about an erasure; massatsu means erasure.
その本命[ほんめい]が欲[ほ]しい,I want that favorite; hommei means favorite.
この段々[だんだん]を知[し]っているか,do you know this notches; dandan means notches.
ちゃんとつなぐ,I connect properly; tsunagu means to connect.
隣人[りんじん]が必要[ひつよう]だ,a neighbour is needed; rinjin means neighbour.
これはスリムだ,this one is slim; surimu means slim.
本当[ほんとう]の不動[ふどう]だ,it is a real immovable; fudou means immovable.
化[ば]けじゃない,it is not a transforming oneself; bake means transforming oneself.
一緒[いっしょ]にかむ,we will bite together; kamu means to bite.
大工[だいく]がある,there is a carpenter; daiku means carpenter.
心得[こころえ]を見[み]た,I saw a knowledge; kokoroe means knowledge.
これは俺[おれ]の気絶[きぜつ]だ,this is my faint; kizetsu means faint.
皆[みんな]異様[いよう]だ,everyone is strange; iyou means strange.
大[おお]きな首輪[くびわ]だ,it is a big collar; kubiwa means collar.
それは使[つか]い道[みち]じゃない,that is not a purpose; tsukaimichi means purpose.
それは優雅[ゆうが]だ,that one is elegant; yuuga means elegant.
その分担[ぶんたん]が欲[ほ]しい,I want that taking on one's share; buntan means taking on one's share.
この思[おも]い込[こ]みを知[し]っているか,do you know this wrong impression; omoikomi means wrong impression.
撃墜[げきつい]を探[さが]している,I am looking for a shooting down; gekitsui means shooting down.
猛暑[もうしょ]が必要[ひつよう]だ,a heat wave is needed; mousho means heat wave.
これは谷間[たにま]だ,this is a valley; tanima means valley.
本当[ほんとう]の音波[おんぱ]だ,it is a real sound wave; ompa means sound wave.
アースじゃない,it is not an earth; aasu means earth.
やっぱりジェルだ,it is a gel after all; jeru means gel.
ワープがある,there is a warp; waapu means warp.
これは丈夫[じょうぶ]だ,this one is healthy; joubu means healthy.
これは俺[おれ]の国宝[こくほう]だ,this is my national treasure; kokuhou means national treasure.
称号[しょうごう]とは何[なん]だ,what is a title; shougou means title.
明日[あした]重[かさ]なる,I will be piled up tomorrow; kasanaru means to be piled up.
これは重宝[ちょうほう]だ,this one is convenient; chouhou means convenient.
ビーフの事[こと]を言[い]っている,I am talking about a beef; biifu means beef.
皆[みんな]でもうかる,all of us am profitable; moukaru means to be profitable.
この光線[こうせん]を知[し]っているか,do you know this ray; kousen means ray.
剥奪[はくだつ]を探[さが]している,I am looking for a stripping; hakudatsu means stripping.
すごくぎりぎりだ,it is really just barely; girigiri means just barely.
これは局面[きょくめん]だ,this is a position in a game; kyokumen means position in a game.
ちゃんと成[な]り立[た]つ,I consist of properly; naritatsu means to consist of.
撤廃[てっぱい]じゃない,it is not an annulment; teppai means annulment.
やっぱり盆休[ぼんやす]みだ,it is a Bon holidays after all; bonyasumi means Bon holidays.
てらがある,there is a temple; tera means temple.
ぽんぽんを見[み]た,I saw a pompom; pompon means pompom.
これは俺[おれ]の手先[てさき]だ,this is my fingers; tesaki means fingers.
皆[みんな]で携[たずさ]わる,all of us engage in; tazusawaru means to engage in.
大[おお]きな火葬[かそう]だ,it is a big cremation; kasou means cremation.
それは芋掘[いもほ]りじゃない,that is not a digging for sweet potatoes; imohori means digging for sweet potatoes.
苗[なえ]の事[こと]を言[い]っている,I am talking about a seedling; nae means seedling.
その跡地[あとち]が欲[ほ]しい,I want that former site; atochi means former site.
このソファーを知[し]っているか,do you know this sofa; sofa means sofa.
メリーを探[さが]している,I am looking for a merry; meri means merry.
宣誓[せんせい]が必要[ひつよう]だ,an oath is needed; sensei means oath.
これは掌[てのひら]だ,this is a palm; tenohira means palm.
本当[ほんとう]の明言[めいげん]だ,it is a real declaration; meigen means declaration.
火薬[かやく]じゃない,it is not a gunpowder; kayaku means gunpowder.
やっぱり空襲[くうしゅう]だ,it is an air-raid after all; kuushuu means air-raid.
突[つ]っ込[こ]みがある,there is a thrust; tsukkomi means thrust.
総括[そうかつ]を見[み]た,I saw a summarization; soukatsu means summarization.
翌朝[よくあさ]いい,it is next morning good; yokuasa means next morning.
もしくはそれでいい,or that is fine; moshikuha means or.
大[おお]きな襲来[しゅうらい]だ,it is a big invasion; shuurai means invasion.
それは重点[じゅうてん]じゃない,that is not an important point; juuten means important point.
それを閉[と]じる,I will close that; tojiru means to close.
この勘定[かんじょう]を知[し]っているか,do you know this calculation; kanjou means calculation.
好[す]き嫌[きら]いを探[さが]している,I am looking for likes and dislikes; sukikirai means likes and dislikes.
完備[かんび]が必要[ひつよう]だ,a being fully equipped is needed; kambi means being fully equipped.
これは恐縮[きょうしゅく]だ,this is a feeling obliged; kyoushuku means feeling obliged.
昼休[ひるやす]み言[い]った,I said it lunch break; hiruyasumi means lunch break.
食卓[しょくたく]じゃない,it is not a dining table; shokutaku means dining table.
やっぱり鴨[かも]だ,it is a duck after all; kamo means duck.
大[たい]してした,I did it very; taishite means very.
本心[ほんしん]を見[み]た,I saw a true feelings; honshin means true feelings.
これは俺[おれ]の重傷[じゅうしょう]だ,this is my serious wound; juushou means serious wound.
外伝[がいでん]とは何[なん]だ,what is a supplementary biography; gaiden means supplementary biography.
大[おお]きな山岳[さんがく]だ,it is a big mountain chain; sangaku means mountain chain.
それは悪者[わるもの]じゃない,that is not a bad guy; warumono means bad guy.
レジェンドの事[こと]を言[い]っている,I am talking about a legend; rejendo means legend.
その吠[ほ]え声[ごえ]が欲[ほ]しい,I want that bark; hoegoe means bark.
この威嚇[いかく]を知[し]っているか,do you know this threat; ikaku means threat.
これから留[とど]まる,I will stop from now on; todomaru means to stop.
ベールが必要[ひつよう]だ,a veil is needed; beeru means veil.
これはききだ,this is an effectiveness; kiki means effectiveness.
本当[ほんとう]のききめだ,it is a real effect; kikime means effect.
大昔[おおむかし]言[い]った,I said it ancient times; oomukashi means ancient times.
やっぱり源泉[げんせん]だ,it is a source after all; gensen means source.
明日[あした]燃[も]やす,I will burn tomorrow; moyasu means to burn.
立[た]ち入[い]りを見[み]た,I saw an entering; tachiiri means entering.
これは俺[おれ]の蒸発[じょうはつ]だ,this is my evaporation; jouhatsu means evaporation.
エアーとは何[なん]だ,what is an air; ea means air.
大[おお]きな出社[しゅっしゃ]だ,it is a big going to work; shussha means going to work.
それは合図[あいず]じゃない,that is not a sign; aizu means sign.
屈辱[くつじょく]の事[こと]を言[い]っている,I am talking about a disgrace; kutsujoku means disgrace.
ちゃんと引[ひ]き上[あ]げる,I pull up properly; hikiageru means to pull up.
この心底[しんそこ]を知[し]っているか,do you know this bottom of one's heart; shinsoko means bottom of one's heart.
これは洒落[しゃれ]だ,this one is free and easy; share means free and easy.
すごく無垢[むく]だ,it is really pure; muku means pure.
とても苦[にが]い,it is very bitter; nigai means bitter.
一緒[いっしょ]に配[くば]る,we will distribute together; kubaru means to distribute.
やっぱり上乗[うわの]せだ,it is an adding after all; uwanose means adding.
代物[しろもの]がある,there is an article; shiromono means article.
器官[きかん]を見[み]た,I saw an organ; kikan means organ.
これは俺[おれ]の精製[せいせい]だ,this is my refining; seisei means refining.
すごく良質[りょうしつ]だ,it is really good quality; ryoushitsu means good quality.
大[おお]きな集積[しゅうせき]だ,it is a big accumulation; shuuseki means accumulation.
それは仕事場[しごとば]じゃない,that is not a place where one works; shigotoba means place where one works.
勝敗[しょうはい]の事[こと]を言[い]っている,I am talking about a victory or defeat; shouhai means victory or defeat.
古来[こらい]言[い]った,I said it from ancient times; korai means from ancient times.
大[おお]いなる事[こと]だ,it is big matter; ooinaru means big.
皆[みんな]御洒落[おしゃれ]だ,everyone is stylish; oshare means stylish.
怪魚[かいぎょ]が必要[ひつよう]だ,mysterious fish is needed; kaigyo means mysterious fish.
これは歯車[はぐるま]だ,this is a gear; haguruma means gear.
本当[ほんとう]のふわだ,it is a real discord; fuwa means discord.
予期[よき]じゃない,it is not an expectation; yoki means expectation.
やっぱり仮設[かせつ]だ,it is a temporary construction after all; kasetsu means temporary construction.
共生[きょうせい]がある,there is a coexistence; kyousei means coexistence.
大口[おおぐち]を見[み]た,I saw a big mouth; ooguchi means big mouth.
これは俺[おれ]の大晦日[おおみそか]だ,this is my New Year's Eve; oomisoka means New Year's Eve.
大通[おおどお]りとは何[なん]だ,what is a main street; oodoori means main street.
大[おお]きな根源[こんげん]だ,it is a big root; kongen means root.
それは独断[どくだん]じゃない,that is not one's own judgement; dokudan means one's own judgement.
今[いま]盗[ぬす]む,now I steal; nusumu means to steal.
その表向[おもてむ]きが欲[ほ]しい,I want that outward appearance; omotemuki means outward appearance.
これから補[おぎな]う,I will supplement from now on; oginau means to supplement.
先手[せんて]を探[さが]している,I am looking for a front lines; sente means front lines.
善意[ぜんい]が必要[ひつよう]だ,virtuous mind is needed; zeni means virtuous mind.
俺[おれ]が次[つ]ぐ,I am the one who will follow; tsugu means to follow.
明日[あした]たまる,I will collect tomorrow; tamaru means to collect.
何[なに]を突[つ]き込[こ]むのか,what do you thrust into; tsukikomu means to thrust into.
皆[みんな]間抜[まぬ]けだ,everyone is stupid; manuke means stupid.
下層[かそう]がある,there is a lower layer; kasou means lower layer.
瞬殺[しゅんさつ]を見[み]た,I saw a defeating in an instant; shunsatsu means defeating in an instant.
これは俺[おれ]の迷路[めいろ]だ,this is my maze; meiro means maze.
ストームとは何[なん]だ,what is a storm; sutoomu means storm.
大[おお]きな仮名[がな]だ,it is a big alias; gana means alias.
それは儀[ぎ]じゃない,that is not a ceremony; gi means ceremony.
初耳[はつみみ]の事[こと]を言[い]っている,I am talking about a something heard for the first time; hatsumimi means something heard for the first time.
その利権[りけん]が欲[ほ]しい,I want that interest; riken means interest.
この同類[どうるい]を知[し]っているか,do you know this the same kind; dourui means the same kind.
夕暮[ゆうぐ]れを探[さが]している,I am looking for an evening; yuugure means evening.
忍耐[にんたい]が必要[ひつよう]だ,an endurance is needed; nintai means endurance.
これは禿[は]げだ,this is a baldness; hage means baldness.
本当[ほんとう]の行[い]き来[き]だ,it is a real coming and going; ikiki means coming and going.
区切[くぎ]りじゃない,it is not a pause; kugiri means pause.
やっぱり失態[しったい]だ,it is a blunder after all; shittai means blunder.
定評[ていひょう]がある,there is an established reputation; teihyou means established reputation.
ちゃんと溺[おぼ]れる,I struggle in the water properly; oboreru means to struggle in the water.
すごく精鋭[せいえい]だ,it is really elite; seiei means elite.
至上[しじょう]とは何[なん]だ,what is a supremacy; shijou means supremacy.
大[おお]きな鼓動[こどう]だ,it is a big beat; kodou means beat.
それはげろじゃない,that is not a vomit; gero means vomit.
すんなり言[い]った,I said it slim; sunnari means slim.
一緒[いっしょ]にぶつかり合[あ]う,we will collide together; butsukariau means to collide.
このファイブを知[し]っているか,do you know this five; faibu means five.
口出[くちだ]しを探[さが]している,I am looking for a meddling; kuchidashi means meddling.
これから手掛[てが]ける,I will handle from now on; tegakeru means to handle.
本当[ほんとう]の溜[だ]まりだ,it is a real pile; damari means pile.
狸[たぬき]じゃない,it is not a tanuki; tanuki means tanuki.
やっぱり見覚[みおぼ]えだ,it is a memory after all; mioboe means memory.
顔立[かおだ]ちがある,there is looks; kaodachi means looks.
皆[みんな]不穏[ふおん]だ,everyone is disquieting; fuon means disquieting.
明日[あした]曲[ま]がる,I will bend tomorrow; magaru means to bend.
異変[いへん]とは何[なん]だ,what is an unusual event; ihen means unusual event.
大[おお]きな途方[とほう]だ,it is a big way; tohou means way.
ピートの事[こと]を言[い]っている,I am talking about a peat; piito means peat.
その建国[けんこく]が欲[ほ]しい,I want that founding of a nation; kenkoku means founding of a nation.
この悲観[ひかん]を知[し]っているか,do you know this pessimism; hikan means pessimism.
散策[さんさく]を探[さが]している,I am looking for a walking; sansaku means walking.
本意[ほんい]が必要[ひつよう]だ,a real intention is needed; honi means real intention.
これは白米[はくまい]だ,this is a polished rice; hakumai means polished rice.
明日[あした]臨[のぞ]む,I will look out on tomorrow; nozomu means to look out on.
ぶつかり合[あ]いじゃない,it is not a collision; butsukariai means collision.
やっぱりカルマだ,it is a karma after all; karuma means karma.
下級[かきゅう]がある,there is a lower grade; kakyuu means lower grade.
駆[か]け引[ひ]きを見[み]た,I saw a bargaining; kakehiki means bargaining.
これは俺[おれ]の中指[なかゆび]だ,this is my middle finger; nakayubi means middle finger.
其[そ]の方[ほう]の事[こと]を言[い]っている,I am talking about that person; sonohou means that person.
皆[みんな]愛[あい]らしい,everyone is pretty; airashii means pretty.
それは議事[ぎじ]じゃない,that is not proceedings; giji means proceedings.
俺[おれ]がつるむ,I am the one who will copulate; tsurumu means to copulate.
その抜擢[ばってき]が欲[ほ]しい,I want that selection; batteki means selection.
この暗黙[あんもく]を知[し]っているか,do you know this tacit; ammoku means tacit.
この疑[うたが]わしいやつだ,it is this doubtful one; utagawashii means doubtful.
趣向[しゅこう]が必要[ひつよう]だ,a plan is needed; shukou means plan.
これは一口[ひとくち]だ,this is a mouthful; hitokuchi means mouthful.
いつごろ言[い]った,I said it about when; itsugoro means about when.
よく潜[ひそ]む,I often lurk; hisomu means to lurk.
やっぱり難関[なんかん]だ,it is a barrier after all; nankan means barrier.
体裁[ていさい]がある,there is an appearance; teisai means appearance.
効能[こうのう]を見[み]た,I saw an effect; kounou means effect.
これは俺[おれ]の呪術[じゅじゅつ]だ,this is my magic; jujutsu means magic.
問屋[とんや]とは何[なん]だ,what is a wholesale store; tonya means wholesale store.
大[おお]きな病状[びょうじょう]だ,it is a big condition of a patient; byoujou means condition of a patient.
それは研磨[けんま]じゃない,that is not a grinding; kemma means grinding.
立[た]て直[なお]しの事[こと]を言[い]っている,I am talking about a revamping; tatenaoshi means revamping.
その腐食[ふしょく]が欲[ほ]しい,I want that rot; fushoku means rot.
このピンポンを知[し]っているか,do you know this ping-pong; pimpon means ping-pong.
即刻[そっこく]言[い]った,I said it immediately; sokkoku means immediately.
同化[どうか]が必要[ひつよう]だ,an assimilation is needed; douka means assimilation.
これは対外[たいがい]だ,this is an external; taigai means external.
本当[ほんとう]の晩餐[ばんさん]だ,it is a real dinner; bansan means dinner.
翁[おきな]じゃない,it is not an old man; okina means old man.
それを冷[ひ]やす,I will cool that; hiyasu means to cool.
南方[なんぽう]がある,there is the south; nampou means the south.
明日[あした]振[ふ]る舞[ま]う,I will behave tomorrow; furumau means to behave.
これは俺[おれ]の発泡[はっぽう]だ,this is my foaming; happou means foaming.
皆[みんな]で追[お]い込[こ]む,all of us herd; oikomu means to herd.
大[おお]きな退避[たいひ]だ,it is a big taking refuge; taihi means taking refuge.
よく飛[と]び込[こ]む,I often jump in; tobikomu means to jump in.
ポータルの事[こと]を言[い]っている,I am talking about a portal; pootaru means portal.
その信憑[しんぴょう]が欲[ほ]しい,I want that trust; shimpyou means trust.
皆[みんな]強靭[きょうじん]だ,everyone is tough; kyoujin means tough.
温存[おんぞん]を探[さが]している,I am looking for a preservation; onzon means preservation.
生[い]き生[い]き言[い]った,I said it in a lively way; ikiiki means in a lively way.
何[なに]を習[なら]うのか,what do you take lessons in; narau means to take lessons in.
本当[ほんとう]の隣[とな]りだ,it is a real next; tonari means next.
健闘[けんとう]じゃない,it is not a fighting bravely; kentou means fighting bravely.
すごく安泰[あんたい]だ,it is really security; antai means security.
桃色[ももいろ]がある,there is a pink; momoiro means pink.
皆[みんな]眩[まぶ]しい,everyone is dazzling; mabushii means dazzling.
これは俺[おれ]のぶどうだ,this is my grape; budou means grape.
たまに読[よ]み取[とれ]る,I read and understand once in a while; yomitoreru means to read and understand.
大[おお]きな逃[に]げ場[ば]だ,it is a big refuge; nigeba means refuge.
それはハンデじゃない,that is not a handicap; hande means handicap.
これは不滅[ふめつ]だ,this one is immortal; fumetsu means immortal.
その処遇[しょぐう]が欲[ほ]しい,I want that treatment; shoguu means treatment.
この失脚[しっきゃく]を知[し]っているか,do you know this losing one's position; shikkyaku means losing one's position.
皆[みんな]で濡[ぬ]れる,all of us get wet; nureru means to get wet.
禁忌[きんき]が必要[ひつよう]だ,a taboo is needed; kinki means taboo.
これは聖霊[せいれい]だ,this is the Holy Ghost; seirei means the Holy Ghost.
本当[ほんとう]の背徳[はいとく]だ,it is a real corruption; haitoku means corruption.
蛇口[じゃぐち]じゃない,it is not a faucet; jaguchi means faucet.
人為[じんい]がある,there is a human work; jini means human work.
元凶[げんきょう]を見[み]た,I saw a ringleader; genkyou means ringleader.
これは俺[おれ]の取[と]り分[ぶん]だ,this is my one's share; toribun means one's share.
嗅覚[きゅうかく]とは何[なん]だ,what is a sense of smell; kyuukaku means sense of smell.
明日[あした]囲[かこ]む,I will surround tomorrow; kakomu means to surround.
それは子分[こぶん]じゃない,that is not a henchman; kobun means henchman.
悪行[あくぎょう]の事[こと]を言[い]っている,I am talking about a misdeed; akugyou means misdeed.
その推論[すいろん]が欲[ほ]しい,I want that inference; suiron means inference.
この楼[ろう]を知[し]っているか,do you know this tower; rou means tower.
死骸[しがい]を探[さが]している,I am looking for a body; shigai means body.
秘儀[ひぎ]が必要[ひつよう]だ,a secret ceremony is needed; higi means secret ceremony.
これは太古[たいこ]だ,this is an ancient times; taiko means ancient times.
すごく平坦[へいたん]だ,it is really even; heitan means even.
やっぱり晩御飯[ばんごはん]だ,it is a dinner after all; bangohan means dinner.
秘匿[ひとく]がある,there is a hiding; hitoku means hiding.
衰弱[すいじゃく]を見[み]た,I saw a weakness; suijaku means weakness.
これは俺[おれ]の逸話[いつわ]だ,this is my anecdote; itsuwa means anecdote.
皆[みんな]達者[たっしゃ]だ,everyone is in good health; tassha means in good health.
大[おお]きなブレスだ,it is a big breath; buresu means breath.
それは万事[ばんじ]じゃない,that is not an all; banji means all.
それは不毛[ふもう]だ,that one is barren; fumou means barren.
その偉業[いぎょう]が欲[ほ]しい,I want that great achievement; igyou means great achievement.
この士気[しき]を知[し]っているか,do you know this morale; shiki means morale.
昏睡[こんすい]を探[さが]している,I am looking for a coma; konsui means coma.
明日[あした]洒落込[しゃれこ]む,I will get dressed up tomorrow; sharekomu means to get dressed up.
明日[あした]潰[つぶ]れる,I will be crushed tomorrow; tsubureru means to be crushed.
本当[ほんとう]の辛抱[しんぼう]だ,it is a real patience; shimbou means patience.
テレパシーじゃない,it is not a telepathy; terepashi means telepathy.
ヘイ,hey; hei means hey.
よく包[つつ]む,I often wrap up; tsutsumu means to wrap up.
囮[おとり]を見[み]た,I saw a live decoy; otori means live decoy.
すごく奇遇[きぐう]だ,it is really unexpected meeting; kiguu means unexpected meeting.
思慮[しりょ]とは何[なん]だ,what is a prudence; shiryo means prudence.
楽々[らくらく]いい,it is comfortably good; rakuraku means comfortably.
特注[とくちゅう]の事[こと]を言[い]っている,I am talking about a special order; tokuchuu means special order.
その率先[そっせん]が欲[ほ]しい,I want that taking the initiative; sossen means taking the initiative.
皆[みんな]異質[いしつ]だ,everyone is different; ishitsu means different.
純度[じゅんど]を探[さが]している,I am looking for a purity; jundo means purity.
今[いま]詰[つ]める,now I stuff into; tsumeru means to stuff into.
これは財宝[ざいほう]だ,this is a treasure; zaihou means treasure.
皆[みんな]身勝手[みがって]だ,everyone is selfish; migatte means selfish.
辺境[へんきょう]じゃない,it is not a remote region; henkyou means remote region.
やっぱりシャットだ,it is a shut after all; shatto means shut.
スタンがある,there is a stun; sutan means stun.
それを任[にん]ずる,I will appoint that; ninzuru means to appoint.
何[なに]を傾[かたむ]けるのか,what do you incline; katamukeru means to incline.
叫[さけ]び声[ごえ]とは何[なん]だ,what is a shout; sakebigoe means shout.
大[おお]きな帳簿[ちょうぼ]だ,it is a big account book; choubo means account book.
皆[みんな]で移[うつ]し替[か]える,all of us shift something to; utsushikaeru means to shift something to.
キャラバンの事[こと]を言[い]っている,I am talking about a caravan; kyaraban means caravan.
皆[みんな]好[この]ましい,everyone is nice; konomashii means nice.
この成[な]り立[た]ちを知[し]っているか,do you know this the way in which something came about; naritachi means the way in which something came about.
新参[しんざん]を探[さが]している,I am looking for a newcomer; shinzan means newcomer.
甘[あま]みが必要[ひつよう]だ,a sweetness is needed; amami means sweetness.
本当[ほんとう]の見世物[みせもの]だ,it is a real misemono; misemono means misemono.
人選[じんせん]じゃない,it is not a selecting a suitable person; jinsen means selecting a suitable person.
やっぱり専売[せんばい]だ,it is a monopoly after all; sembai means monopoly.
推察[すいさつ]がある,there is a guess; suisatsu means guess.
植[う]え付[つ]けを見[み]た,I saw a planting; uetsuke means planting.
今[いま]漏[も]れる,now I leak out; moreru means to leak out.
盆踊[ぼんおど]りとは何[なん]だ,what is a Bon Festival dance; bonodori means Bon Festival dance.
皆[みんな]微笑[ほほえ]ましい,everyone is heartwarming; hohoemashii means heartwarming.
それは技量[ぎりょう]じゃない,that is not an ability; giryou means ability.
波乱[はらん]の事[こと]を言[い]っている,I am talking about a disturbance; haran means disturbance.
長々[ながなが]した,I did it for a long time; naganaga means for a long time.
このイルミネーションを知[し]っているか,do you know this illumination; irumineeshon means illumination.
凄腕[すごうで]を探[さが]している,I am looking for a remarkable ability; sugoude means remarkable ability.
明日[あした]努[つと]める,I will endeavor tomorrow; tsutomeru means to endeavor.
これは手品[てじな]だ,this is a magic; tejina means magic.
本当[ほんとう]の殴[なぐ]り合[あ]いだ,it is a real fist fight; naguriai means fist fight.
今[いま]深[ふか]まる,now I deepen; fukamaru means to deepen.
こてんぱんいい,it is completely good; kotempan means completely.
チョップがある,there is a chop; choppu means chop.
弾力[だんりょく]を見[み]た,I saw an elasticity; danryoku means elasticity.
とても憂[う]い,it is very unhappy; ui means unhappy.
大[おお]きな棒読[ぼうよ]みだ,it is a big reading in a monotone; bouyomi means reading in a monotone.
それは段落[だんらく]じゃない,that is not a paragraph; danraku means paragraph.
それは気[き]さくだ,that one is friendly; kisaku means friendly.
皆[みんな]潔白[けっぱく]だ,everyone is innocence; keppaku means innocence.
この激痛[げきつう]を知[し]っているか,do you know this sharp pain; gekitsuu means sharp pain.
めどを探[さが]している,I am looking for an aim; medo means aim.
ちょっと鈍[にぶ]い,it is a bit slow; nibui means slow.
せっせとした,I did it diligently; sesseto means diligently.
バスターじゃない,it is not a fake bunt; basuta means fake bunt.
俺[おれ]が取[と]り成[な]す,I am the one who will mediate; torinasu means to mediate.
ひまわりがある,there is a sunflower; himawari means sunflower.
婿[むこ]を見[み]た,I saw a husband; muko means husband.
これは俺[おれ]の完敗[かんぱい]だ,this is my complete defeat; kampai means complete defeat.
一緒[いっしょ]に打[う]ち込[こ]む,we will drive in together; uchikomu means to drive in.
大[おお]きな旋風[せんぷう]だ,it is a big whirlwind; sempuu means whirlwind.
今[いま]締[し]める,now I tie; shimeru means to tie.
その人名[じんめい]が欲[ほ]しい,I want that person's name; jimmei means person's name.
この再演[さいえん]を知[し]っているか,do you know this another showing; saien means another showing.
再起[さいき]を探[さが]している,I am looking for a comeback; saiki means comeback.
俺[おれ]が抜[ぬ]け出[だ]す,I am the one who will slip out; nukedasu means to slip out.
これは挽回[ばんかい]だ,this is a recovery; bankai means recovery.
本当[ほんとう]の死闘[しとう]だ,it is a real life or death struggle; shitou means life or death struggle.
粘[ねば]りじゃない,it is not a stickiness; nebari means stickiness.
一緒[いっしょ]に装[よそお]う,we will dress together; yosoou means to dress.
通[とお]りすがりがある,there is a passing by; toorisugari means passing by.
隠滅[いんめつ]を見[み]た,I saw a destruction; immetsu means destruction.
これは俺[おれ]の難題[なんだい]だ,this is my difficult problem; nandai means difficult problem.
ぞっと言[い]った,I said it shuddering; zotto means shuddering.
ぼけっとなった,it turned out absent-mindedly; boketto means absent-mindedly.
それは戦勝[せんしょう]じゃない,that is not a winning a war; senshou means winning a war.
擁立[ようりつ]の事[こと]を言[い]っている,I am talking about a backing; youritsu means backing.
すごく狡猾[こうかつ]だ,it is really sly; koukatsu means sly.
それは純真[じゅんしん]だ,that one is pure; junshin means pure.
結託[けったく]を探[さが]している,I am looking for a conspiracy; kettaku means conspiracy.
サンダーが必要[ひつよう]だ,a thunder is needed; sanda means thunder.
すごく奔放[ほんぽう]だ,it is really wild; hompou means wild.
本当[ほんとう]の幕開[まくあ]けだ,it is a real rise of the curtain; makuake means rise of the curtain.
皆[みんな]怠慢[たいまん]だ,everyone is negligence; taiman means negligence.
やっぱり極楽[ごくらく]だ,it is a Sukhavati after all; gokuraku means Sukhavati.
水辺[みずべ]がある,there is water's edge; mizube means water's edge.
行[ゆ]き場[ば]を見[み]た,I saw a place to go; yukiba means place to go.
俺[おれ]が裁[さば]く,I am the one who will judge; sabaku means to judge.
飛来[ひらい]とは何[なん]だ,what is a coming flying in; hirai means coming flying in.
大[おお]きな体積[たいせき]だ,it is a big capacity; taiseki means capacity.
それは国名[こくめい]じゃない,that is not a country name; kokumei means country name.
害悪[がいあく]の事[こと]を言[い]っている,I am talking about a harm; gaiaku means harm.
皆[みんな]で強[つよ]まる,all of us get strong; tsuyomaru means to get strong.
この応戦[おうせん]を知[し]っているか,do you know this fighting back; ousen means fighting back.
よく撒[ま]く,I often scatter; maku means to scatter.
総帥[そうすい]が必要[ひつよう]だ,a commander-in-chief is needed; sousui means commander-in-chief.
これは聡明[そうめい]だ,this one is wise; soumei means wise.
本当[ほんとう]の落[お]ち度[ど]だ,it is a real mistake; ochido means mistake.
防音[ぼうおん]じゃない,it is not a soundproofing; bouon means soundproofing.
くまなくいい,it is all over good; kumanaku means all over.
ちぇっ、分[わ]かった,tsk I understand; chet means tsk.
ブレークを見[み]た,I saw a break; bureeku means break.
これは俺[おれ]の外界[がいかい]だ,this is my outside world; gaikai means outside world.
皆[みんな]屈強[くっきょう]だ,everyone is robust; kukkyou means robust.
これは崇高[すうこう]だ,this one is lofty; suukou means lofty.
それは混血[こんけつ]じゃない,that is not a mixed race; konketsu means mixed race.
野性[やせい]の事[こと]を言[い]っている,I am talking about a wildness; yasei means wildness.
その難問[なんもん]が欲[ほ]しい,I want that perplexity; nammon means perplexity.
この顛末[てんまつ]を知[し]っているか,do you know this details; temmatsu means details.
俺[おれ]が作[つく]り上[あ]げる,I am the one who will build up; tsukuriageru means to build up.
筋合[すじあ]いが必要[ひつよう]だ,a reason is needed; sujiai means reason.
これは総力[そうりょく]だ,this is a total energy; souryoku means total energy.
本当[ほんとう]の覇王[はおう]だ,it is a real supreme ruler; haou means supreme ruler.
進級[しんきゅう]じゃない,it is not a promotion; shinkyuu means promotion.
やっぱり防空[ぼうくう]だ,it is an air defense after all; boukuu means air defense.
太刀打[た]ちがある,there is a crossing swords; tachiuchi means crossing swords.
得策[とくさく]を見[み]た,I saw a good policy; tokusaku means good policy.
これは俺[おれ]の草木[くさき]だ,this is my plants; kusaki means plants.
それは軟弱[なんじゃく]だ,that one is soft and lacking firmness; nanjaku means soft and lacking firmness.
大[おお]きな下限[かげん]だ,it is a big lower limit; kagen means lower limit.
それは戴冠[たいかん]じゃない,that is not a coronation; taikan means coronation.
激動[げきどう]の事[こと]を言[い]っている,I am talking about a violent shock; gekidou means violent shock.
それは剥[む]き出[だ]しだ,that one is naked; mukidashi means naked.
この幼馴染[おさななじ]みを知[し]っているか,do you know this childhood friend; osananajimi means childhood friend.
急所[きゅうしょ]を探[さが]している,I am looking for a vital part; kyuusho means vital part.
挙[あ]げ句[く]言[い]った,I said it after; ageku means after.
これは手中[しゅちゅう]だ,this is an in one's hands; shuchuu means in one's hands.
皆[みんな]目障[めざわ]りだ,everyone is eyesore; mezawari means eyesore.
これから立[た]て直[なお]す,I will put back up from now on; tatenaosu means to put back up.
それは罪深[つみぶか]い,that one is sinful; tsumibukai means sinful.
この香[こう]ばしいやつだ,it is this aromatic one; koubashii means aromatic.
皆[みんな]せっかちだ,everyone is hasty; sekkachi means hasty.
明日[あした]もてる,I will be able to possess tomorrow; moteru means to be able to possess.
セイバーとは何[なん]だ,what is a Saber; seiba means Saber.
それは不覚[ふかく]だ,that one is failure; fukaku means failure.
それは円周[えんしゅう]じゃない,that is not a circumference; enshuu means circumference.
剣術[けんじゅつ]の事[こと]を言[い]っている,I am talking about a fencing; kenjutsu means fencing.
そのてだてが欲[ほ]しい,I want that means; tedate means means.
とてもかゆい,it is very itchy; kayui means itchy.
繭[まゆ]を探[さが]している,I am looking for a cocoon; mayu means cocoon.
ちゃんと転[ころ]がる,I roll properly; korogaru means to roll.
すごくばらばらだ,it is really scattered; barabara means scattered.
俺[おれ]が出回[でまわ]る,I am the one who will appear on the market; demawaru means to appear on the market.
それを取[と]り消[け]す,I will cancel that; torikesu means to cancel.
やっぱり壕[ごう]だ,it is a moat after all; gou means moat.
もくろみがある,there is a plan; mokuromi means plan.
一緒[いっしょ]にいいはる,we will insist together; iiharu means to insist.
これは俺[おれ]のソーマだ,this is my soma; sooma means soma.
安住[あんじゅう]とは何[なん]だ,what is a living in peace; anjuu means living in peace.
よく敷[し]く,I often spread out; shiku means to spread out.
それは陰口[かげぐち]じゃない,that is not malicious gossip; kageguchi means malicious gossip.
たまにからかう,I tease once in a while; karakau means to tease.
その神事[しんじ]が欲[ほ]しい,I want that divine work; shinji means divine work.
すごくあやふやだ,it is really uncertain; ayafuya means uncertain.
ぼろを探[さが]している,I am looking for a rag; boro means rag.
一蹴[いっしゅう]が必要[ひつよう]だ,a flatly rejecting is needed; isshuu means flatly rejecting.
これは償[つぐな]いだ,this is a recompense; tsugunai means recompense.
一緒[いっしょ]に叱[しか]る,we will scold together; shikaru means to scold.
幽閉[ゆうへい]じゃない,it is not a confinement; yuuhei means confinement.
皆[みんな]段違[だんちが]いだ,everyone is wildly different; danchigai means wildly different.
湖畔[こはん]がある,there is a lakeside; kohan means lakeside.
これから荒[あ]らす,I will lay waste from now on; arasu means to lay waste.
これは俺[おれ]の進呈[しんてい]だ,this is my presentation; shintei means presentation.
冷[ひ]や汗[あせ]とは何[なん]だ,what is a cold sweat; hiyaase means cold sweat.
大[おお]きな時分[じぶん]だ,it is a big time; jibun means time.
その内情[ないじょう]が欲[ほ]しい,I want that internal conditions; naijou means internal conditions.
この怨念[おんねん]を知[し]っているか,do you know this deep-seated grudge; onnen means deep-seated grudge.
皆[みんな]で盛[も]る,all of us become vigorous; moru means to become vigorous.
鼓[つづみ]が必要[ひつよう]だ,a tsuzumi is needed; tsuzumi means tsuzumi.
それはさり気無[げな]い,that one is nonchalant; sarigenai means nonchalant.
本当[ほんとう]のマテリアルだ,it is a real material; materiaru means material.
考[かんが]え事[ごと]じゃない,it is not a something to think about; kangaegoto means something to think about.
やっぱり隔絶[かくぜつ]だ,it is an isolation after all; kakuzetsu means isolation.
黒檜[くろべ]がある,there is a Japanese arborvitae; kurobe means Japanese arborvitae.
伴侶[はんりょ]を見[み]た,I saw a companion; hanryo means companion.
それは味気無[あじけな]い,that one is wearisome; ajikenai means wearisome.
明日[あした]弄[いじ]くる,I will finger tomorrow; ijikuru means to finger.
皆[みんな]懇意[こんい]だ,everyone is friendship; koni means friendship.
皆[みんな]で漁[あさ]る,all of us look for; asaru means to look for.
今[いま]省[はぶ]く,now I omit; habuku means to omit.
その薬指[くすりゆび]が欲[ほ]しい,I want that ring finger; kusuriyubi means ring finger.
これから語[かた]り合[あ]う,I will talk together from now on; katariau means to talk together.
エスケープを探[さが]している,I am looking for an escape; esukeepu means escape.
内通[ないつう]が必要[ひつよう]だ,a secret communication is needed; naitsuu means secret communication.
かえってなった,it turned out on the contrary; kaette means on the contrary.
それを吸[す]い込[こ]む,I will inhale that; suikomu means to inhale.
敗因[はいいん]じゃない,it is not a cause of defeat; haiin means cause of defeat.
やっぱり松茸[まつたけ]だ,it is a matsutake mushroom after all; matsutake means matsutake mushroom.
機転[きてん]がある,there is a quick-wittedness; kiten means quick-wittedness.
生[い]き甲斐[がい]を見[み]た,I saw a reason for living; ikigai means reason for living.
今[いま]連[つら]なる,now I extend; tsuranaru means to extend.
よく道化[どうけ]る,I often jest; doukeru means to jest.
大[おお]きな養分[ようぶん]だ,it is a big nutrient; youbun means nutrient.
それはスコーンじゃない,that is not a scone; sukoon means scone.
ホイッスルの事[こと]を言[い]っている,I am talking about a whistle; hoissuru means whistle.
俺[おれ]が切[き]り裂[さ]く,I am the one who will cut up; kirisaku means to cut up.
この大漁[たいりょう]を知[し]っているか,do you know this big catch; tairyou means big catch.
何[なに]を引[ひ]き渡[わた]すのか,what do you deliver; hikiwatasu means to deliver.
これは温[あたた]かだ,this one is warm; atataka means warm.
これは片腕[かたうで]だ,this is one arm; kataude means one arm.
本当[ほんとう]の狂言[きょうげん]だ,it is a real kyogen; kyougen means kyogen.
野宿[のじゅく]じゃない,it is not a sleeping outdoors; nojuku means sleeping outdoors.
やっぱり鋼材[こうざい]だ,it is a steel material after all; kouzai means steel material.
静[しず]けさがある,there is a stillness; shizukesa means stillness.
ラビリンスを見[み]た,I saw a labyrinth; rabirinsu means labyrinth.
これは俺[おれ]の字面[じづら]だ,this is my appearance of written words; jizura means appearance of written words.
大[おお]きな流水[りゅうすい]だ,it is a big running water; ryuusui means running water.
それは眷属[けんぞく]じゃない,that is not a family; kenzoku means family.
鞍替[くらが]えの事[こと]を言[い]っている,I am talking about a changing; kuragae means changing.
その不測[ふそく]が欲[ほ]しい,I want that unexpected; fusoku means unexpected.
この働[はたら]き者[もの]を知[し]っているか,do you know this hard worker; hatarakimono means hard worker.
今[いま]掻[か]き消[け]す,now I erase; kakikesu means to erase.
臣下[しんか]が必要[ひつよう]だ,a retainer is needed; shinka means retainer.
これは苛々[いらいら]だ,this is a to get irritated; iraira means to get irritated.
本当[ほんとう]の鉄槌[てっつい]だ,it is a real iron hammer; tettsui means iron hammer.
銀髪[ぎんぱつ]じゃない,it is not a silver hair; gimpatsu means silver hair.
俺[おれ]が呼[よ]び込[こ]む,I am the one who will call in; yobikomu means to call in.
これは安直[あんちょく]だ,this one is simple; anchoku means simple.
尻拭[しりぬぐ]いを見[み]た,I saw a cleaning up someone else's mess; shirinugui means cleaning up someone else's mess.
明日[あした]苛[いら]つく,I will get irritated tomorrow; iratsuku means to get irritated.
薬効[やっこう]とは何[なん]だ,what is a medical efficacy; yakkou means medical efficacy.
皆[みんな]で踏[ふ]み荒[あ]らす,all of us trample; fumiarasu means to trample.
それは鍛造[たんぞう]じゃない,that is not a forging; tanzou means forging.
よく怠[おこた]る,I often neglect; okotaru means to neglect.
その悪態[あくたい]が欲[ほ]しい,I want that abusive language; akutai means abusive language.
この暴食[ぼうしょく]を知[し]っているか,do you know this overeating; boushoku means overeating.
木槌[きづち]を探[さが]している,I am looking for a wooden hammer; kizuchi means wooden hammer.
絶命[ぜつめい]が必要[ひつよう]だ,an end of life is needed; zetsumei means end of life.
それは薄汚[うすぎたな]い,that one is filthy; usugitanai means filthy.
貴公[きこう]の事[こと]を言[い]っている,I am talking about you; kikou means you.
皆[みんな]近[ちか]しい,everyone is intimate; chikashii means intimate.
やっぱり遺志[いし]だ,it is wishes of a deceased person after all; ishi means wishes of a deceased person.
介在[かいざい]がある,there is an existing; kaizai means existing.
これは稚拙[ちせつ]だ,this one is unskillful; chisetsu means unskillful.
これは俺[おれ]の影武者[かげむしゃ]だ,this is my body double; kagemusha means body double.
日当[にっとう]とは何[なん]だ,what is a daily allowance; nittou means daily allowance.
ちゃんと早[はや]まる,I am brought forward properly; hayamaru means to be brought forward.
それはいじめじゃない,that is not a bullying; ijime means bullying.
しぶきの事[こと]を言[い]っている,I am talking about a spray; shibuki means spray.
そのナイトメアが欲[ほ]しい,I want that nightmare; naitomea means nightmare.
この受諾[じゅだく]を知[し]っているか,do you know this acceptance; judaku means acceptance.
着付[きつ]けを探[さが]している,I am looking for a dressing; kitsuke means dressing.
引率[いんそつ]が必要[ひつよう]だ,a leading is needed; insotsu means leading.
これは持[も]ちねただ,this is a trademark gag; mochineta means trademark gag.
本当[ほんとう]の渇望[かつぼう]だ,it is a real craving; katsubou means craving.
貸[か]し借[か]りじゃない,it is not a lending and borrowing; kashikari means lending and borrowing.
これから降[ふ]り注[そそ]ぐ,I will rain incessantly from now on; furisosogu means to rain incessantly.
首尾[しゅび]がある,there is a beginning and end; shubi means beginning and end.
皆[みんな]低俗[ていぞく]だ,everyone is vulgar; teizoku means vulgar.
俺[おれ]が吹[ふ]き込[こ]む,I am the one who will blow in; fukikomu means to blow in.
懐柔[かいじゅう]とは何[なん]だ,what is a winning over; kaijuu means winning over.
何[なに]を撫[な]でるのか,what do you stroke; naderu means to stroke.
それは茶会[ちゃかい]じゃない,that is not a tea party; chakai means tea party.
そのいいのがれが欲[ほ]しい,I want that evasion; iinogare means evasion.
この語呂[ごろ]を知[し]っているか,do you know this sound; goro means sound.
錯綜[さくそう]を探[さが]している,I am looking for a becoming complicated; sakusou means becoming complicated.
飲[の]み込[こ]みが必要[ひつよう]だ,a swallowing is needed; nomikomi means swallowing.
ちゃんと伏[ふ]せる,I lie down properly; fuseru means to lie down.
本当[ほんとう]の別室[べっしつ]だ,it is a real separate room; besshitsu means separate room.
橋渡[は]しじゃない,it is not a mediation; hashiwatashi means mediation.
やっぱり石[いし]ころだ,it is a stone after all; ishikoro means stone.
箱入[はこい]りがある,there is a cased; hakoiri means cased.
見回[みまわ]りを見[み]た,I saw a patrolling; mimawari means patrolling.
これは俺[おれ]の透[す]かしだ,this is my watermark; sukashi means watermark.
露店[ろてん]とは何[なん]だ,what is a street stall; roten means street stall.
大[おお]きな顕現[けんげん]だ,it is a big manifestation; kengen means manifestation.
とてもおっかない,it is very frightening; okkanai means frightening.
しょっぱなの事[こと]を言[い]っている,I am talking about a beginning; shoppana means beginning.
その田植[たう]えが欲[ほ]しい,I want that rice planting; taue means rice planting.
レシーブを探[さが]している,I am looking for a receiving; reshiibu means receiving.
倍数[ばいすう]が必要[ひつよう]だ,a multiple is needed; baisuu means multiple.
これは刺突[しとつ]だ,this is a stabbing; shitotsu means stabbing.
本当[ほんとう]の吹聴[ふいちょう]だ,it is a real spreading around; fuichou means spreading around.
一緒[いっしょ]に悔[く]やむ,we will mourn together; kuyamu means to mourn.
やっぱり肥[こえ]だ,it is a manure after all; koe means manure.
裁断[さいだん]がある,there is a cutting; saidan means cutting.
複写[ふくしゃ]を見[み]た,I saw a copying; fukusha means copying.
これは俺[おれ]の跡形[あとかた]だ,this is my trace; atokata means trace.
すごくくどい,it is really repetitious; kudoi means repetitious.
大[おお]きなバインドだ,it is a big binding; baindo means binding.
俺[おれ]が引[ひ]き返[かえ]す,I am the one who will turn back; hikikaesu means to turn back.
激震[げきしん]の事[こと]を言[い]っている,I am talking about a severe earthquake; gekishin means severe earthquake.
皆[みんな]あいにくだ,everyone is unfortunately; ainiku means unfortunately.
このいいねを知[し]っているか,do you know this asking price; iine means asking price.
誠心[せいしん]を探[さが]している,I am looking for a sincerity; seishin means sincerity.
金策[きんさく]が必要[ひつよう]だ,a raising money is needed; kinsaku means raising money.
今[いま]面[めん]する,now I face on; mensuru means to face on.
本当[ほんとう]の二流[にりゅう]だ,it is a real second-rate; niryuu means second-rate.
定石[じょうせき]じゃない,it is not a standard practice; jouseki means standard practice.
ちゃんとあらがう,I go against properly; aragau means to go against.
ちゃんと突[つ]き出[だ]す,I push out properly; tsukidasu means to push out.
落着[らくちゃく]を見[み]た,I saw a being settled; rakuchaku means being settled.
これは俺[おれ]のいさかいだ,this is my quarrel; isakai means quarrel.
走破[そうは]とは何[なん]だ,what is a running the whole distance; souha means running the whole distance.
こんがりいい,it is well-cooked good; kongari means well-cooked.
これは不浄[ふじょう]だ,this one is unclean; fujou means unclean.
皆[みんな]で仰[あお]ぐ,all of us look up; aogu means to look up.
平然[へいぜん]なった,it turned out calm; heizen means calm.
よく弱[よわ]める,I often weaken; yowameru means to weaken.
これからうるおう,I will become moist from now on; uruou means to become moist.
陽動[ようどう]が必要[ひつよう]だ,a diversion is needed; youdou means diversion.
ちゃんと食[く]らわせる,I make someone eat properly; kurawaseru means to make someone eat.
すごくいさぎよい,it is really gracious; isagiyoi means gracious.
戦意[せんい]じゃない,it is not a will to fight; seni means will to fight.
やっぱり揺[ゆ]さぶりだ,it is a shaking after all; yusaburi means shaking.
みずのみがある,there is a drinking water; mizunomi means drinking water.
生気[せいき]を見[み]た,I saw a life; seiki means life.
これは至難[しなん]だ,this one is most difficult; shinan means most difficult.
賽銭[さいせん]とは何[なん]だ,what is a monetary offering; saisen means monetary offering.
大[おお]きな雑煮[ぞうに]だ,it is a big soup containing rice cakes and vegetables; zouni means soup containing rice cakes and vegetables.
それは霊力[れいりょく]じゃない,that is not a spiritual power; reiryoku means spiritual power.
フェイントの事[こと]を言[い]っている,I am talking about a feint; feinto means feint.
そのいのちごいが欲[ほ]しい,I want that begging for one's life; inochigoi means begging for one's life.
俺[おれ]が引[ひ]っ掛[か]かる,I am the one who will be caught in; hikkakaru means to be caught in.
日日[ひにち]を探[さが]している,I am looking for a daily; hinichi means daily.
根絶[ねだ]やしが必要[ひつよう]だ,a rooting up is needed; nedayashi means rooting up.
これは白虎[びゃっこ]だ,this is a White Tiger; byakko means White Tiger.
本当[ほんとう]の礼服[れいふく]だ,it is a real formal dress; reifuku means formal dress.
避暑[ひしょ]じゃない,it is not an escaping the summer heat; hisho means escaping the summer heat.
がんがんした,I did it clanging; gangan means clanging.
ほくほく言[い]った,I said it soft and flaky; hokuhoku means soft and flaky.
これからもめる,I will disagree from now on; momeru means to disagree.
これは俺[おれ]の早[はや]とちりだ,this is my jumping to a wrong conclusion; hayatochiri means jumping to a wrong conclusion.
ありさまとは何[なん]だ,what is a state; arisama means state.
大[おお]きな珍味[ちんみ]だ,it is a big delicacy; chimmi means delicacy.
やたらなった,it turned out indiscriminately; yatara means indiscriminately.
石畳[いしだたみ]の事[こと]を言[い]っている,I am talking about a stone paving; ishidatami means stone paving.
明日[あした]罵[ののし]る,I will abuse tomorrow; nonoshiru means to abuse.
しんみり言[い]った,I said it quietly; shimmiri means quietly.
皆[みんな]でぶん殴[なぐ]る,all of us hit hard; bunnaguru means to hit hard.
これは互助[ごじょ]だ,this is a mutual aid; gojo means mutual aid.
本当[ほんとう]の命取[いのちと]りだ,it is a real fatal; inochitori means fatal.
微力[びりょく]じゃない,it is not a little power; biryoku means little power.
ちゃんとききだす,I get out of someone properly; kikidasu means to get out of someone.
どさくさがある,there is a confusion; dosakusa means confusion.
レフェリーを見[み]た,I saw a referee; referi means referee.
それは一徹[いってつ]だ,that one is obstinate; ittetsu means obstinate.
博識[はくしき]とは何[なん]だ,what is an extensive knowledge; hakushiki means extensive knowledge.
大[おお]きな名分[めいぶん]だ,it is a big moral duty; meibun means moral duty.
皆[みんな]で弔[とむら]う,all of us mourn for; tomurau means to mourn for.
愁傷[しゅうしょう]の事[こと]を言[い]っている,I am talking about a grief; shuushou means grief.
その欠[か]き氷[ごおり]が欲[ほ]しい,I want that shaved ice; kakigoori means shaved ice.
これから目論[もくろ]む,I will plan from now on; mokuromu means to plan.
たまに見破[みやぶ]る,I see through once in a while; miyaburu means to see through.
謀反[むほん]が必要[ひつよう]だ,a rebellion is needed; muhon means rebellion.
これは鼻息[はないき]だ,this is a nasal breathing; hanaiki means nasal breathing.
ばんばんした,I did it very much; bamban means very much.
勘当[かんどう]じゃない,it is not a disinheritance; kandou means disinheritance.
明日[あした]くじく,I will sprain tomorrow; kujiku means to sprain.
皆[みんな]で立[た]ち会[あ]う,all of us am present; tachiau means to be present.
絵葉書[えはがき]を見[み]た,I saw a picture postcard; ehagaki means picture postcard.
今[いま]蓄[たくわ]える,now I store; takuwaeru means to store.
それはないがしろだ,that one is slight; naigashiro means slight.
大[おお]きな剪定[せんてい]だ,it is a big pruning; sentei means pruning.
たまに嗜[たしな]む,I have a taste for once in a while; tashinamu means to have a taste for.
ちゃんと惑[まど]わす,I bewilder properly; madowasu means to bewilder.
その未曾有[みぞう]が欲[ほ]しい,I want that unprecedented; mizou means unprecedented.
この本隊[ほんたい]を知[し]っているか,do you know this main body; hontai means main body.
鬼神[きしん]を探[さが]している,I am looking for a fierce god; kishin means fierce god.
明日[あした]形作[かたちづく]る,I will form tomorrow; katachizukuru means to form.
これはともしびだ,this is a light; tomoshibi means light.
本当[ほんとう]の策謀[さくぼう]だ,it is a real strategy; sakubou means strategy.
体得[たいとく]じゃない,it is not a mastery; taitoku means mastery.
よく役立[やくだ]てる,I often put to use; yakudateru means to put to use.
掛[か]け算[ざん]がある,there is a multiplication; kakezan means multiplication.
暇潰[ひまつぶ]しを見[み]た,I saw a killing time; himatsubushi means killing time.
ちゃんとしみる,I soak properly; shimiru means to soak.
俺[おれ]が牛耳[ぎゅうじ]る,I am the one who will control; gyuujiru means to control.
大[おお]きな縁談[えんだん]だ,it is a big marriage proposal; endan means marriage proposal.
それは風上[かざかみ]じゃない,that is not a windward; kazakami means windward.
不敗[ふはい]の事[こと]を言[い]っている,I am talking about an undefeated; fuhai means undefeated.
その前略[ぜんりゃく]が欲[ほ]しい,I want that omitting the previous part; zenryaku means omitting the previous part.
この書状[しょじょう]を知[し]っているか,do you know this letter; shojou means letter.
今[いま]若返[わかがえ]る,now I am rejuvenated; wakagaeru means to be rejuvenated.
何[なん]たるやつだ,it is what one; nantaru means what.
これはいきづかいだ,this is a breathing; ikizukai means breathing.
ちゃんと恵[めぐ]まれる,I am blessed with properly; megumareru means to be blessed with.
ちゃんと籠[こ]もる,I shut oneself in properly; komoru means to shut oneself in.
やっぱり行司[ぎょうじ]だ,it is a referee after all; gyouji means referee.
プディングがある,there is a pudding; pudingu means pudding.
侍女[じじょ]を見[み]た,I saw a lady attendant; jijo means lady attendant.
明日[あした]唸[うな]る,I will groan tomorrow; unaru means to groan.
寝泊[ねと]まりとは何[なん]だ,what is a staying the night; netomari means staying the night.
大[おお]きな性根[しょうこん]だ,it is a big nature; shoukon means nature.
それは極大[きょくだい]だ,that one is maximum; kyokudai means maximum.
武人[ぶじん]の事[こと]を言[い]っている,I am talking about a military man; bujin means military man.
これから葬[ほうむ]る,I will bury from now on; houmuru means to bury.
この供物[くもつ]を知[し]っているか,do you know this offering; kumotsu means offering.
妖狐[ようこ]を探[さが]している,I am looking for a fox with supernatural powers; youko means fox with supernatural powers.
皆[みんな]悠長[ゆうちょう]だ,everyone is leisurely; yuuchou means leisurely.
これは水洗[すいせん]だ,this is a washing with water; suisen means washing with water.
深々[しんしん]言[い]った,I said it very deeply; shinshin means very deeply.
織機[しょっき]じゃない,it is not a loom; shokki means loom.
一緒[いっしょ]にいいきる,we will declare together; iikiru means to declare.
連[つ]れ込[こ]みがある,there is a taking one's lover to a hotel; tsurekomi means taking one's lover to a hotel.
ギョーザを見[み]た,I saw a gyoza; gyooza means gyoza.
これは俺[おれ]の乱心[らんしん]だ,this is my mental derangement; ranshin means mental derangement.
これから忍[しの]び寄[よ]る,I will creep up to from now on; shinobiyoru means to creep up to.
これは無粋[ぶすい]だ,this one is vulgar; busui means vulgar.
それは約定[やくじょう]じゃない,that is not an agreement; yakujou means agreement.
俺[おれ]が親[した]しむ,I am the one who will be intimate with; shitashimu means to be intimate with.
それを咎[とが]める,I will blame that; togameru means to blame.
明日[あした]禿[は]げる,I will lose hair tomorrow; hageru means to lose hair.
純然[じゅんぜん]言[い]った,I said it absolute; junzen means absolute.
芸当[げいとう]が必要[ひつよう]だ,a performance is needed; geitou means performance.
それは華々[はなばな]しい,that one is brilliant; hanabanashii means brilliant.
本当[ほんとう]の一興[いっきょう]だ,it is a real amusement; ikkyou means amusement.
よく引[ひ]き付[つ]ける,I often attract; hikitsukeru means to attract.
とても愛[あい]くるしい,it is very lovely; aikurushii means lovely.
統廃合[とうはいごう]がある,there is a reorganization; touhaigou means reorganization.
これはちゃちだ,this one is cheap; chachi means cheap.
これは俺[おれ]のしのぎだ,this is my food offered to attendants of a funeral; shinogi means food offered to attendants of a funeral.
勇姿[ゆうし]とは何[なん]だ,what is a brave figure; yuushi means brave figure.
名[な]だたるやつだ,it is famous one; nadataru means famous.
明日[あした]いかす,I will be smart tomorrow; ikasu means to be smart.
悶着[もんじゃく]の事[こと]を言[い]っている,I am talking about a trouble; monjaku means trouble.
その開墾[かいこん]が欲[ほ]しい,I want that cultivating new land; kaikon means cultivating new land.
この鮮血[せんけつ]を知[し]っているか,do you know this fresh blood; senketsu means fresh blood.
ピクシーを探[さが]している,I am looking for a pixie; pikushi means pixie.
妖術[ようじゅつ]が必要[ひつよう]だ,a magic is needed; youjutsu means magic.
これは立[た]ち見[み]だ,this is a watching while standing; tachimi means watching while standing.
本当[ほんとう]のミノタウロスだ,it is a real Minotaur; minotaurosu means Minotaur.
寝息[ねいき]じゃない,it is not a breathing of a sleeping person; neiki means breathing of a sleeping person.
明日[あした]砕[くだ]ける,I will break tomorrow; kudakeru means to break.
節穴[ふしあな]がある,there is a knothole; fushiana means knothole.
ドッペルゲンガーを見[み]た,I saw a doppelgänger; dopperugenga means doppelgänger.
とても憎[にく]たらしい,it is very odious; nikutarashii means odious.
残滓[ざんし]とは何[なん]だ,what is remains; zanshi means remains.
大[おお]きな囲炉裏[いろり]だ,it is a big sunken hearth; irori means sunken hearth.
よく溜[た]め込[こ]む,I often save up; tamekomu means to save up.
蝙蝠[こうもり]の事[こと]を言[い]っている,I am talking about a bat; koumori means bat.
たまに見過[みす]ごす,I let go by once in a while; misugosu means to let go by.
このアストラルを知[し]っているか,do you know this astral; asutoraru means astral.
俺[おれ]が呼[よ]び掛[か]ける,I am the one who will call out to; yobikakeru means to call out to.
それを曝[さら]け出[だ]す,I will expose that; sarakedasu means to expose.
ろくな事[こと]だ,it is satisfactory matter; rokuna means satisfactory.
明日[あした]慎[つつし]む,I will be careful tomorrow; tsutsushimu means to be careful.
皆[みんな]最深[さいしん]だ,everyone is deepest; saishin means deepest.
やっぱりぶすだ,it is a dried aconite root after all; busu means dried aconite root.
人徳[じんとく]がある,there is a natural virtue; jintoku means natural virtue.
いのちびろいを見[み]た,I saw a narrow escape from death; inochibiroi means narrow escape from death.
これは俺[おれ]の一考[いっこう]だ,this is my consideration; ikkou means consideration.
各個[かっこ]とは何[なん]だ,what is an every one; kakko means every one.
大[おお]きなよしあしだ,it is a big right or wrong; yoshiashi means right or wrong.
それを待[ま]ち構[かま]える,I will lie in wait that; machikamaeru means to lie in wait.
何[なに]を患[わずら]うのか,what do you be ill; wazurau means to be ill.
この高笑[たかわら]いを知[し]っているか,do you know this loud laughter; takawarai means loud laughter.
低位[ていい]を探[さが]している,I am looking for a lower position; teii means lower position.
皆[みんな]忌[い]まわしい,everyone is abhorrent; imawashii means abhorrent.
今[いま]うちくだく,now I smash; uchikudaku means to smash.
よく連[つ]れ込[こ]む,I often bring; tsurekomu means to bring.
麗人[れいじん]じゃない,it is not a beautiful woman; reijin means beautiful woman.
やっぱり中座[ちゅうざ]だ,it is a leaving one's seat after all; chuuza means leaving one's seat.
ちゃんと張[は]り合[あ]う,I compete properly; hariau means to compete.
俺[おれ]が欠[か]かす,I am the one who will miss; kakasu means to miss.
とても白々[しらじら]しい,it is very barefaced; shirajirashii means barefaced.
明日[あした]頷[うなず]く,I will nod tomorrow; unazuku means to nod.
大[おお]きなたわいだ,it is a big sanity; tawai means sanity.
むしゃくしゃ言[い]った,I said it vexed; mushakusha means vexed.
それは一向[いっこう]だ,that one is intently; ikkou means intently.
その冥利[みょうり]が欲[ほ]しい,I want that providence; myouri means providence.
この干[ほ]し柿[がき]を知[し]っているか,do you know this dried persimmons; hoshigaki means dried persimmons.
やりがいを探[さが]している,I am looking for a value in doing something; yarigai means value in doing something.
いちゃもんが必要[ひつよう]だ,a complaint is needed; ichamon means complaint.
これは狡[ずる]だ,this is a foul play; zuru means foul play.
これは精悍[せいかん]だ,this one is virile; seikan means virile.
明日[あした]適[てき]する,I will fit tomorrow; tekisuru means to fit.
何[なに]を驚[おどろ]かすのか,what do you surprise; odorokasu means to surprise.
明日[あした]寝込[ねこ]む,I will fall fast asleep tomorrow; nekomu means to fall fast asleep.
心根[こころね]を見[み]た,I saw an innermost feelings; kokorone means innermost feelings.
これは俺[おれ]の無辜[むこ]だ,this is my innocent; muko means innocent.
鉄鉱[てっこう]とは何[なん]だ,what is an iron ore; tekkou means iron ore.
よく閉[と]ざす,I often shut; tozasu means to shut.
それは餞別[せんべつ]じゃない,that is not a farewell gift; sembetsu means farewell gift.
グリズリーの事[こと]を言[い]っている,I am talking about a grizzly; gurizuri means grizzly.
ちゃんと引[ひ]き立[た]てる,I set off to advantage properly; hikitateru means to set off to advantage.
俺[おれ]が引[ひ]っ込[こ]む,I am the one who will draw back; hikkomu means to draw back.
明日[あした]有[あ]り余[あま]る,I will be superfluous tomorrow; ariamaru means to be superfluous.
何[なに]を焼[や]き払[はら]うのか,what do you burn down; yakiharau means to burn down.
それは長命[ちょうめい]だ,that one is long life; choumei means long life.
本当[ほんとう]のりーとだ,it is a real REIT; riito means REIT.
うるうるした,I did it teary-eyed; uruuru means teary-eyed.
やっぱりぬかるみだ,it is a muddy place after all; nukarumi means muddy place.
それはぺらぺらだ,that one is fluently; perapera means fluently.
側室[そくしつ]を見[み]た,I saw a concubine; sokushitsu means concubine.
ちゃんと備[そな]わる,I am furnished with properly; sonawaru means to be furnished with.
ちゃんと切[き]り刻[きざ]む,I hew properly; kirikizamu means to hew.
俺[おれ]がききとる,I am the one who will catch; kikitoru means to catch.
それはクロースじゃない,that is not a cloth; kuroosu means cloth.
割[わ]り算[ざん]の事[こと]を言[い]っている,I am talking about a division; warizan means division.
明日[あした]名乗[なの]り出[で]る,I will introduce oneself tomorrow; nanorideru means to introduce oneself.
この文官[ぶんかん]を知[し]っているか,do you know this civil official; bunkan means civil official.
葬送[そうそう]を探[さが]している,I am looking for an attending a funeral procession; sousou means attending a funeral procession.
山葵[わさび]が必要[ひつよう]だ,a wasabi is needed; wasabi means wasabi.
これは山葵抜[さびぬ]きだ,this is a without wasabi; sabinuki means without wasabi.
本当[ほんとう]の殺気[さっき]だ,it is a real thirst for blood; sakki means thirst for blood.
見知[みし]りじゃない,it is not a recognition; mishiri means recognition.
やっぱり逆賊[ぎゃくぞく]だ,it is a rebel after all; gyakuzoku means rebel.
万丈[ばんじょう]がある,there is a hurrah; banjou means hurrah.
ちょっとこずるい,it is a bit slightly shrewd; kozurui means slightly shrewd.
これは俺[おれ]の気後[きおく]れだ,this is my losing one's nerve; kiokure means losing one's nerve.
明日[あした]付[つ]き添[そ]う,I will attend on tomorrow; tsukisou means to attend on.
大[おお]きな敵討[かたきう]ちだ,it is a big vengeance; katakiuchi means vengeance.
皆[みんな]で泣[な]かす,all of us make someone cry; nakasu means to make someone cry.
今[いま]蒔[ま]く,now I sow; maku means to sow.
その軍務[ぐんむ]が欲[ほ]しい,I want that military affairs; gummu means military affairs.
そうそう言[い]った,I said it eminent; sousou means eminent.
気紛[きまぐ]れを探[さが]している,I am looking for a whim; kimagure means whim.
番狂[ばんくる]わせが必要[ひつよう]だ,an unexpected result is needed; bankuruwase means unexpected result.
これは贅[ぜい]だ,this is an extravagance; zei means extravagance.
本当[ほんとう]の鍵穴[かぎあな]だ,it is a real keyhole; kagiana means keyhole.
反物[たんもの]じゃない,it is not a fabric; tammono means fabric.
やっぱり小者[こもの]だ,it is a young person after all; komono means young person.
これは手荒[てあら]だ,this one is violent; teara means violent.
しばし言[い]った,I said it for a short while; shibashi means for a short while.
毛頭[もうとう]なった,it turned out in the least; moutou means in the least.
よく締[し]まる,I often am shut; shimaru means to be shut.
これから薄[うす]める,I will dilute from now on; usumeru means to dilute.
それはウォッチングじゃない,that is not a watching; wocchingu means watching.
ありかの事[こと]を言[い]っている,I am talking about a location; arika means location.
その釣[つ]り糸[いと]が欲[ほ]しい,I want that fishing line; tsuriito means fishing line.
これはニヒルだ,this one is nihilistic; nihiru means nihilistic.
俎上[そじょう]を探[さが]している,I am looking for an on the chopping board; sojou means on the chopping board.
明日[あした]引[ひ]き入[い]れる,I will drag into tomorrow; hikiireru means to drag into.
これは微風[そよかぜ]だ,this is a gentle breeze; soyokaze means gentle breeze.
本当[ほんとう]の愉悦[ゆえつ]だ,it is a real joy; yuetsu means joy.
胆力[たんりょく]じゃない,it is not a courage; tanryoku means courage.
やっぱりうじだ,it is a maggot after all; uji means maggot.
貴賓[きひん]がある,there is a noble visitor; kihin means noble visitor.
これはけうだ,this one is rare; keu means rare.
ちゃんとひるむ,I falter properly; hirumu means to falter.
手合[てあ]わせとは何[なん]だ,what is a game; teawase means game.
大[おお]きな請[う]け負[お]いだ,it is a big contract; ukeoi means contract.
明日[あした]飢[う]える,I will starve tomorrow; ueru means to starve.
娑婆[しゃば]の事[こと]を言[い]っている,I am talking about this world; shaba means this world.
皆[みんな]で癒[い]える,all of us recover; ieru means to recover.
この絹糸[きぬいと]を知[し]っているか,do you know this silk thread; kinuito means silk thread.
今[いま]連[つ]れ帰[かえ]る,now I bring back home; tsurekaeru means to bring back home.
よく入[い]り浸[びた]る,I often stay long; iribitaru means to stay long.
これから捻[ひね]る,I will twist from now on; hineru means to twist.
本当[ほんとう]の権能[けんのう]だ,it is a real authority; kennou means authority.
ちゃんと焦[じ]らす,I tease properly; jirasu means to tease.
俺[おれ]が踏[ふ]み倒[たお]す,I am the one who will trample down; fumitaosu means to trample down.
それを屠[ほふ]る,I will slaughter that; hofuru means to slaughter.
英気[えいき]を見[み]た,I saw a great wisdom; eiki means great wisdom.
働[はたら]き掛[か]けとは何[なん]だ,what is a pressure; hatarakikake means pressure.
大[おお]きな計[はか]らいだ,it is a big arrangement; hakarai means arrangement.
それは御身[おんみ]じゃない,that is not a your body; ommi means your body.
よく死[し]に絶[た]える,I often die out; shinitaeru means to die out.
その高鳴[たかな]りが欲[ほ]しい,I want that ringing; takanari means ringing.
たまに射止[いと]める,I shoot dead once in a while; itomeru means to shoot dead.
スチロールを探[さが]している,I am looking for a styrene; suchirooru means styrene.
ちょっとぬるい,it is a bit lukewarm; nurui means lukewarm.
それを取[と]り払[はら]う,I will remove that; toriharau means to remove.
本当[ほんとう]の高利[こうり]だ,it is a real high interest rate; kouri means high interest rate.
明日[あした]誘[さそ]い出[だ]す,I will lure tomorrow; sasoidasu means to lure.
やっぱりワウだ,it is a wow after all; wau means wow.
皆[みんな]で差[さ]し引[ひ]く,all of us deduct; sashihiku means to deduct.
所行[しょぎょう]を見[み]た,I saw an act; shogyou means act.
よくくたばる,I often am pooped; kutabaru means to be pooped.
僥倖[ぎょうこう]とは何[なん]だ,what is a luck; gyoukou means luck.
大[おお]きな手並[てな]みだ,it is a big skill; tenami means skill.
それは振[ふ]り袖[そで]じゃない,that is not a long-sleeved kimono; furisode means long-sleeved kimono.
掌中[しょうちゅう]の事[こと]を言[い]っている,I am talking about an in the hand; shouchuu means in the hand.
その籤引[くじび]きが欲[ほ]しい,I want that lottery; kujibiki means lottery.
何[なに]をいいあてるのか,what do you guess right; iiateru means to guess right.
溜[た]め息[いき]を探[さが]している,I am looking for a sigh; tameiki means sigh.
皆[みんな]で刃向[はむ]かう,all of us strike back at; hamukau means to strike back at.
皆[みんな]で引[ひ]き延[の]ばす,all of us stretch larger; hikinobasu means to stretch larger.
今[いま]泥濘[ぬかる]む,now I become muddy; nukarumu means to become muddy.
よく仄[ほの]めかす,I often hint at; honomekasu means to hint at.
やっぱり新雪[しんせつ]だ,it is a fresh snow after all; shinsetsu means fresh snow.
ちゃんと威張[いばれ]る,I put on airs properly; ibareru means to put on airs.
ちゃんと打[う]ち返[かえ]す,I return a punch properly; uchikaesu means to return a punch.
俺[おれ]がひざまずく,I am the one who will kneel; hizamazuku means to kneel.
明日[あした]咳[せ]き込[こ]む,I will cough violently tomorrow; sekikomu means to cough violently.
大[おお]きな拝命[はいめい]だ,it is a big receiving an official appointment; haimei means receiving an official appointment.
明日[あした]打[う]ち倒[たお]す,I will knock down tomorrow; uchitaosu means to knock down.
明察[めいさつ]の事[こと]を言[い]っている,I am talking about a discernment; meisatsu means discernment.
皆[みんな]で静[しず]まる,all of us become quiet; shizumaru means to become quiet.
がぶがぶした,I did it gulping down; gabugabu means gulping down.
よく静[しず]める,I often quiet; shizumeru means to quiet.
ちょきが必要[ひつよう]だ,scissors is needed; choki means scissors.
これは新味[しんみ]だ,this is a fresh taste; shimmi means fresh taste.
本当[ほんとう]の恭順[きょうじゅん]だ,it is a real allegiance; kyoujun means allegiance.
たがじゃない,it is not a hoop; taga means hoop.
それは不興[ふきょう]だ,that one is displeasure; fukyou means displeasure.
明日[あした]与[くみ]する,I will take part in tomorrow; kumisuru means to take part in.
真打[しんう]ちを見[み]た,I saw a main performer; shinuchi means main performer.
これは俺[おれ]の惚[ぼ]けだ,this is my fool; boke means fool.
それは腹[はら]ぺこだ,that one is hungry; harapeko means hungry.
大[おお]きな雑事[ざつじ]だ,it is a big miscellaneous matters; zatsuji means miscellaneous matters.
それはポリスチレンじゃない,that is not a polystyrene; porisuchiren means polystyrene.
渋柿[しぶがき]の事[こと]を言[い]っている,I am talking about an astringent persimmon; shibugaki means astringent persimmon.
ちゃんと眩[くら]む,I am dazzled by properly; kuramu means to be dazzled by.
この蛮勇[ばんゆう]を知[し]っているか,do you know this foolhardiness; banyuu means foolhardiness.
ハレムを探[さが]している,I am looking for a harem; haremu means harem.
皆[みんな]心許[こころもと]ない,everyone is uneasy; kokoromotonai means uneasy.
これは毒味[どくみ]だ,this is a tasting for poison; dokumi means tasting for poison.
本当[ほんとう]のクナイだ,it is a real ninja throwing knives; kunai means ninja throwing knives.
皆[みんな]で生[な]る,all of us bear fruit; naru means to bear fruit.
やっぱり親書[しんしょ]だ,it is an official letter after all; shinsho means official letter.
重畳[ちょうじょう]がある,there is a being placed one upon another; choujou means being placed one upon another.
あくびを見[み]た,I saw a yawn; akubi means yawn.
これから立[た]ち塞[ふさ]がる,I will stand in the way from now on; tachifusagaru means to stand in the way.
まとまりとは何[なん]だ,what is an unity; matomari means unity.
大[おお]きな息吹[いぶ]きだ,it is a big breath; ibuki means breath.
それは除[の]け者[もの]じゃない,that is not an outcast; nokemono means outcast.
何[なに]を苛[いじ]めるのか,what do you ill-treat; ijimeru means to ill-treat.
明日[あした]見惚[みと]れる,I will be fascinated tomorrow; mitoreru means to be fascinated.
トリニティーを探[さが]している,I am looking for a Trinity; toriniti means Trinity.
皆[みんな]で追[お]い掛[か]ける,all of us chase; oikakeru means to chase.
今[いま]食[く]い荒[あ]らす,now I eat up and spoil; kuiarasu means to eat up and spoil.
よく惚[ほ]れ込[こ]む,I often am strongly attracted; horekomu means to be strongly attracted.
飛[と]び切[っき]りじゃない,it is not a best; tobikkiri means best.
やっぱり一泡[ひとあわ]だ,it is a blow after all; hitoawa means blow.
ちゃんと取[と]り次[つ]ぐ,I pass on properly; toritsugu means to pass on.
俺[おれ]が転[てん]ずる,I am the one who will turn; tenzuru means to turn.
これは俺[おれ]の生唾[なまつば]だ,this is my saliva; namatsuba means saliva.
業物[わざもの]とは何[なん]だ,what is a sharp sword; wazamono means sharp sword.
明日[あした]巣[す]くう,I will build a nest tomorrow; sukuu means to build a nest.
一緒[いっしょ]に着込[きこ]む,we will wear together; kikomu means to wear.
皆[みんな]で見放[みはな]す,all of us abandon; mihanasu means to abandon.
今[いま]なびく,now I bend; nabiku means to bend.
よく気負[きお]う,I often get worked up; kiou means to get worked up.
これから消[き]え失[う]せる,I will disappear from now on; kieuseru means to disappear.
ちゃんと押[お]し入[い]る,I push in properly; oshiiru means to push in.
本当[ほんとう]のかりそめだ,it is a real temporary; karisome means temporary.
スパンデックスじゃない,it is not a spandex; supandekkusu means spandex.
やっぱり果[は]てしだ,it is an end after all; hateshi means end.
虚仮[こけ]がある,there is a folly; koke means folly.
一緒[いっしょ]に忘[わす]れ去[さ]る,we will forget completely together; wasuresaru means to forget completely.
皆[みんな]で更[ふ]ける,all of us get late; fukeru means to get late.
今[いま]浸[つ]ける,now I soak; tsukeru means to soak.
よく誘[おび]き出[だ]す,I often lure out; obikidasu means to lure out.
それは百足[むかで]じゃない,that is not a centipede; mukade means centipede.
僭称[せんしょう]の事[こと]を言[い]っている,I am talking about a pretension; senshou means pretension.
その愚考[ぐこう]が欲[ほ]しい,I want that foolish thought; gukou means foolish thought.
この蝗[いなご]を知[し]っているか,do you know this rice grasshopper; inago means rice grasshopper.
明日[あした]辞[じ]する,I will take one's leave tomorrow; jisuru means to take one's leave.
明日[あした]逸[いっ]する,I will lose tomorrow; issuru means to lose.
本当[ほんとう]の全霊[ぜんれい]だ,it is a real one's whole soul; zenrei means one's whole soul.
皆[みんな]で御[ぎょ]する,all of us drive; gyosuru means to drive.
今[いま]思[おも]い上[あ]がる,now I am conceited; omoiagaru means to be conceited.
よく見詰[みつ]める,I often stare; mitsumeru means to stare.
これから打[う]ち取[と]る,I will kill from now on; uchitoru means to kill.
ちゃんと焼[や]け死[し]ぬ,I am burnt to death properly; yakeshinu means to be burnt to death.
ちゃんと勝[か]ち誇[ほこ]る,I triumph properly; kachihokoru means to triumph.
俺[おれ]が見回[みまわ]る,I am the one who will make one's rounds; mimawaru means to make one's rounds.
それを贖[あがな]う,I will atone for that; aganau means to atone for.
明日[あした]逸[はや]る,I will stray from tomorrow; hayaru means to stray from.
その恐悦[きょうえつ]が欲[ほ]しい,I want that delight; kyouetsu means delight.
この牡丹餅[ぼたもち]を知[し]っているか,do you know this adzuki bean-covered mochi; botamochi means adzuki bean-covered mochi.
この聡[さと]いやつだ,it is this clever one; satoi means clever.
腹芸[はらげい]が必要[ひつよう]だ,an implicitly asserting one's will is needed; haragei means implicitly asserting one's will.
よく心行[こころゆ]く,I often am completely satisfied; kokoroyuku means to be completely satisfied.
これからあぶれる,I will fail from now on; abureru means to fail.
ちゃんと懲[こ]りる,I learn by experience properly; koriru means to learn by experience.
俺[おれ]が約[やく]する,I am the one who will promise; yakusuru means to promise.
皆[みんな]エビルだ,everyone is evil; ebiru means evil.
何[なに]を化[ば]かすのか,what do you bewitch; bakasu means to bewitch.
明日[あした]勝[か]ち得[え]る,I will achieve tomorrow; kachieru means to achieve.
一緒[いっしょ]に引[ひ]き摺[ず]る,we will drag together; hikizuru means to drag.
それは逆臣[ぎゃくしん]じゃない,that is not treacherous retainer; gyakushin means treacherous retainer.
コボルトの事[こと]を言[い]っている,I am talking about a kobold; koboruto means kobold.
その自得[じとく]が欲[ほ]しい,I want that self-satisfaction; jitoku means self-satisfaction.
この閑話[かんわ]を知[し]っているか,do you know this talking quietly; kanwa means talking quietly.
たまに取[と]り交[か]わす,I exchange once in a while; torikawasu means to exchange.
ちゃんと掻[か]き乱[みだ]す,I disturb properly; kakimidasu means to disturb.
これは用向[ようむ]きだ,this is a business; youmuki means business.
本当[ほんとう]の拇指[ぼし]だ,it is a real thumb; boshi means thumb.
隠[かく]し立[だ]てじゃない,it is not a secrecy; kakushidate means secrecy.
明日[あした]食[く]い合[あ]う,I will bite each other tomorrow; kuiau means to bite each other.
三竦[さんすく]みがある,there is a three-way deadlock; sansukumi means three-way deadlock.
浮[う]き浮[う]きなった,it turned out cheerfully; ukiuki means cheerfully.
これは俺[おれ]のえなだ,this is my afterbirth; ena means afterbirth.
奮迅[ふんじん]とは何[なん]だ,what is a rousing oneself fiercely; funjin means rousing oneself fiercely.
とてもかたじけない,it is very grateful; katajikenai means grateful.
ちゃんと見繕[みつくろ]う,I choose at one's discretion properly; mitsukurou means to choose at one's discretion.
俺[おれ]がポシャる,I am the one who will fall through; posharu means to fall through.
すごく気侭[きまま]だ,it is really willful; kimama means willful.
何[なに]を待[ま]ち侘[わ]びるのか,what do you be tired of waiting; machiwabiru means to be tired of waiting.
皆[みんな]思[おも]わしい,everyone is satisfactory; omowashii means satisfactory.
ぺっぺっした,I did it spitting; peppet means spitting.
皆[みんな]で持[も]て成[な]す,all of us treat; motenasu means to treat.
今[いま]立[た]て込[こ]む,now I am crowded; tatekomu means to be crowded.
よく平伏[ひれふ]す,I often prostrate oneself; hirefusu means to prostrate oneself.
キャインした,I did it yelp; kyain means yelp.
ドリュアスを見[み]た,I saw a dryad; doryuasu means dryad.
これは俺[おれ]のフォーティーだ,this is my forty; footi means forty.
ロマンチシストとは何[なん]だ,what is a romanticist; romanchishisuto means romanticist.
明日[あした]下卑[げび]る,I will become vulgar tomorrow; gebiru means to become vulgar.
それはしつけじゃない,that is not a tacking; shitsuke means tacking.
明日[あした]凍[い]てる,I will freeze tomorrow; iteru means to freeze.
とうとういい,it is finally good; toutou means finally.
皆[みんな]で動[どう]ずる,all of us am perturbed; douzuru means to be perturbed.
召物[めしもの]を探[さが]している,I am looking for a clothing; meshimono means clothing.
啜[すす]り泣[な]きが必要[ひつよう]だ,a sobbing is needed; susurinaki means sobbing.
さぞかしいい,it is certainly good; sazokashi means certainly.
たまに差[さ]し違[ちが]える,I misplace once in a while; sashichigaeru means to misplace.
彼[あ]の世[よ]じゃない,it is not the other world; anoyo means the other world.
心成[こころな]しなった,it turned out somehow; kokoronashi means somehow.
皆[みんな]恥曝[はじさら]しだ,everyone is disgrace; hajisarashi means disgrace.
何[なに]をでっちあげるのか,what do you fabricate; decchiageru means to fabricate.
明日[あした]捩[ねじ]る,I will twist tomorrow; nejiru means to twist.
皆[みんな]で掠[かす]れる,all of us get blurred; kasureru means to get blurred.
皆[みんな]で掻[か]い潜[くぐ]る,all of us slip through; kaikuguru means to slip through.
泣[な]き面[っつら]の事[こと]を言[い]っている,I am talking about a tearful face; nakittsura means tearful face.
これから眠[ねむ]らす,I will put to sleep from now on; nemurasu means to put to sleep.
この空拳[くうけん]を知[し]っているか,do you know this with bare hands; kuuken means with bare hands.
俺[おれ]がききおよぶ,I am the one who will hear of; kikioyobu means to hear of.
これは膳立[ぜんだ]てだ,this is a setting the table; zendate means setting the table.
皆[みんな]うすのろだ,everyone is half-wit; usunoro means half-wit.
明日[あした]買[か]い被[かぶ]る,I will overestimate tomorrow; kaikaburu means to overestimate.
一緒[いっしょ]に賭[と]する,we will stake together; tosuru means to stake.
皆[みんな]で這[は]い蹲[つくば]る,all of us grovel; haitsukubaru means to grovel.
今[いま]遣[や]り合[あ]う,now I compete with; yariau means to compete with.
よく銘[めい]ずる,I often stamp; meizuru means to stamp.
これからなめす,I will tan from now on; namesu means to tan.
それはせんしょうだ,that one is very few; senshou means very few.
それはとじゃない,that is not a promoted pawn; to means promoted pawn.
がはは、分[わ]かった,bahaha I understand; gahaha means bahaha.
そのだんが欲[ほ]しい,I want that platform; dan means platform.
この見[み]を知[し]っているか,do you know this looking; mi means looking.
私[し]がやる,I will do it; shi means I.
万[よろず]した,I did it completely; yorozu means completely.
系[けい]がある,there is a system; kei means system.
車[くるま]を見[み]た,I saw a car; kuruma means car.
皆[みんな]あないだ,everyone is that sort of; anai means that sort of.
出来[でき]とは何[なん]だ,what is an occurrence; deki means occurrence.
大[おお]きな第一[だいいち]だ,it is a big first; daiichi means first.
それはかあじゃない,that is not a cawing; kaa means cawing.
入[い]れの事[こと]を言[い]っている,I am talking about a container; ire means container.
その一手[いって]が欲[ほ]しい,I want that one move; itte means one move.
このこないを知[し]っているか,do you know this inside; konai means inside.
版[ばん]を探[さが]している,I am looking for an edition; ban means edition.
受[う]けが必要[ひつよう]だ,a popularity is needed; uke means popularity.
これは見[み]えだ,this is a show; mie means show.
本当[ほんとう]の型[かた]だ,it is a real type; kata means type.
曲[きょく]じゃない,it is not a composition; kyoku means composition.
えいや,go for it; eiya means go for it.
テレビがある,there is a television; terebi means television.
大店[おおだな]を見[み]た,I saw a large store; oodana means large store.
にやりなった,it turned out meaningfully; niyari means meaningfully.
こつとは何[なん]だ,what is a knack; kotsu means knack.
大[おお]きなネットだ,it is a big network; netto means network.
それはもくじゃない,that is not an order; moku means order.
システムの事[こと]を言[い]っている,I am talking about a system; shisutemu means system.
その登録[とうろく]が欲[ほ]しい,I want that registration; touroku means registration.
この生[い]きを知[し]っているか,do you know this living; iki means living.
だちを探[さが]している,I am looking for a friend; dachi means friend.
男性[だんせい]が必要[ひつよう]だ,a man is needed; dansei means man.
皆[みんな]十二分[じゅうにぶん]だ,everyone is more than enough; juunibun means more than enough.
本当[ほんとう]の地域[ちいき]だ,it is a real area; chiiki means area.
大学[だいがく]じゃない,it is not an university; daigaku means university.
強[し]いてなった,it turned out by force; shiite means by force.
病院[びょういん]がある,there is a hospital; byouin means hospital.
線[せん]を見[み]た,I saw a line; sen means line.
これは俺[おれ]の一戦[いっせん]だ,this is my battle; issen means battle.
番組[ばんぐみ]とは何[なん]だ,what is a program; bangumi means program.
めー、分[わ]かった,baa I understand; me means baa.
それは付[つ]けじゃない,that is not a bill; tsuke means bill.
ファンの事[こと]を言[い]っている,I am talking about a fan; fan means fan.
その見[み]え見[み]えが欲[ほ]しい,I want that obvious; miemie means obvious.
この猫[ねこ]を知[し]っているか,do you know this cat; neko means cat.
表示[ひょうじ]を探[さが]している,I am looking for an indication; hyouji means indication.
これは施設[しせつ]だ,this is a facility; shisetsu means facility.
本当[ほんとう]の生[い]き様[ざま]だ,it is a real attitude to life; ikizama means attitude to life.
敵方[てきがた]じゃない,it is not a hostile party; tekigata means hostile party.
割[わり]となった,it turned out comparatively; warito means comparatively.
キャラを見[み]た,I saw a character; kyara means character.
これは俺[おれ]のアップだ,this is my rise; appu means rise.
スーパーとは何[なん]だ,what is a supermarket; suupa means supermarket.
大[おお]きな学[がく]だ,it is a big learning; gaku means learning.
船[ふね]の事[こと]を言[い]っている,I am talking about a ship; fune means ship.
その障害[しょうがい]が欲[ほ]しい,I want that obstacle; shougai means obstacle.
この決[き]め顔[がお]を知[し]っているか,do you know this cool or attractive expression; kimegao means cool or attractive expression.
委員[いいん]を探[さが]している,I am looking for a committee member; iin means committee member.
左[ひだり]が必要[ひつよう]だ,a left is needed; hidari means left.
これは採用[さいよう]だ,this is an use; saiyou means use.
本当[ほんとう]の機関[きかん]だ,it is a real mechanism; kikan means mechanism.
神々[かみがみ]じゃない,it is not gods; kamigami means gods.
たかだかした,I did it very high; takadaka means very high.
すごくどないだ,it is really what kind of; donai means what kind of.
スマホを見[み]た,I saw a smartphone; sumaho means smartphone.
これは俺[おれ]の伝[つた]えだ,this is my conveying; tsutae means conveying.
医療[いりょう]とは何[なん]だ,what is a medical treatment; iryou means medical treatment.
大[おお]きな編集[へんしゅう]だ,it is a big editing; henshuu means editing.
観光[かんこう]の事[こと]を言[い]っている,I am talking about a sightseeing; kankou means sightseeing.
その似姿[にすがた]が欲[ほ]しい,I want that effigy; nisugata means effigy.
よいやさ、分[わ]かった,yoiyasa I understand; yoiyasa means yoiyasa.
寝姿[ねすがた]が必要[ひつよう]だ,one's figure during sleep is needed; nesugata means one's figure during sleep.
これは隊[たい]だ,this is a party; tai means party.
本当[ほんとう]の広告[こうこく]だ,it is a real advertisement; koukoku means advertisement.
石化[せきか]じゃない,it is not a petrifaction; sekika means petrifaction.
やっぱり連続[れんぞく]だ,it is a continuation after all; renzoku means continuation.
会場[かいじょう]がある,there is an assembly hall; kaijou means assembly hall.
市場[しじょう]を見[み]た,I saw a market; shijou means market.
電気[でんき]とは何[なん]だ,what is an electricity; denki means electricity.
大[おお]きな公演[こうえん]だ,it is a big public performance; kouen means public performance.
それは地元[じもと]じゃない,that is not a home area; jimoto means home area.
報道[ほうどう]の事[こと]を言[い]っている,I am talking about a report; houdou means report.
皆[みんな]フリーだ,everyone is free; furi means free.
この業務[ぎょうむ]を知[し]っているか,do you know this business; gyoumu means business.
物分[ものわ]かりを探[さが]している,I am looking for an understanding; monowakari means understanding.
表[ひょう]が必要[ひつよう]だ,a surface is needed; hyou means surface.
これは要素[ようそ]だ,this is a component; youso means component.
本当[ほんとう]の公園[こうえん]だ,it is a real park; kouen means park.
持[も]ち金[がね]じゃない,it is not a money possessed; mochigane means money possessed.
やっぱり検査[けんさ]だ,it is an inspection after all; kensa means inspection.
比[くら]べがある,there is a contest; kurabe means contest.
ガスを見[み]た,I saw gas; gasu means gas.
これは俺[おれ]の体付[からだつ]きだ,this is my body build; karadatsuki means body build.
家庭[かてい]とは何[なん]だ,what is a home; katei means home.
大[おお]きな文[ぶん]だ,it is a big letter; bun means letter.
皆[みんな]で生[う]まれ持[も]つ,all of us have innate; umaremotsu means to have innate.
逃[に]げの事[こと]を言[い]っている,I am talking about an escape; nige means escape.
そのキャラクターが欲[ほ]しい,I want that character; kyarakuta means character.
この仕事帰[しごとがえ]りを知[し]っているか,do you know this on the way home from work; shigotogaeri means on the way home from work.
勝[か]ち目[め]を探[さが]している,I am looking for a chance; kachime means chance.
すごくリアルだ,it is really real; riaru means real.
これは交通[こうつう]だ,this is a traffic; koutsuu means traffic.
本当[ほんとう]の取得[しゅとく]だ,it is a real worth; shutoku means worth.
殺人[さつじん]じゃない,it is not a murder; satsujin means murder.
やっぱり類[るい]だ,it is a kind after all; rui means kind.
上[あ]げ足[あし]がある,there is a raised leg; ageashi means raised leg.
これは俺[おれ]のやつでだ,this is my fatsi; yatsude means fatsi.
食感[しょっかん]とは何[なん]だ,what is a food texture; shokkan means food texture.
大[おお]きな黒猫[くろねこ]だ,it is a big black cat; kuroneko means black cat.
それは大剣[たいけん]じゃない,that is not a large sword; taiken means large sword.
注目[ちゅうもく]の事[こと]を言[い]っている,I am talking about a notice; chuumoku means notice.
その力比[ちからくら]べが欲[ほ]しい,I want that contest of strength; chikarakurabe means contest of strength.
毛[け]を探[さが]している,I am looking for a hair; ke means hair.
明日[あした]合[あ]わせ持[も]つ,I will have two things tomorrow; awasemotsu means to have two things.
これは始[はじ]まりだ,this is an origin; hajimari means origin.
本当[ほんとう]の捜査[そうさ]だ,it is a real search; sousa means search.
板[いた]じゃない,it is not a board; ita means board.
やっぱり体表[たいひょう]だ,it is a body surface after all; taihyou means body surface.
修正[しゅうせい]がある,there is an amendment; shuusei means amendment.
初期[しょき]を見[み]た,I saw an early days; shoki means early days.
これは俺[おれ]のとしだまだ,this is my New Year's gift; toshidama means New Year's gift.
緑[みどり]とは何[なん]だ,what is a green; midori means green.
大[おお]きな道路[どうろ]だ,it is a big road; douro means road.
それはもといじゃない,that is not a cord for tying the hair; motoi means cord for tying the hair.
デートの事[こと]を言[い]っている,I am talking about a date; deeto means date.
その劇場[げきじょう]が欲[ほ]しい,I want that theatre; gekijou means theatre.
この投資[とうし]を知[し]っているか,do you know this investment; toushi means investment.
職場[しょくば]を探[さが]している,I am looking for one's post; shokuba means one's post.
ストレスが必要[ひつよう]だ,a stress is needed; sutoresu means stress.
これはホームだ,this is a platform; hoomu means platform.
本当[ほんとう]の搭載[とうさい]だ,it is a real loading; tousai means loading.
肌[はだ]じゃない,it is not a skin; hada means skin.
やっぱり背景[はいけい]だ,it is a background after all; haikei means background.
行[ぎょう]がある,there is a line; gyou means line.
あんやつだ,it is that one; an means that.
ドンとは何[なん]だ,what is a Don; don means Don.
大[おお]きな一押[いちお]しだ,it is a big a push; ichioshi means a push.
それは処分[しょぶん]じゃない,that is not a disposal; shobun means disposal.
医師[いし]の事[こと]を言[い]っている,I am talking about a doctor; ishi means doctor.
その図[ず]が欲[ほ]しい,I want that drawing; zu means drawing.
この宗教[しゅうきょう]を知[し]っているか,do you know this religion; shuukyou means religion.
王弟[おうてい]を探[さが]している,I am looking for king's younger brother; outei means king's younger brother.
それは高速[こうそく]だ,that one is high-speed; kousoku means high-speed.
これは株[かぶ]だ,this is a stump; kabu means stump.
本当[ほんとう]の触[ふ]れだ,it is a real proclamation; fure means proclamation.
運用[うんよう]じゃない,it is not a making use of; unyou means making use of.
やっぱり間違[まちが]えだ,it is a mistake after all; machigae means mistake.
これは俺[おれ]のショーだ,this is my show; sho means show.
両名[りょうめい]とは何[なん]だ,what is a both persons; ryoumei means both persons.
大[おお]きな両方[りょうほう]だ,it is a big both; ryouhou means both.
それは中止[ちゅうし]じゃない,that is not an interruption; chuushi means interruption.
卵[たまご]の事[こと]を言[い]っている,I am talking about eggs; tamago means eggs.
その比[ひ]が欲[ほ]しい,I want that ratio; hi means ratio.
この聞[き]こえを知[し]っているか,do you know this being able to hear something; kikoe means being able to hear something.
逆切[ぎゃくぎ]れを探[さが]している,I am looking for a snapping back despite being in the wrong; gyakugire means snapping back despite being in the wrong.
ストが必要[ひつよう]だ,a strike is needed; suto means strike.
これはワインだ,this is a wine; wain means wine.
本当[ほんとう]の台風[たいふう]だ,it is a real typhoon; taifuu means typhoon.
涙[なみだ]じゃない,it is not a tear; namida means tear.
やっぱりカットだ,it is a cut after all; katto means cut.
パターンがある,there is a pattern; pataan means pattern.
去年[きょねん]いい,it is last year good; kyonen means last year.
これは俺[おれ]の袋[ふくろ]だ,this is my bag; fukuro means bag.
よいよいとは何[なん]だ,what is a locomotor ataxia; yoiyoi means locomotor ataxia.
大[おお]きな届[とど]け物[もの]だ,it is a big article to be delivered; todokemono means article to be delivered.
つての事[こと]を言[い]っている,I am talking about means of making contact; tsute means means of making contact.
その学習[がくしゅう]が欲[ほ]しい,I want that learning; gakushuu means learning.
この革命[かくめい]を知[し]っているか,do you know this revolution; kakumei means revolution.
サインを探[さが]している,I am looking for an autograph; sain means autograph.
両軍[りょうぐん]が必要[ひつよう]だ,a both armies is needed; ryougun means both armies.
これは画期[かっき]だ,this is a transition from one epoch to another; kakki means transition from one epoch to another.
本当[ほんとう]の育成[いくせい]だ,it is a real rearing; ikusei means rearing.
解散[かいさん]じゃない,it is not a breaking up; kaisan means breaking up.
やっぱり売[う]りだ,it is a sale after all; uri means sale.
波[なみ]がある,there is a wave; nami means wave.
異[い]な事[こと]だ,it is strange matter; ina means strange.
司令[しれい]とは何[なん]だ,what is a command; shirei means command.
大[おお]きな整理[せいり]だ,it is a big sorting; seiri means sorting.
それは機器[きき]じゃない,that is not a device; kiki means device.
発射[はっしゃ]の事[こと]を言[い]っている,I am talking about a firing; hassha means firing.
その行[い]き当[あ]たりが欲[ほ]しい,I want that end of a road; ikiatari means end of a road.
遅[おそ]く言[い]った,I said it late; osoku means late.
コストを探[さが]している,I am looking for a cost; kosuto means cost.
ネットワークが必要[ひつよう]だ,a network is needed; nettowaaku means network.
これは体術[たいじゅつ]だ,this is a classical form of martial art; taijutsu means classical form of martial art.
本当[ほんとう]の信号[しんごう]だ,it is a real signal; shingou means signal.
神社[じんじゃ]じゃない,it is not a Shinto shrine; jinja means Shinto shrine.
やっぱりソロだ,it is a solo after all; soro means solo.
修理[しゅうり]がある,there is a repair; shuuri means repair.
学者[がくしゃ]を見[み]た,I saw a scholar; gakusha means scholar.
これは俺[おれ]の民間[みんかん]だ,this is my private; minkan means private.
統一[とういつ]とは何[なん]だ,what is an unity; touitsu means unity.
大[おお]きな遺産[いさん]だ,it is a big inheritance; isan means inheritance.
がんば,go for it; gamba means go for it.
チケットの事[こと]を言[い]っている,I am talking about a ticket; chiketto means ticket.
その幅[はば]が欲[ほ]しい,I want that width; haba means width.
この製作[せいさく]を知[し]っているか,do you know this manufacture; seisaku means manufacture.
サブを探[さが]している,I am looking for a sub; sabu means sub.
これはドライブだ,this is a drive; doraibu means drive.
本当[ほんとう]の降[ふ]りだ,it is a real down-train; furi means down-train.
雪遊[ゆきあそ]びじゃない,it is not a playing in the snow; yukiasobi means playing in the snow.
やっぱり飽[あ]きだ,it is a weariness after all; aki means weariness.
えへん、分[わ]かった,ahem I understand; ehen means ahem.
共作[きょうさく]を見[み]た,I saw a joint work; kyousaku means joint work.
明日[あした]分[わ]かり合[あ]う,I will understand each other tomorrow; wakariau means to understand each other.
医者[いしゃ]とは何[なん]だ,what is a doctor; isha means doctor.
大[おお]きな合計[ごうけい]だ,it is a big sum total; goukei means sum total.
それは左右[さゆう]じゃない,that is not a left and right; sayuu means left and right.
悩[なや]みの事[こと]を言[い]っている,I am talking about a trouble; nayami means trouble.
その松[まつ]が欲[ほ]しい,I want that pine tree; matsu means pine tree.
このぽろを知[し]っているか,do you know this polo; poro means polo.
ポケットを探[さが]している,I am looking for a pocket; poketto means pocket.
取[と]れ立[た]てが必要[ひつよう]だ,a just-harvested is needed; toretate means just-harvested.
これは費用[ひよう]だ,this is a cost; hiyou means cost.
本当[ほんとう]の雇用[こよう]だ,it is a real employment; koyou means employment.
項目[こうもく]じゃない,it is not an item; koumoku means item.
やっぱり香[こう]だ,it is an aroma after all; kou means aroma.
これは俺[おれ]の入学[にゅうがく]だ,this is my admission; nyuugaku means admission.
悩[なや]み事[ごと]とは何[なん]だ,what is a matter causing distress; nayamigoto means matter causing distress.
大[おお]きな概念[がいねん]だ,it is a big general idea; gainen means general idea.
それは程近[ほどちか]い,that one is near; hodochikai means near.
センスの事[こと]を言[い]っている,I am talking about a taste; sensu means taste.
そのレストランが欲[ほ]しい,I want that restaurant; resutoran means restaurant.
皆[みんな]大有[おおあ]りだ,everyone is plentiful; ooari means plentiful.
店員[てんいん]が必要[ひつよう]だ,an employee is needed; tenin means employee.
これは弱[じゃく]だ,this is a weakness; jaku means weakness.
本当[ほんとう]の披露[ひろう]だ,it is a real announcement; hirou means announcement.
極[きょく]いい,it is quite good; kyoku means quite.
やっぱり請求[せいきゅう]だ,it is a claim after all; seikyuu means claim.
長期[ちょうき]がある,there is a long-term; chouki means long-term.
メモを見[み]た,I saw a note; memo means note.
これは俺[おれ]の主催[しゅさい]だ,this is my sponsorship; shusai means sponsorship.
数学[すうがく]とは何[なん]だ,what is mathematics; suugaku means mathematics.
大[おお]きな敵影[てきえい]だ,it is a big signs of the enemy; tekiei means signs of the enemy.
それは爆弾[ばくだん]じゃない,that is not a bomb; bakudan means bomb.
球[きゅう]の事[こと]を言[い]っている,I am talking about a sphere; kyuu means sphere.
その匿名[とくめい]が欲[ほ]しい,I want that anonymity; tokumei means anonymity.
この対戦[たいせん]を知[し]っているか,do you know this fighting; taisen means fighting.
寿司[すし]を探[さが]している,I am looking for a sushi; sushi means sushi.
民族[みんぞく]が必要[ひつよう]だ,a people is needed; minzoku means people.
これは狙[ねら]い目[め]だ,this is one's chance; neraime means one's chance.
総理[そうり]じゃない,it is not a prime minister; souri means prime minister.
やっぱりコレクションだ,it is a collection after all; korekushon means collection.
テーブルがある,there is a table; teeburu means table.
バンを見[み]た,I saw a bun; ban means bun.
これは俺[おれ]のパーツだ,this is my part; paatsu means part.
対立[たいりつ]とは何[なん]だ,what is a confrontation; tairitsu means confrontation.
大[おお]きな洗濯[せんたく]だ,it is a big washing; sentaku means washing.
直前[ちょくぜん]言[い]った,I said it just before; chokuzen means just before.
通販[つうはん]の事[こと]を言[い]っている,I am talking about an online shopping; tsuuhan means online shopping.
その姉妹[しまい]が欲[ほ]しい,I want that sisters; shimai means sisters.
これが我[が]だ,this is I; ga means I.
深読[ふかよ]みが必要[ひつよう]だ,a reading too much into is needed; fukayomi means reading too much into.
これは田舎者[いなかもの]だ,this is a person from the countryside; inakamono means person from the countryside.
本当[ほんとう]の補助[ほじょ]だ,it is a real assistance; hojo means assistance.
軽[けい]じゃない,it is not a light motor vehicle; kei means light motor vehicle.
やっぱりオールだ,it is an oar after all; ooru means oar.
皆[みんな]クールだ,everyone is cool; kuuru means cool.
ブームを見[み]た,I saw a boom; buumu means boom.
これは俺[おれ]のラストだ,this is my last; rasuto means last.
創造[そうぞう]とは何[なん]だ,what is a creation; souzou means creation.
大[おお]きな実質[じっしつ]だ,it is a big substance; jisshitsu means substance.
それは屋根[やね]じゃない,that is not a roof; yane means roof.
正々[せいせい]言[い]った,I said it accurate; seisei means accurate.
その訴[うった]えが欲[ほ]しい,I want that lawsuit; uttae means lawsuit.
この認知[にんち]を知[し]っているか,do you know this acknowledgement; ninchi means acknowledgement.
パーを探[さが]している,I am looking for a par; pa means par.
保管[ほかん]が必要[ひつよう]だ,a charge is needed; hokan means charge.
これは外交[がいこう]だ,this is a diplomacy; gaikou means diplomacy.
本当[ほんとう]の投[な]げ技[わざ]だ,it is a real throwing technique; nagewaza means throwing technique.
部長[ぶちょう]じゃない,it is not a head of a section or department; buchou means head of a section or department.
やっぱりペンだ,it is a pen after all; pen means pen.
それは必須[ひっす]だ,that one is indispensable; hissu means indispensable.
戦後[せんご]いい,it is postwar period good; sengo means postwar period.
これは俺[おれ]の椅子[いす]だ,this is my chair; isu means chair.
表面[ひょうめん]とは何[なん]だ,what is a surface; hyoumen means surface.
大[おお]きな金額[きんがく]だ,it is a big amount of money; kingaku means amount of money.
ぶう,beep; buu means beep.
ほげの事[こと]を言[い]っている,I am talking about a hoge; hoge means hoge.
その庭[にわ]が欲[ほ]しい,I want that garden; niwa means garden.
それは早[はや]めだ,that one is early; hayame means early.
発信[はっしん]を探[さが]している,I am looking for a dispatch; hasshin means dispatch.
矢[や]が必要[ひつよう]だ,an arrow is needed; ya means arrow.
これは稼[かせ]ぎ時[どき]だ,this is a good time to make a profit; kasegidoki means good time to make a profit.
本当[ほんとう]の美女[びじょ]だ,it is a real beautiful woman; bijo means beautiful woman.
俺[おれ]が調[しら]べ上[あ]げる,I am the one who will check through; shirabeageru means to check through.
前日[ぜんじつ]言[い]った,I said it previous day; zenjitsu means previous day.
節[ふし]を見[み]た,I saw an occasion; fushi means occasion.
これは俺[おれ]の舌[した]だ,this is my tongue; shita means tongue.
この青[あお]いやつだ,it is this blue one; aoi means blue.
大[おお]きなじゃんけんだ,it is a big rock-paper-scissors; janken means rock-paper-scissors.
それはアンケートじゃない,that is not a questionnaire; ankeeto means questionnaire.
コーチの事[こと]を言[い]っている,I am talking about a coach; koochi means coach.
そのシャワーが欲[ほ]しい,I want that shower; shawa means shower.
この付属[ふぞく]を知[し]っているか,do you know this being attached; fuzoku means being attached.
夫人[ふじん]を探[さが]している,I am looking for a wife; fujin means wife.
これは理事[りじ]だ,this is a director; riji means director.
馬群[ばぐん]じゃない,it is not a herd of horses; bagun means herd of horses.
アパートがある,there is an apartment building; apaato means apartment building.
コアを見[み]た,I saw a core; koa means core.
これは俺[おれ]の他人事[ひとごと]だ,this is my other people's affairs; hitogoto means other people's affairs.
劇物[げきぶつ]とは何[なん]だ,what is deleterious substance; gekibutsu means deleterious substance.
大[おお]きな印[いん]だ,it is a big stamp; in means stamp.
未満[みまん]なった,it turned out less than; miman means less than.
その死刑[しけい]が欲[ほ]しい,I want that death penalty; shikei means death penalty.
この汚[よご]れ仕事[しごと]を知[し]っているか,do you know this dirty work; yogoreshigoto means dirty work.
観測[かんそく]を探[さが]している,I am looking for an observation; kansoku means observation.
走行[そうこう]が必要[ひつよう]だ,a running is needed; soukou means running.
これは非難[ひなん]だ,this is a criticism; hinan means criticism.
本当[ほんとう]のキャンプだ,it is a real camp; kyampu means camp.
ニュークリアじゃない,it is not a nuclear; nyuukuria means nuclear.
やっぱりマップだ,it is a map after all; mappu means map.
体操[たいそう]がある,there is gymnastics; taisou means gymnastics.
よせを見[み]た,I saw a yose; yose means yose.
これは俺[おれ]の改造[かいぞう]だ,this is my remodeling; kaizou means remodeling.
それは深刻[しんこく]だ,that one is serious; shinkoku means serious.
大[おお]きなもれだ,it is a big leak; more means leak.
それは近場[ちかば]じゃない,that is not a nearby place; chikaba means nearby place.
通報[つうほう]の事[こと]を言[い]っている,I am talking about a report; tsuuhou means report.
その上下[じょうげ]が欲[ほ]しい,I want that top and bottom; jouge means top and bottom.
この丼[どんぶり]を知[し]っているか,do you know this porcelain bowl; domburi means porcelain bowl.
仕掛[しか]けを探[さが]している,I am looking for a device; shikake means device.
仕掛[しか]け人[にん]が必要[ひつよう]だ,an instigator is needed; shikakenin means instigator.
これは塗[ぬ]りだ,this is a coating; nuri means coating.
本当[ほんとう]の外出[がいしゅつ]だ,it is a real going out; gaishutsu means going out.
容量[ようりょう]じゃない,it is not a capacity; youryou means capacity.
やっぱり帰宅[きたく]だ,it is a returning home after all; kitaku means returning home.
昨年[さくねん]なった,it turned out last year; sakunen means last year.
マナーを見[み]た,I saw manners; mana means manners.
これは俺[おれ]の個別[こべつ]だ,this is my individual; kobetsu means individual.
執行[しっこう]とは何[なん]だ,what is an execution; shikkou means execution.
それは好評[こうひょう]だ,that one is favorable reception; kouhyou means favorable reception.
実[げ]にいい,it is really good; geni means really.
小型[こがた]の事[こと]を言[い]っている,I am talking about a small-sized; kogata means small-sized.
その汚染[おせん]が欲[ほ]しい,I want that pollution; osen means pollution.
この溢[あぶ]れ者[もの]を知[し]っているか,do you know this ruffian; aburemono means ruffian.
わっちの事[こと]を言[い]っている,I am talking about I; wacchi means I.
アドバイスが必要[ひつよう]だ,an advice is needed; adobaisu means advice.
すごくショートだ,it is really short; shooto means short.
本当[ほんとう]のパイだ,it is a real pie; pai means pie.
皆[みんな]で攻[せ]め入[い]る,all of us invade; semeiru means to invade.
やっぱり時刻[じこく]だ,it is a time after all; jikoku means time.
消化[しょうか]がある,there is a digestion; shouka means digestion.
タワーを見[み]た,I saw a tower; tawa means tower.
これは俺[おれ]のミルクだ,this is my milk; miruku means milk.
区別[くべつ]とは何[なん]だ,what is a distinction; kubetsu means distinction.
大[おお]きな反発[はんぱつ]だ,it is a big opposition; hampatsu means opposition.
それは回[まわ]りじゃない,that is not a rotation; mawari means rotation.
宝石[ほうせき]の事[こと]を言[い]っている,I am talking about a gem; houseki means gem.
その実践[じっせん]が欲[ほ]しい,I want that practice; jissen means practice.
この帳[とばり]を知[し]っているか,do you know this book; tobari means book.
復興[ふっこう]を探[さが]している,I am looking for a revival; fukkou means revival.
手続[てつづ]きが必要[ひつよう]だ,a procedure is needed; tetsuzuki means procedure.
とても狭[せま]い,it is very narrow; semai means narrow.
本当[ほんとう]の合成[ごうせい]だ,it is a real composition; gousei means composition.
広報[こうほう]じゃない,it is not a public relations; kouhou means public relations.
たまに繰[く]り返[かえ]す,I repeat once in a while; kurikaesu means to repeat.
習慣[しゅうかん]がある,there is a habit; shuukan means habit.
象徴[しょうちょう]を見[み]た,I saw a symbol; shouchou means symbol.
これは俺[おれ]の踊[おど]りだ,this is my dance; odori means dance.
進出[しんしゅつ]とは何[なん]だ,what is an advance; shinshutsu means advance.
大[おお]きな雪像[せつぞう]だ,it is a big snow sculpture; setsuzou means snow sculpture.
すごく高[たか]めだ,it is really highish; takame means highish.
こっそりなった,it turned out stealthily; kossori means stealthily.
ぽこぽこいい,it is with a burble good; pokopoko means with a burble.
この入玉[にゅうぎょく]を知[し]っているか,do you know this entering of a king; nyuugyoku means entering of a king.
割[わ]れを探[さが]している,I am looking for a broken piece; ware means broken piece.
塔[とう]が必要[ひつよう]だ,a tower is needed; tou means tower.
これは守[まも]り手[て]だ,this is a guardian; mamorite means guardian.
本当[ほんとう]の戦車[せんしゃ]だ,it is a real tank; sensha means tank.
明日[あした]笑[わら]い合[あ]う,I will laugh together tomorrow; waraiau means to laugh together.
やっぱり香草[こうそう]だ,it is an herb after all; kousou means herb.
コンセプトがある,there is a concept; konseputo means concept.
これは新鮮[しんせん]だ,this one is fresh; shinsen means fresh.
これは俺[おれ]の晴[は]れだ,this is my clear weather; hare means clear weather.
東方[とうほう]とは何[なん]だ,what is an eastern direction; touhou means eastern direction.
よく溢[あふ]れ出[で]る,I often overflow from something full; afurederu means to overflow from something full.
それは発明[はつめい]じゃない,that is not an invention; hatsumei means invention.
紅[くれない]の事[こと]を言[い]っている,I am talking about a deep red; kurenai means deep red.
皆[みんな]黄色[きいろ]だ,everyone is yellow; kiiro means yellow.
ジンを探[さが]している,I am looking for a gin; jin means gin.
中毒[ちゅうどく]が必要[ひつよう]だ,a poisoning is needed; chuudoku means poisoning.
これは志[こころざし]だ,this is a will; kokorozashi means will.
本当[ほんとう]の応用[おうよう]だ,it is a real application; ouyou means application.
戸[と]じゃない,it is not a door; to means door.
やっぱり控[ひか]えだ,it is a reserve after all; hikae means reserve.
救急[きゅうきゅう]がある,there is a first-aid; kyuukyuu means first-aid.
案件[あんけん]を見[み]た,I saw a matter; anken means matter.
療法[りょうほう]とは何[なん]だ,what is a treatment; ryouhou means treatment.
大[おお]きな要因[よういん]だ,it is a big main cause; youin means main cause.
それは軍隊[ぐんたい]じゃない,that is not an armed forces; guntai means armed forces.
このきついやつだ,it is this tough one; kitsui means tough.
すごくダークだ,it is really dark; daaku means dark.
それは単独[たんどく]だ,that one is sole; tandoku means sole.
双子[ふたご]を探[さが]している,I am looking for twins; futago means twins.
学[まな]びが必要[ひつよう]だ,a learning is needed; manabi means learning.
これは布[ぬの]だ,this is a cloth; nuno means cloth.
本当[ほんとう]の日程[にってい]だ,it is a real schedule; nittei means schedule.
欲求[よっきゅう]じゃない,it is not a desire; yokkyuu means desire.
つくづくした,I did it deeply; tsukuzuku means deeply.
財政[ざいせい]がある,there is a public finance; zaisei means public finance.
ゾンビを見[み]た,I saw a zombie; zombi means zombie.
これは俺[おれ]のチェーンだ,this is my chain; cheen means chain.
チキンとは何[なん]だ,what is a chicken; chikin means chicken.
大[おお]きなトマトだ,it is a big tomato; tomato means tomato.
それはドームじゃない,that is not a dome; doomu means dome.
ラスの事[こと]を言[い]っている,I am talking about a lath; rasu means lath.
その代行[だいこう]が欲[ほ]しい,I want that acting as agent; daikou means acting as agent.
この合体[がったい]を知[し]っているか,do you know this union; gattai means union.
性質[せいしつ]を探[さが]している,I am looking for a nature; seishitsu means nature.
数値[すうち]が必要[ひつよう]だ,a numerical value is needed; suuchi means numerical value.
これは暗号[あんごう]だ,this is a code; angou means code.
見直[みなお]しじゃない,it is not a review; minaoshi means review.
皆[みんな]頻繁[ひんぱん]だ,everyone is frequent; himpan means frequent.
コンビがある,there is a combination; kombi means combination.
レコードを見[み]た,I saw a record; rekoodo means record.
これは俺[おれ]のローズだ,this is my rose; roozu means rose.
削減[さくげん]とは何[なん]だ,what is a cut; sakugen means cut.
これは地味[じみ]だ,this one is plain; jimi means plain.
それは実態[じったい]じゃない,that is not a true state; jittai means true state.
対決[たいけつ]の事[こと]を言[い]っている,I am talking about a confrontation; taiketsu means confrontation.
その得点[とくてん]が欲[ほ]しい,I want that scoring; tokuten means scoring.
この新型[しんがた]を知[し]っているか,do you know this new type; shingata means new type.
旗[はた]を探[さが]している,I am looking for a flag; hata means flag.
旨[むね]が必要[ひつよう]だ,a principle is needed; mune means principle.
これは水道[すいどう]だ,this is a water supply; suidou means water supply.
本当[ほんとう]の液[えき]だ,it is a real liquid; eki means liquid.
炉[ろ]じゃない,it is not a hearth; ro means hearth.
やっぱり熟女[じゅくじょ]だ,it is an attractive older woman after all; jukujo means attractive older woman.
目線[めせん]がある,there is a gaze; mesen means gaze.
褒[ほ]め殺[ごろ]しを見[み]た,I saw a mockery by means of excessive praise; homegoroshi means mockery by means of excessive praise.
これは俺[おれ]の要望[ようぼう]だ,this is my demand for; youbou means demand for.
詩[し]とは何[なん]だ,what is a song; shi means song.
それを食[く]い殺[ころ]す,I will devour that; kuikorosu means to devour.
それは飲[の]み物[もの]じゃない,that is not a drink; nomimono means drink.
パンチの事[こと]を言[い]っている,I am talking about a punch; panchi means punch.
そのファーストが欲[ほ]しい,I want that first; faasuto means first.
このフードを知[し]っているか,do you know this hood; fuudo means hood.
丘[おか]を探[さが]している,I am looking for a hill; oka means hill.
検出[けんしゅつ]が必要[ひつよう]だ,a detection is needed; kenshutsu means detection.
これは生理[せいり]だ,this is a physiology; seiri means physiology.
本当[ほんとう]の糖[とう]だ,it is a real sugar; tou means sugar.
規格[きかく]じゃない,it is not a standard; kikaku means standard.
やっぱり鈴[すず]だ,it is a bell after all; suzu means bell.
鑑賞[かんしょう]がある,there is an appreciation; kanshou means appreciation.
ガイドを見[み]た,I saw a guide; gaido means guide.
これは俺[おれ]のスポンサーだ,this is my sponsor; suponsa means sponsor.
一緒[いっしょ]に使[つか]い捨[す]てる,we will use and then throw away together; tsukaisuteru means to use and then throw away.
大[おお]きな書[か]き替[か]えだ,it is a big rewriting; kakikae means rewriting.
それは柱[はしら]じゃない,that is not a pillar; hashira means pillar.
生成[せいせい]の事[こと]を言[い]っている,I am talking about a creation; seisei means creation.
その芸[げい]が欲[ほ]しい,I want that art; gei means art.
このスケジュールを知[し]っているか,do you know this schedule; sukejuuru means schedule.
皆[みんな]不可[ふか]だ,everyone is wrong; fuka means wrong.
人格[じんかく]が必要[ひつよう]だ,a personality is needed; jinkaku means personality.
これは出口[でぐち]だ,this is an exit; deguchi means exit.
本当[ほんとう]の分割[ぶんかつ]だ,it is a real partition; bunkatsu means partition.
初日[しょにち]いい,it is first day good; shonichi means first day.
夜中[よなか]した,I did it middle of the night; yonaka means middle of the night.
揺[ゆ]れがある,there is a shaking; yure means shaking.
朝食[ちょうしょく]を見[み]た,I saw a breakfast; choushoku means breakfast.
これは俺[おれ]のてかりだ,this is my shine; tekari means shine.
クッキーとは何[なん]だ,what is a cookie; kukki means cookie.
大[おお]きなモニターだ,it is a big monitor; monita means monitor.
それは夢中[むちゅう]だ,that one is absorbed in; muchuu means absorbed in.
水分[すいぶん]の事[こと]を言[い]っている,I am talking about a water; suibun means water.
その開設[かいせつ]が欲[ほ]しい,I want that establishment; kaisetsu means establishment.
食[た]べ盛[ざか]りを探[さが]している,I am looking for a growing child's hearty appetite; tabezakari means growing child's hearty appetite.
モチーフが必要[ひつよう]だ,a motif is needed; mochiifu means motif.
これは促進[そくしん]だ,this is a promotion; sokushin means promotion.
本当[ほんとう]の反射[はんしゃ]だ,it is a real reflection; hansha means reflection.
合理[ごうり]じゃない,it is not a rationality; gouri means rationality.
やっぱり報[ほう]だ,it is an information after all; hou means information.
幕[まく]がある,there is a curtain; maku means curtain.
愛用[あいよう]を見[み]た,I saw a favorite; aiyou means favorite.
これは俺[おれ]の持[も]ち主[ぬし]だ,this is my owner; mochinushi means owner.
大[おお]きな進歩[しんぽ]だ,it is a big progress; shimpo means progress.
それは関[かか]わりじゃない,that is not a relation; kakawari means relation.
リラックスの事[こと]を言[い]っている,I am talking about a relaxing; rirakkusu means relaxing.
その並[な]みが欲[ほ]しい,I want that average; nami means average.
この座席[ざせき]を知[し]っているか,do you know this seat; zaseki means seat.
晒[さら]しを探[さが]している,I am looking for a bleaching; sarashi means bleaching.
泣[な]き落[お]としが必要[ひつよう]だ,a persuasion by tears is needed; nakiotoshi means persuasion by tears.
これは誘惑[ゆうわく]だ,this is a temptation; yuuwaku means temptation.
この頼[たよ]り無[な]いやつだ,it is this unreliable one; tayorinai means unreliable.
皆[みんな]ちゃらい,everyone is flashy; charai means flashy.
やっぱりマネーだ,it is a money after all; mane means money.
ラウンドがある,there is a round; raundo means round.
定番[ていばん]を見[み]た,I saw a standard item; teiban means standard item.
これは俺[おれ]の損傷[そんしょう]だ,this is my damage; sonshou means damage.
異性[いせい]とは何[なん]だ,what is the opposite sex; isei means the opposite sex.
大[おお]きな祖父[そふ]だ,it is a big grandfather; sofu means grandfather.
それは食堂[しょくどう]じゃない,that is not a dining room; shokudou means dining room.
魔術[まじゅつ]の事[こと]を言[い]っている,I am talking about a magic; majutsu means magic.
ちゃんとぶっ飛[と]ぶ,I fly properly; buttobu means to fly.
このプロセスを知[し]っているか,do you know this process; purosesu means process.
これは半端[はんぱ]だ,this one is remnant; hampa means remnant.
これは枝[えだ]だ,this is a branch; eda means branch.
本当[ほんとう]の禁[きん]だ,it is a real ban; kin means ban.
酵素[こうそ]じゃない,it is not an enzyme; kouso means enzyme.
やっぱり主流[しゅりゅう]だ,it is a mainstream after all; shuryuu means mainstream.
境界[きょうかい]がある,there is a boundary; kyoukai means boundary.
天井[てんじょう]を見[み]た,I saw a ceiling; tenjou means ceiling.
これから押[お]し止[とど]める,I will check from now on; oshitodomeru means to check.
救[すく]いとは何[なん]だ,what is a help; sukui means help.
それは極端[きょくたん]だ,that one is extreme; kyokutan means extreme.
それは班分[はんわ]けじゃない,that is not a dividing into groups; hanwake means dividing into groups.
軽減[けいげん]の事[こと]を言[い]っている,I am talking about an abatement; keigen means abatement.
その題[だい]が欲[ほ]しい,I want that title; dai means title.
このグレーを知[し]っているか,do you know this grey; gure means grey.
ダイヤモンドを探[さが]している,I am looking for a diamond; daiyamondo means diamond.
これはランダムだ,this one is random; randamu means random.
これは原稿[げんこう]だ,this is a manuscript; genkou means manuscript.
本当[ほんとう]の在籍[ざいせき]だ,it is a real being enrolled; zaiseki means being enrolled.
弓[ゆみ]じゃない,it is not a bow; yumi means bow.
やっぱり液体[えきたい]だ,it is a liquid after all; ekitai means liquid.
物事[ものごと]がある,there is things; monogoto means things.
軌道[きどう]を見[み]た,I saw an orbit; kidou means orbit.
これは俺[おれ]の還元[かんげん]だ,this is my restoration; kangen means restoration.
カウンターとは何[なん]だ,what is a counter; kaunta means counter.
大[おお]きなドロップだ,it is a big drop; doroppu means drop.
それはプロデュースじゃない,that is not a to produce; purodeyuusu means to produce.
その収容[しゅうよう]が欲[ほ]しい,I want that accommodation; shuuyou means accommodation.
この火力[かりょく]を知[し]っているか,do you know this heating power; karyoku means heating power.
真相[しんそう]を探[さが]している,I am looking for a truth; shinsou means truth.
こだわりが必要[ひつよう]だ,an obsession is needed; kodawari means obsession.
これはエアリアルだ,this is an aerial skiing; eariaru means aerial skiing.
本当[ほんとう]の半[なか]ばだ,it is a real middle; nakaba means middle.
寮[りょう]がある,there is a hostel; ryou means hostel.
年末[ねんまつ]言[い]った,I said it end-of-year; nemmatsu means end-of-year.
これは俺[おれ]の打[う]ち上[あ]げだ,this is my launch; uchiage means launch.
清々[せいせい]いい,it is feeling refreshed good; seisei means feeling refreshed.
大[おお]きな紅炎[こうえん]だ,it is a big red flame; kouen means red flame.
それは薄味[うすあじ]じゃない,that is not a light seasoning; usuaji means light seasoning.
飾[かざ]りの事[こと]を言[い]っている,I am talking about a decoration; kazari means decoration.
その麻薬[まやく]が欲[ほ]しい,I want that narcotic; mayaku means narcotic.
これはせつだ,this one is eager; setsu means eager.
引[ひ]き上[あ]げを探[さが]している,I am looking for a pulling up; hikiage means pulling up.
金銭[きんせん]が必要[ひつよう]だ,a money is needed; kinsen means money.
皆[みんな]高額[こうがく]だ,everyone is large sum; kougaku means large sum.
本当[ほんとう]のロマンだ,it is a real romance; roman means romance.
区域[くいき]じゃない,it is not an area; kuiki means area.
やっぱり単刀[たんとう]だ,it is one sword after all; tantou means one sword.
皆[みんな]あっぱれだ,everyone is splendid; appare means splendid.
暴露[ばくろ]を見[み]た,I saw a disclosure; bakuro means disclosure.
これは俺[おれ]の構想[こうそう]だ,this is my plan; kousou means plan.
泥棒[どろぼう]とは何[なん]だ,what is a thief; dorobou means thief.
大[おお]きな紅茶[こうちゃ]だ,it is a big black tea; koucha means black tea.
それは蹴[け]りじゃない,that is not a kick; keri means kick.
頻度[ひんど]の事[こと]を言[い]っている,I am talking about a frequency; hindo means frequency.
明日[あした]ぶっ倒[たお]す,I will knock down tomorrow; buttaosu means to knock down.
このインパクトを知[し]っているか,do you know this impact; impakuto means impact.
ウォーターを探[さが]している,I am looking for a water; woota means water.
仕上[しあ]げが必要[ひつよう]だ,a finish is needed; shiage means finish.
これは保安[ほあん]だ,this is a peace preservation; hoan means peace preservation.
本当[ほんとう]の個室[こしつ]だ,it is a real single; koshitsu means single.
参入[さんにゅう]じゃない,it is not an entering; sannyuu means entering.
やっぱり支給[しきゅう]だ,it is a provision after all; shikyuu means provision.
欲望[よくぼう]がある,there is a desire; yokubou means desire.
職務[しょくむ]を見[み]た,I saw a professional duties; shokumu means professional duties.
これは俺[おれ]の連動[れんどう]だ,this is my operating together; rendou means operating together.
すごく陸[りく]だ,it is really satisfactory; riku means satisfactory.
大[おお]きなヒントだ,it is a big hint; hinto means hint.
それは先頭[せんとう]じゃない,that is not a head; sentou means head.
内蔵[ないぞう]の事[こと]を言[い]っている,I am talking about an internal; naizou means internal.
すごく大胆[だいたん]だ,it is really bold; daitan means bold.
この忍者[にんじゃ]を知[し]っているか,do you know this ninja; ninja means ninja.
支店[してん]を探[さが]している,I am looking for a branch office; shiten means branch office.
格闘[かくとう]が必要[ひつよう]だ,a fight is needed; kakutou means fight.
本当[ほんとう]の迷[まよ]いだ,it is a real hesitation; mayoi means hesitation.
ステーキじゃない,it is not a steak; suteeki means steak.
やっぱりハンドルだ,it is a handle after all; handoru means handle.
声明[せいめい]がある,there is a declaration; seimei means declaration.
好意[こうい]を見[み]た,I saw a kindness; koui means kindness.
これは俺[おれ]の支部[しぶ]だ,this is my branch; shibu means branch.
救済[きゅうさい]とは何[なん]だ,what is a relief; kyuusai means relief.
たまに有[ゆう]する,I have once in a while; yuusuru means to have.
絵画[かいが]の事[こと]を言[い]っている,I am talking about a painting; kaiga means painting.
その融資[ゆうし]が欲[ほ]しい,I want that financing; yuushi means financing.
この連発[れんぱつ]を知[し]っているか,do you know this occurring in succession; rempatsu means occurring in succession.
難敵[なんてき]を探[さが]している,I am looking for a formidable enemy; nanteki means formidable enemy.
レールが必要[ひつよう]だ,a rail is needed; reeru means rail.
これは宿題[しゅくだい]だ,this is a homework; shukudai means homework.
本当[ほんとう]の巡[めぐ]りだ,it is a real circumference; meguri means circumference.
民衆[みんしゅう]じゃない,it is not a people; minshuu means people.
やっぱり気候[きこう]だ,it is a climate after all; kikou means climate.
目当[めあ]てがある,there is a mark; meate means mark.
すごくしんぴだ,it is really mystery; shimpi means mystery.
これは俺[おれ]の筆[ふで]だ,this is my writing brush; fude means writing brush.
精度[せいど]とは何[なん]だ,what is a precision; seido means precision.
大[おお]きな視線[しせん]だ,it is a big one's line of sight; shisen means one's line of sight.
それは顔面[がんめん]じゃない,that is not a face; gammen means face.
この中断[ちゅうだん]を知[し]っているか,do you know this interruption; chuudan means interruption.
偽物[にせもの]を探[さが]している,I am looking for a fake; nisemono means fake.
対話[たいわ]が必要[ひつよう]だ,a dialogue is needed; taiwa means dialogue.
これは押[お]さえだ,this is a weight; osae means weight.
本当[ほんとう]の有機[ゆうき]だ,it is a real organic; yuuki means organic.
末期[まっき]じゃない,it is not an hour of death; makki means hour of death.
やっぱり結末[けつまつ]だ,it is an end after all; ketsumatsu means end.
脅迫[きょうはく]がある,there is a threat; kyouhaku means threat.
落下[らっか]を見[み]た,I saw a fall; rakka means fall.
これは俺[おれ]の除去[じょきょ]だ,this is my removal; jokyo means removal.
坊主[ぼうず]とは何[なん]だ,what is a Buddhist priest; bouzu means Buddhist priest.
大[おお]きな序盤[じょばん]だ,it is a big opening; joban means opening.
それは引[ひ]き籠[こ]もりじゃない,that is not a shut-in; hikikomori means shut-in.
捜索[そうさく]の事[こと]を言[い]っている,I am talking about a search; sousaku means search.
その殻[から]が欲[ほ]しい,I want that shell; kara means shell.
それは細[ほそ]い,that one is thin; hosoi means thin.
これは能天気[のうてんき]だ,this one is laid-back; noutenki means laid-back.
行列[ぎょうれつ]が必要[ひつよう]だ,a line is needed; gyouretsu means line.
これはみこみだ,this is a hope; mikomi means hope.
本当[ほんとう]の食欲[しょくよく]だ,it is a real appetite; shokuyoku means appetite.
がっかりした,I did it to be disappointed; gakkari means to be disappointed.
やっぱりスレだ,it is a thread after all; sure means thread.
大恩[だいおん]がある,there is a great debt of gratitude; daion means great debt of gratitude.
家具[かぐ]を見[み]た,I saw a furniture; kagu means furniture.
これは俺[おれ]の左手[ひだりて]だ,this is my left hand; hidarite means left hand.
手作[てづく]りとは何[なん]だ,what is a handmade; tezukuri means handmade.
大[おお]きな旅館[りょかん]だ,it is a big ryokan; ryokan means ryokan.
更[さら]なる事[こと]だ,it is even matter; saranaru means even more.
火山[かざん]の事[こと]を言[い]っている,I am talking about a volcano; kazan means volcano.
その臨床[りんしょう]が欲[ほ]しい,I want that clinical; rinshou means clinical.
この苦[くる]しみを知[し]っているか,do you know this pain; kurushimi means pain.
説教[せっきょう]を探[さが]している,I am looking for a sermon; sekkyou means sermon.
エリートが必要[ひつよう]だ,an elite is needed; eriito means elite.
これは出店[しゅってん]だ,this is a branch; shutten means branch.
本当[ほんとう]の撤去[てっきょ]だ,it is a real removal; tekkyo means removal.
最速[さいそく]じゃない,it is not a fastest; saisoku means fastest.
これから有[あ]り付[つ]く,I will get from now on; aritsuku means to get.
渋滞[じゅうたい]がある,there is a congestion; juutai means congestion.
満点[まんてん]を見[み]た,I saw a perfect score; manten means perfect score.
これは俺[おれ]の革新[かくしん]だ,this is my reform; kakushin means reform.
食[た]べ応[ごた]えとは何[なん]だ,what is a substantiality; tabegotae means substantiality.
つる言[い]った,I said it to hang; tsuru means to hang.
それは再建[さいけん]じゃない,that is not a rebuilding; saiken means rebuilding.
分子[ぶんし]の事[こと]を言[い]っている,I am talking about a molecule; bunshi means molecule.
その厳選[げんせん]が欲[ほ]しい,I want that careful selection; gensen means careful selection.
この大声[おおごえ]を知[し]っているか,do you know this loud voice; oogoe means loud voice.
審判[しんぱん]を探[さが]している,I am looking for a judgement; shimpan means judgement.
悪夢[あくむ]が必要[ひつよう]だ,a nightmare is needed; akumu means nightmare.
これは合戦[かっせん]だ,this is a battle; kassen means battle.
本当[ほんとう]の同居[どうきょ]だ,it is a real living together; doukyo means living together.
心地[ここち]じゃない,it is not a feeling; kokochi means feeling.
やっぱり昇進[しょうしん]だ,it is a promotion after all; shoushin means promotion.
来月[らいげつ]した,I did it next month; raigetsu means next month.
理念[りねん]を見[み]た,I saw an ideal; rinen means ideal.
これは俺[おれ]の短縮[たんしゅく]だ,this is my shortening; tanshuku means shortening.
緑色[りょくしょく]とは何[なん]だ,what is a green; ryokushoku means green.
大[おお]きな衝動[しょうどう]だ,it is a big impulse; shoudou means impulse.
それはずれじゃない,that is not a gap; zure means gap.
ぶちの事[こと]を言[い]っている,I am talking about spots; buchi means spots.
そのわんが欲[ほ]しい,I want that bowl; wan means bowl.
この乱[みだ]れを知[し]っているか,do you know this disorder; midare means disorder.
人体[じんたい]を探[さが]している,I am looking for a human body; jintai means human body.
他者[たしゃ]が必要[ひつよう]だ,an another person is needed; tasha means another person.
これは公衆[こうしゅう]だ,this is the public; koushuu means the public.
本当[ほんとう]の建造[けんぞう]だ,it is a real building; kenzou means building.
征服[せいふく]じゃない,it is not a conquest; seifuku means conquest.
やっぱり投与[とうよ]だ,it is an administration after all; touyo means administration.
かけがある,there is a fragment; kake means fragment.
沼[ぬま]を見[み]た,I saw a marsh; numa means marsh.
これは俺[おれ]の火事[かじ]だ,this is my fire; kaji means fire.
生殺[せいさつ]とは何[なん]だ,what is a sparing life and taking life; seisatsu means sparing life and taking life.
大[おお]きな由[よし]だ,it is a big reason; yoshi means reason.
それは繁殖[はんしょく]じゃない,that is not a breeding; hanshoku means breeding.
パンダの事[こと]を言[い]っている,I am talking about a panda; panda means panda.
それは厳正[げんせい]だ,that one is strict; gensei means strict.
この教養[きょうよう]を知[し]っているか,do you know this culture; kyouyou means culture.
酢[す]を探[さが]している,I am looking for a vinegar; su means vinegar.
電撃[でんげき]が必要[ひつよう]だ,an electric shock is needed; dengeki means electric shock.
これはギャンブルだ,this is a gambling; gyamburu means gambling.
本当[ほんとう]のサプライズだ,it is a real surprise; sapuraizu means surprise.
リースじゃない,it is not a lease; riisu means lease.
先祖[せんぞ]がある,there is an ancestor; senzo means ancestor.
市販[しはん]を見[み]た,I saw a putting on the market; shihan means putting on the market.
これは俺[おれ]の復元[ふくげん]だ,this is my restoration; fukugen means restoration.
すごく控[ひか]えめだ,it is really moderate; hikaeme means moderate.
大[おお]きな昼寝[ひるね]だ,it is a big nap; hirune means nap.
それは景気[けいき]じゃない,that is not a business conditions; keiki means business conditions.
生地[きじ]の事[こと]を言[い]っている,I am talking about a cloth; kiji means cloth.
その補正[ほせい]が欲[ほ]しい,I want that correction; hosei means correction.
この郊外[こうがい]を知[し]っているか,do you know this suburb; kougai means suburb.
すっきりいい,it is refreshingly good; sukkiri means refreshingly.
アタックが必要[ひつよう]だ,an attack is needed; atakku means attack.
これはテントだ,this is a tent; tento means tent.
本当[ほんとう]の併用[へいよう]だ,it is a real combined use; heiyou means combined use.
個々[ここ]じゃない,it is not an individual; koko means individual.
これは優位[ゆうい]だ,this one is predominance; yuui means predominance.
報復[ほうふく]がある,there is a retaliation; houfuku means retaliation.
客観[きゃっかん]を見[み]た,I saw an objectivity; kyakkan means objectivity.
これは俺[おれ]の打撃[だげき]だ,this is my blow; dageki means blow.
最期[さいご]した,I did it one's last moment; saigo means one's last moment.
大[おお]きな真夏[まなつ]だ,it is a big middle of summer; manatsu means middle of summer.
それは稽古[けいこ]じゃない,that is not a practice; keiko means practice.
その選抜[せんばつ]が欲[ほ]しい,I want that selection; sembatsu means selection.
この飛竜[ひりゅう]を知[し]っているか,do you know this dragon boat; hiryuu means dragon boat.
下部[かぶ]を探[さが]している,I am looking for a lower part; kabu means lower part.
墓地[ぼち]が必要[ひつよう]だ,a cemetery is needed; bochi means cemetery.
これは多[おお]めだ,this one is somewhat larger; oome means somewhat larger.
本当[ほんとう]の妥当[だとう]だ,it is a real valid; datou means valid.
巡回[じゅんかい]じゃない,it is not a going around; junkai means going around.
やっぱり情勢[じょうせい]だ,it is a state of things after all; jousei means state of things.
毎朝[まいあさ]した,I did it every morning; maiasa means every morning.
直線[ちょくせん]を見[み]た,I saw a straight line; chokusen means straight line.
これは俺[おれ]の細[さい]だ,this is my detail; sai means detail.
美肌[びはだ]とは何[なん]だ,what is a beautiful skin; bihada means beautiful skin.
ぽんした,I did it pat; pon means pat.
それは女狐[めぎつね]じゃない,that is not a female fox; megitsune means female fox.
拒絶[きょぜつ]の事[こと]を言[い]っている,I am talking about a refusal; kyozetsu means refusal.
その拳銃[けんじゅう]が欲[ほ]しい,I want that pistol; kenjuu means pistol.
この新刊[しんかん]を知[し]っているか,do you know this new book; shinkan means new book.
毎晩[まいばん]言[い]った,I said it every night; maiban means every night.
特権[とっけん]が必要[ひつよう]だ,a privilege is needed; tokken means privilege.
これは負[ふ]だ,this is a negative; fu means negative.
本当[ほんとう]の領主[りょうしゅ]だ,it is a real feudal lord; ryoushu means feudal lord.
イエローじゃない,it is not a yellow; iero means yellow.
やっぱりクラッシュだ,it is a crash after all; kurasshu means crash.
仮定[かてい]がある,there is an assumption; katei means assumption.
儲[もう]けを見[み]た,I saw a profit; mouke means profit.
何[なに]を引[ひ]き起[お]こすのか,what do you cause; hikiokosu means to cause.
急[いそ]ぎとは何[なん]だ,what is a haste; isogi means haste.
一緒[いっしょ]に教[おし]え導[みちび]く,we will teach together; oshiemichibiku means to teach.
それはいわくじゃない,that is not a pretext; iwaku means pretext.
すごくまっかだ,it is really bright red; makka means bright red.
その破損[はそん]が欲[ほ]しい,I want that damage; hason means damage.
この集結[しゅうけつ]を知[し]っているか,do you know this massing; shuuketsu means massing.
これはノイズだ,this is a noise; noizu means noise.
皆[みんな]ノーマルだ,everyone is normal; noomaru means normal.
ロールじゃない,it is not a roll; rooru means roll.
やっぱり嫌[いや]がらせだ,it is a harassment after all; iyagarase means harassment.
施工[しこう]がある,there is a construction; shikou means construction.
しあさっていい,it is in three days' time good; shiasatte means in three days' time.
これは俺[おれ]の栗[くり]だ,this is my Japanese chestnut; kuri means Japanese chestnut.
たた言[い]った,I said it very much; tata means very much.
大[おお]きなシェルだ,it is a big shell; sheru means shell.
それはスパイクじゃない,that is not a spike; supaiku means spike.
前方[ぜんぽう]の事[こと]を言[い]っている,I am talking about an ahead; zempou means ahead.
その外来[がいらい]が欲[ほ]しい,I want that foreign; gairai means foreign.
この手持[ても]ちを知[し]っているか,do you know this in hand; temochi means in hand.
撤回[てっかい]を探[さが]している,I am looking for a withdrawal; tekkai means withdrawal.
汎用[はんよう]が必要[ひつよう]だ,a generic is needed; hanyou means generic.
これは消耗[しょうもう]だ,this is an exhaustion; shoumou means exhaustion.
続々[ぞくぞく]なった,it turned out successively; zokuzoku means successively.
皆[みんな]華麗[かれい]だ,everyone is splendid; karei means splendid.
やっぱり遂行[すいこう]だ,it is an accomplishment after all; suikou means accomplishment.
驚異[きょうい]がある,there is a wonder; kyoui means wonder.
ハンマーを見[み]た,I saw a hammer; hamma means hammer.
これは俺[おれ]の参拝[さんぱい]だ,this is my going and worshipping; sampai means going and worshipping.
徴収[ちょうしゅう]とは何[なん]だ,what is a collection; choushuu means collection.
改[あらた]めやめた,now known as I quit; aratame means now known as.
それはかしわじゃない,that is not a daimyo oak; kashiwa means daimyo oak.
蓄積[ちくせき]の事[こと]を言[い]っている,I am talking about an accumulation; chikuseki means accumulation.
そのマスコットが欲[ほ]しい,I want that mascot; masukotto means mascot.
皆[みんな]で叩[たた]き直[なお]す,all of us beat back into shape; tatakinaosu means to beat back into shape.
支障[ししょう]を探[さが]している,I am looking for an obstacle; shishou means obstacle.
皆[みんな]私的[してき]だ,everyone is private; shiteki means private.
これは菊[ぎく]だ,this is a chrysanthemum; giku means chrysanthemum.
すごく不当[ふとう]だ,it is really unfair; futou means unfair.
出動[しゅつどう]じゃない,it is not a mobilization; shutsudou means mobilization.
やっぱり加熱[かねつ]だ,it is a heating after all; kanetsu means heating.
合駒[あいごま]がある,there is a piece placed to block opponent's check; aigoma means piece placed to block opponent's check.
封鎖[ふうさ]を見[み]た,I saw a blockade; fuusa means blockade.
これは俺[おれ]の帆[ほ]だ,this is my sail; ho means sail.
手遅[ておく]れとは何[なん]だ,what is a being too late; teokure means being too late.
大[おお]きな捨[す]て駒[ごま]だ,it is a big sacrificial pawn; sutegoma means sacrificial pawn.
それは柔[やわ]らかい,that one is soft; yawarakai means soft.
殺到[さっとう]の事[こと]を言[い]っている,I am talking about a rush; sattou means rush.
その水中[すいちゅう]が欲[ほ]しい,I want that underwater; suichuu means underwater.
とても貧[まず]しい,it is very poor; mazushii means poor.
すごくキュートだ,it is really cute; kyuuto means cute.
ビートが必要[ひつよう]だ,a beet is needed; biito means beet.
これは失望[しつぼう]だ,this is a disappointment; shitsubou means disappointment.
本当[ほんとう]の対面[たいめん]だ,it is a real meeting face-to-face; taimen means meeting face-to-face.
峰[みね]じゃない,it is not a peak; mine means peak.
やっぱり招[まね]きだ,it is an invitation after all; maneki means invitation.
発散[はっさん]がある,there is an emission; hassan means emission.
競合[きょうごう]を見[み]た,I saw a contention; kyougou means contention.
これは俺[おれ]の覗[のぞ]き見[み]だ,this is my peek; nozokimi means peek.
かばんとは何[なん]だ,what is a bag; kaban means bag.
大[おお]きなトリックだ,it is a big trick; torikku means trick.
それは半数[はんすう]じゃない,that is not a half the number; hansuu means half the number.
崇拝[すうはい]の事[こと]を言[い]っている,I am talking about a worship; suuhai means worship.
皆[みんな]強[つよ]めだ,everyone is somewhat strong; tsuyome means somewhat strong.
手入[てい]れを探[さが]している,I am looking for a care; teire means care.
抹茶[まっちゃ]が必要[ひつよう]だ,a matcha is needed; maccha means matcha.
これは表[あら]われだ,this is an embodiment; araware means embodiment.
本当[ほんとう]の裏側[うらがわ]だ,it is a real the reverse; uragawa means the reverse.
複製[ふくせい]じゃない,it is not a reproduction; fukusei means reproduction.
やっぱりてこだ,it is a lever after all; teko means lever.
乱[みだ]れ打[う]ちがある,there is a random pounding; midareuchi means random pounding.
債権[さいけん]を見[み]た,I saw a credit; saiken means credit.
これは俺[おれ]の分配[ぶんぱい]だ,this is my division; bumpai means division.
到来[とうらい]とは何[なん]だ,what is an arrival; tourai means arrival.
大[おお]きなしゃべりだ,it is a big talk; shaberi means talk.
それは戦時[せんじ]じゃない,that is not a wartime; senji means wartime.
放火[ほうか]の事[こと]を言[い]っている,I am talking about an arson; houka means arson.
その歌声[うたごえ]が欲[ほ]しい,I want that singing voice; utagoe means singing voice.
この生態[せいたい]を知[し]っているか,do you know this ecology; seitai means ecology.
よく突[つ]き立[た]つ,I often stick; tsukitatsu means to stick.
股[また]が必要[ひつよう]だ,a groin is needed; mata means groin.
途上[とじょう]言[い]った,I said it on the way; tojou means on the way.
本当[ほんとう]のういだ,it is a real angel's raiment; ui means angel's raiment.
妃[ひ]じゃない,it is not an empress; hi means empress.
やっぱり最小[さいしょう]だ,it is a smallest after all; saishou means smallest.
木材[もくざい]がある,there is a lumber; mokuzai means lumber.
無言[むごん]を見[み]た,I saw a silence; mugon means silence.
これは俺[おれ]の社交[しゃこう]だ,this is my social life; shakou means social life.
返答[へんとう]とは何[なん]だ,what is a reply; hentou means reply.
今[いま]通[かよ]い合[あ]う,now I communicate with each other; kayoiau means to communicate with each other.
それは隠蔽[いんぺい]じゃない,that is not a concealment; impei means concealment.
キープの事[こと]を言[い]っている,I am talking about a to keep; kiipu means to keep.
そのライスが欲[ほ]しい,I want that rice; raisu means rice.
この原始[げんし]を知[し]っているか,do you know this origin; genshi means origin.
それは厳密[げんみつ]だ,that one is strict; gemmitsu means strict.
増強[ぞうきょう]が必要[ひつよう]だ,a reinforcement is needed; zoukyou means reinforcement.
これは大橋[おおはし]だ,this is a large bridge; oohashi means large bridge.
本当[ほんとう]の承諾[しょうだく]だ,it is a real consent; shoudaku means consent.
接客[せっきゃく]じゃない,it is not a serving customers; sekkyaku means serving customers.
やっぱり着[き]せ替[か]えだ,it is a changing clothes after all; kisekae means changing clothes.
これは絶妙[ぜつみょう]だ,this one is exquisite; zetsumyou means exquisite.
すごく酷[こく]だ,it is really severe; koku means severe.
これは俺[おれ]のシャッターだ,this is my shutter; shatta means shutter.
プラチナとは何[なん]だ,what is a platinum; purachina means platinum.
大[おお]きな三昧[さんまい]だ,it is a big samadhi; sammai means samadhi.
すごく不調[ふちょう]だ,it is really bad condition; fuchou means bad condition.
うんぬんの事[こと]を言[い]っている,I am talking about a comment; unnun means comment.
その専属[せんぞく]が欲[ほ]しい,I want that exclusive; senzoku means exclusive.
はたまたそれでいい,or that is fine; hatamata means or.
ひいては言[い]った,I said it by extension; hiiteha means by extension.
換算[かんさん]が必要[ひつよう]だ,a conversion is needed; kansan means conversion.
これは王者[おうじゃ]だ,this is a king; ouja means king.
これは空腹[くうふく]だ,this one is empty stomach; kuufuku means empty stomach.
聴取[ちょうしゅ]じゃない,it is not a hearing; choushu means hearing.
やっぱり診察[しんさつ]だ,it is a medical examination after all; shinsatsu means medical examination.
ついついいい,it is unintentionally good; tsuitsui means unintentionally.
これはパーフェクトだ,this one is perfect; paafekuto means perfect.
これは俺[おれ]の上流[じょうりゅう]だ,this is my upper stream; jouryuu means upper stream.
それは勇猛[ゆうもう]だ,that one is daring; yuumou means daring.
大[おお]きな工芸[こうげい]だ,it is a big industrial arts; kougei means industrial arts.
一緒[いっしょ]に振[ふ]り返[かえ]る,we will turn one's head together; furikaeru means to turn one's head.
禁断[きんだん]の事[こと]を言[い]っている,I am talking about a prohibition; kindan means prohibition.
その解答[かいとう]が欲[ほ]しい,I want that answer; kaitou means answer.
よく負[お]ぶう,I often carry on one's back; obuu means to carry on one's back.
釈放[しゃくほう]を探[さが]している,I am looking for a release; shakuhou means release.
これは客室[きゃくしつ]だ,this is a guest room; kyakushitsu means guest room.
本当[ほんとう]の年中[ねんじゅう]だ,it is a real whole year; nenjuu means whole year.
最短[さいたん]じゃない,it is not a shortest; saitan means shortest.
やっぱり気力[きりょく]だ,it is a willpower after all; kiryoku means willpower.
眉[まゆ]がある,there is an eyebrow; mayu means eyebrow.
終戦[しゅうせん]を見[み]た,I saw an end of war; shuusen means end of war.
これは俺[おれ]の退場[たいじょう]だ,this is my leaving; taijou means leaving.
今[いま]鍛[きた]え直[なお]す,now I get back into shape; kitaenaosu means to get back into shape.
大[おお]きな処罰[しょばつ]だ,it is a big punishment; shobatsu means punishment.
皆[みんな]好調[こうちょう]だ,everyone is favourable; kouchou means favourable.
家系[かけい]の事[こと]を言[い]っている,I am talking about a family lineage; kakei means family lineage.
その悪役[あくやく]が欲[ほ]しい,I want that villain; akuyaku means villain.
この持参[じさん]を知[し]っているか,do you know this bringing; jisan means bringing.
検知[けんち]を探[さが]している,I am looking for a detection; kenchi means detection.
激減[げきげん]が必要[ひつよう]だ,a dramatic decrease is needed; gekigen means dramatic decrease.
これは調味[ちょうみ]だ,this is a seasoning; choumi means seasoning.
本当[ほんとう]の関税[かんぜい]だ,it is a real customs; kanzei means customs.
皆[みんな]陽気[ようき]だ,everyone is cheerful; youki means cheerful.
やっぱり隣接[りんせつ]だ,it is an adjacency after all; rinsetsu means adjacency.
高層[こうそう]がある,there is a high-rise; kousou means high-rise.
ちょっとしつこい,it is a bit insistent; shitsukoi means insistent.
これは俺[おれ]のサバイバルだ,this is my survival; sabaibaru means survival.
ハーブとは何[なん]だ,what is an herb; haabu means herb.
今晩[こんばん]言[い]った,I said it tonight; komban means tonight.
それはせきじゃない,that is not a cough; seki means cough.
成熟[せいじゅく]の事[こと]を言[い]っている,I am talking about a maturity; seijuku means maturity.
その木造[もくぞう]が欲[ほ]しい,I want that wooden; mokuzou means wooden.
この表彰[ひょうしょう]を知[し]っているか,do you know this commendation; hyoushou means commendation.
それは顕著[けんちょ]だ,that one is remarkable; kencho means remarkable.
しょっちゅういい,it is always good; shocchuu means always.
これはラノベだ,this is a light novel; ranobe means light novel.
本当[ほんとう]の一線[いっせん]だ,it is a real one line; issen means one line.
偏差[へんさ]じゃない,it is not a deflection; hensa means deflection.
やっぱり境[さかい]だ,it is a border after all; sakai means border.
好感[こうかん]がある,there is a good feeling; koukan means good feeling.
それを広[ひろ]げる,I will spread that; hirogeru means to spread.
これは俺[おれ]の座標[ざひょう]だ,this is my coordinate; zahyou means coordinate.
日和[ひより]とは何[なん]だ,what is a weather; hiyori means weather.
これは真[ま]っ白[しろ]だ,this one is pure white; masshiro means pure white.
それは着手[ちゃくしゅ]じゃない,that is not a starting work; chakushu means starting work.
積[つ]み重[かさ]ねの事[こと]を言[い]っている,I am talking about a pile; tsumikasane means pile.
その苦戦[くせん]が欲[ほ]しい,I want that hard fight; kusen means hard fight.
この開花[かいか]を知[し]っているか,do you know this flowering; kaika means flowering.
鳩[ばと]を探[さが]している,I am looking for a pigeon; bato means pigeon.
フローが必要[ひつよう]だ,a flow is needed; furo means flow.
これは地盤[じばん]だ,this is a ground; jiban means ground.
暴言[ぼうげん]じゃない,it is not an abusive language; bougen means abusive language.
明日[あした]満[み]ち溢[あふ]れる,I will be full of tomorrow; michiafureru means to be full of.
すごく醜[みにく]い,it is really ugly; minikui means ugly.
鐘[かね]を見[み]た,I saw a bell; kane means bell.
これは俺[おれ]のうらだ,this is my inlet; ura means inlet.
味付[あじつ]けとは何[なん]だ,what is a seasoning; ajitsuke means seasoning.
大[おお]きな団結[だんけつ]だ,it is a big unity; danketsu means unity.
それは展覧[てんらん]じゃない,that is not an exhibition; tenran means exhibition.
慰[なぐさ]めの事[こと]を言[い]っている,I am talking about a comfort; nagusame means comfort.
その教諭[きょうゆ]が欲[ほ]しい,I want that teacher; kyouyu means teacher.
この早起[はやお]きを知[し]っているか,do you know this getting up early; hayaoki means getting up early.
画眉[がび]を探[さが]している,I am looking for a penciling eyebrows; gabi means penciling eyebrows.
閣下[かっか]が必要[ひつよう]だ,a your Excellency is needed; kakka means your Excellency.
本当[ほんとう]の並行[へいこう]だ,it is a real going side-by-side; heikou means going side-by-side.
丸出[まるだ]しじゃない,it is not an exposed; marudashi means exposed.
それは厚[あつ]い,that one is thick; atsui means thick.
嗜好[しこう]がある,there is a taste; shikou means taste.
心身[しんしん]を見[み]た,I saw a mind and body; shinshin means mind and body.
これは俺[おれ]の抹消[まっしょう]だ,this is my erasure; masshou means erasure.
極限[きょくげん]とは何[なん]だ,what is an utmost limits; kyokugen means utmost limits.
大[おお]きな横綱[よこづな]だ,it is a big yokozuna; yokozuna means yokozuna.
それは樹脂[じゅし]じゃない,that is not a resin; jushi means resin.
残留[ざんりゅう]の事[こと]を言[い]っている,I am talking about a staying behind; zanryuu means staying behind.
その異議[いぎ]が欲[ほ]しい,I want that objection; igi means objection.
この綿[わた]を知[し]っているか,do you know this cotton; wata means cotton.
要領[ようりょう]を探[さが]している,I am looking for a point; youryou means point.
足首[あしくび]が必要[ひつよう]だ,an ankle is needed; ashikubi means ankle.
これはリサーチだ,this is a research; risaachi means research.
それは上等[じょうとう]だ,that one is superior; joutou means superior.
力士[りきし]じゃない,it is not a sumo wrestler; rikishi means sumo wrestler.
やっぱり労力[ろうりょく]だ,it is a labour after all; rouryoku means labour.
合[ごう]コンがある,there is a joint party; goukon means joint party.
何[なに]を弾[はじ]くのか,what do you flip; hajiku means to flip.
明日[あした]数[かぞ]える,I will count tomorrow; kazoeru means to count.
暖房[だんぼう]とは何[なん]だ,what is a heating; dambou means heating.
大[おお]きな梶[かじ]だ,it is a big paper mulberry; kaji means paper mulberry.
それは死因[しいん]じゃない,that is not a cause of death; shiin means cause of death.
見本[みほん]の事[こと]を言[い]っている,I am talking about a sample; mihon means sample.
その語尾[ごび]が欲[ほ]しい,I want that ending of a word; gobi means ending of a word.
この誤射[ごしゃ]を知[し]っているか,do you know this accidental shooting; gosha means accidental shooting.
魅了[みりょう]を探[さが]している,I am looking for a charm; miryou means charm.
これはちゅうだ,this is a kiss; chuu means kiss.
すごくシュールだ,it is really surreal; shuuru means surreal.
明日[あした]噛[か]み切[き]る,I will bite off tomorrow; kamikiru means to bite off.
やっぱり学級[がっきゅう]だ,it is a class after all; gakkyuu means class.
屁[へ]がある,there is a fart; he means fart.
幻覚[げんかく]を見[み]た,I saw a hallucination; genkaku means hallucination.
これは俺[おれ]の採掘[さいくつ]だ,this is my mining; saikutsu means mining.
柿落[こけらお]としとは何[なん]だ,what is an opening of a new theater; kokeraotoshi means opening of a new theater.
大[おお]きな烏[からす]だ,it is a big crow; karasu means crow.
さも言[い]った,I said it really; samo means really.
種子[しゅし]の事[こと]を言[い]っている,I am talking about a seed; shushi means seed.
その諜報[ちょうほう]が欲[ほ]しい,I want that secret information; chouhou means secret information.
この賭博[とばく]を知[し]っているか,do you know this gambling; tobaku means gambling.
明日[あした]込[こ]む,I will be crowded tomorrow; komu means to be crowded.
出所[でどころ]が必要[ひつよう]だ,a source is needed; dedokoro means source.
これは去[さ]り際[ぎわ]だ,this is a departure; sarigiwa means departure.
本当[ほんとう]の命中[めいちゅう]だ,it is a real hit; meichuu means hit.
すごく巧[たく]みだ,it is really skillful; takumi means skillful.
これから教[おし]え込[こ]む,I will teach thoroughly from now on; oshiekomu means to teach thoroughly.
流入[りゅうにゅう]がある,there is an inflow; ryuunyuu means inflow.
祈願[きがん]を見[み]た,I saw a prayer; kigan means prayer.
これは俺[おれ]の自律[じりつ]だ,this is my autonomy; jiritsu means autonomy.
近頃[ちかごろ]なった,it turned out lately; chikagoro means lately.
明日[あした]飛[と]び去[さ]る,I will fly away tomorrow; tobisaru means to fly away.
それは食器[しょっき]じゃない,that is not a tableware; shokki means tableware.
けっ、分[わ]かった,ugh I understand; ket means ugh.
そのロマンスが欲[ほ]しい,I want that romance; romansu means romance.
この勝率[しょうりつ]を知[し]っているか,do you know this winning percentage; shouritsu means winning percentage.
封[ふう]を探[さが]している,I am looking for a seal; fuu means seal.
摩擦[まさつ]が必要[ひつよう]だ,a friction is needed; masatsu means friction.
これは断片[だんぺん]だ,this is a fragment; dampen means fragment.
ちゃんと浮[う]かばれる,I rest in peace properly; ukabareru means to rest in peace.
焼[や]き鳥[とり]じゃない,it is not a yakitori; yakitori means yakitori.
かか言[い]った,I said it loudly; kaka means loudly.
それはへっちゃらだ,that one is unconcerned; hecchara means unconcerned.
アラームを見[み]た,I saw an alarm; araamu means alarm.
これは俺[おれ]のスタミナだ,this is my stamina; sutamina means stamina.
すごく優勢[ゆうせい]だ,it is really superiority; yuusei means superiority.
ちょっと切[せつ]ない,it is a bit painful; setsunai means painful.
それは勃発[ぼっぱつ]じゃない,that is not an outbreak; boppatsu means outbreak.
半減[はんげん]の事[こと]を言[い]っている,I am talking about a reduction by half; hangen means reduction by half.
その容認[ようにん]が欲[ほ]しい,I want that approval; younin means approval.
この樹木[じゅもく]を知[し]っているか,do you know this tree; jumoku means tree.
はれを探[さが]している,I am looking for a swelling; hare means swelling.
それを設[もう]ける,I will prepare that; moukeru means to prepare.
これは配属[はいぞく]だ,this is an assignment; haizoku means assignment.
明日[あした]食[く]い破[やぶ]る,I will bite and tear tomorrow; kuiyaburu means to bite and tear.
ニュアンスじゃない,it is not a nuance; nyuansu means nuance.
おとといした,I did it day before yesterday; ototoi means day before yesterday.
串[くし]がある,there is a spit; kushi means spit.
それは人柄[ひとがら]だ,that one is personality; hitogara means personality.
これは俺[おれ]の同調[どうちょう]だ,this is my conformity; douchou means conformity.
大豆[だいず]とは何[なん]だ,what is a soya bean; daizu means soya bean.
大[おお]きな奏者[そうしゃ]だ,it is a big instrumentalist; sousha means instrumentalist.
俺[おれ]が引[ひ]き出[だ]す,I am the one who will pull out; hikidasu means to pull out.
昼飯[ひるめし]の事[こと]を言[い]っている,I am talking about a lunch; hirumeshi means lunch.
その歩[あゆ]みが欲[ほ]しい,I want that walking; ayumi means walking.
この毛皮[けがわ]を知[し]っているか,do you know this fur; kegawa means fur.
皆[みんな]で沈[しず]む,all of us sink; shizumu means to sink.
生前[せいぜん]いい,it is while alive good; seizen means while alive.
これは緩[ゆる]やかだ,this one is loose; yuruyaka means loose.
本当[ほんとう]の超越[ちょうえつ]だ,it is a real transcendence; chouetsu means transcendence.
マーチじゃない,it is not a march; maachi means march.
やっぱり一掃[いっそう]だ,it is a clean sweep after all; issou means clean sweep.
上京[じょうきょう]がある,there is a going to the capital; joukyou means going to the capital.
上演[じょうえん]を見[み]た,I saw a performance; jouen means performance.
後々[のちのち]なった,it turned out future; nochinochi means future.
案[あん]の定[じょう]いい,it is as expected good; annojou means as expected.
大[おお]きな相方[あいかた]だ,it is a big partner; aikata means partner.
すごく自在[じざい]だ,it is really being able to do as one pleases; jizai means being able to do as one pleases.
ときめきの事[こと]を言[い]っている,I am talking about a beating; tokimeki means beating.
そのエコーが欲[ほ]しい,I want that echo; eko means echo.
このシチューを知[し]っているか,do you know this stew; shichu means stew.
占拠[せんきょ]を探[さが]している,I am looking for an occupation; senkyo means occupation.
聖職[せいしょく]が必要[ひつよう]だ,an esteemed profession is needed; seishoku means esteemed profession.
ちゃんと責[せ]める,I condemn properly; semeru means to condemn.
本当[ほんとう]の順序[じゅんじょ]だ,it is a real order; junjo means order.
皆[みんな]めんどい,everyone is troublesome; mendoi means troublesome.
やっぱりノルマだ,it is a quota after all; noruma means quota.
倍増[ばいぞう]がある,there is a doubling; baizou means doubling.
初戦[しょせん]を見[み]た,I saw a first match; shosen means first match.
これは俺[おれ]の収束[しゅうそく]だ,this is my conclusion; shuusoku means conclusion.
今[いま]取[と]り除[のぞ]く,now I remove; torinozoku means to remove.
大[おお]きな地中[ちちゅう]だ,it is a big in the ground; chichuu means in the ground.
それは変装[へんそう]じゃない,that is not a disguise; hensou means disguise.
すごく尋常[じんじょう]だ,it is really common; jinjou means common.
そのとうきが欲[ほ]しい,I want that dong dang gui; touki means dong dang gui.
この暫定[ざんてい]を知[し]っているか,do you know this provisional; zantei means provisional.
これは極上[ごくじょう]だ,this one is first-rate; gokujou means first-rate.
牡蠣[かき]が必要[ひつよう]だ,an oyster is needed; kaki means oyster.
これは精力[せいりょく]だ,this is an energy; seiryoku means energy.
本当[ほんとう]の蛍[ほたる]だ,it is a real firefly; hotaru means firefly.
路地[ろじ]じゃない,it is not an alley; roji means alley.
やっぱりエロスだ,it is eros after all; erosu means eros.
ノックがある,there is a knock; nokku means knock.
これから例[たと]える,I will compare to from now on; tatoeru means to compare to.
もとよりした,I did it from the beginning; motoyori means from the beginning.
変人[へんじん]とは何[なん]だ,what is an eccentric; henjin means eccentric.
大[おお]きな変革[へんかく]だ,it is a big change; henkaku means change.
それは布教[ふきょう]じゃない,that is not a propagation; fukyou means propagation.
何[なに]を描[か]き込[こ]むのか,what do you draw in detail; kakikomu means to draw in detail.
その期日[きじつ]が欲[ほ]しい,I want that fixed date; kijitsu means fixed date.
この混沌[こんとん]を知[し]っているか,do you know this chaos; konton means chaos.
渓谷[けいこく]を探[さが]している,I am looking for a valley; keikoku means valley.
今[いま]磨[みが]き上[あ]げる,now I polish up; migakiageru means to polish up.
これは繋[つな]ぎだ,this is a link; tsunagi means link.
本当[ほんとう]の要約[ようやく]だ,it is a real summary; youyaku means summary.
配管[はいかん]じゃない,it is not a plumbing; haikan means plumbing.
マントがある,there is a mantle; manto means mantle.
中隊[ちゅうたい]を見[み]た,I saw a company; chuutai means company.
これは俺[おれ]の対価[たいか]だ,this is my compensation; taika means compensation.
小麦[こむぎ]とは何[なん]だ,what is a wheat; komugi means wheat.
すごく巧妙[こうみょう]だ,it is really ingenious; koumyou means ingenious.
それは投影[とうえい]じゃない,that is not a projection; touei means projection.
しんじゅの事[こと]を言[い]っている,I am talking about a pearl; shinju means pearl.
その身元[みもと]が欲[ほ]しい,I want that identity; mimoto means identity.
この内戦[ないせん]を知[し]っているか,do you know this civil war; naisen means civil war.
悪徳[あくとく]を探[さが]している,I am looking for a vice; akutoku means vice.
抗争[こうそう]が必要[ひつよう]だ,a rivalry is needed; kousou means rivalry.
これは模範[もはん]だ,this is an exemplar; mohan means exemplar.
本当[ほんとう]の現物[げんぶつ]だ,it is a real actual article or goods; gembutsu means actual article or goods.
窮地[きゅうち]じゃない,it is not a dilemma; kyuuchi means dilemma.
やっぱり藻[も]だ,it is an algae after all; mo means algae.
遭難[そうなん]がある,there is a disaster; sounan means disaster.
音色[おんしょく]を見[み]た,I saw a tone color; onshoku means tone color.
とても乏[とぼ]しい,it is very meagre; toboshii means meagre.
体勢[たいせい]とは何[なん]だ,what is a posture; taisei means posture.
大[おお]きな合致[がっち]だ,it is a big agreement; gacchi means agreement.
ちゃんと外[はず]れる,I am disconnected properly; hazureru means to be disconnected.
引[ひ]き継[つ]ぎの事[こと]を言[い]っている,I am talking about a taking over; hikitsugi means taking over.
その後回[あとまわ]しが欲[ほ]しい,I want that putting off; atomawashi means putting off.
それを損[そん]する,I will lose that; sonsuru means to lose.
暮[く]れ言[い]った,I said it sunset; kure means sunset.
猪[いのしし]が必要[ひつよう]だ,a wild boar is needed; inoshishi means wild boar.
これは皆[みな]の衆[しゅう]だ,this is an everybody; minanoshuu means everybody.
本当[ほんとう]の算出[さんしゅつ]だ,it is a real calculation; sanshutsu means calculation.
茎[くき]じゃない,it is not a stalk; kuki means stalk.
やっぱり見送[みおく]りだ,it is a seeing off after all; miokuri means seeing off.
皆[みんな]豪快[ごうかい]だ,everyone is hearty; goukai means hearty.
重[おも]みを見[み]た,I saw a weight; omomi means weight.
これは俺[おれ]の偉人[いじん]だ,this is my great person; ijin means great person.
塚[づか]とは何[なん]だ,what is a mound; zuka means mound.
大[おお]きな太刀[たち]だ,it is a big long sword; tachi means long sword.
それは寸法[すんぽう]じゃない,that is not a measurement; sumpou means measurement.
すごく小[こ]まめだ,it is really diligent; komame means diligent.
それは強固[きょうこ]だ,that one is firm; kyouko means firm.
この正論[せいろん]を知[し]っているか,do you know this sound argument; seiron means sound argument.
至[いた]りを探[さが]している,I am looking for an utmost limit; itari means utmost limit.
障壁[しょうへき]が必要[ひつよう]だ,an enclosing wall is needed; shouheki means enclosing wall.
これは頂[いただき]だ,this is a crown; itadaki means crown.
本当[ほんとう]の顔色[かおいろ]だ,it is a real complexion; kaoiro means complexion.
やっぱりどきだ,it is an earthenware after all; doki means earthenware.
はてさて、分[わ]かった,huh I understand; hatesate means huh.
一刻[いっこく]を見[み]た,I saw a moment; ikkoku means a moment.
これは俺[おれ]の修羅[しゅら]だ,this is my Asura; shura means Asura.
出迎[でむか]えとは何[なん]だ,what is a receiving; demukae means receiving.
大[おお]きな切除[せつじょ]だ,it is a big cut off; setsujo means cut off.
それは別物[べつもの]じゃない,that is not an another thing; betsumono means another thing.
北方[ほっぽう]の事[こと]を言[い]っている,I am talking about the north; hoppou means the north.
その唾[つば]が欲[ほ]しい,I want that saliva; tsuba means saliva.
それは平穏[へいおん]だ,that one is tranquil; heion means tranquil.
徴兵[ちょうへい]を探[さが]している,I am looking for a conscription; chouhei means conscription.
愛想[あいそ]が必要[ひつよう]だ,an amiability is needed; aiso means amiability.
これは焦[あせ]りだ,this is an impatience; aseri means impatience.
本当[ほんとう]の白紙[はくし]だ,it is a real white paper; hakushi means white paper.
開閉[かいへい]じゃない,it is not an opening and shutting; kaihei means opening and shutting.
やっぱりがつんだ,it is a klop after all; gatsun means klop.
コスメがある,there is cosmetics; kosume means cosmetics.
下地[したじ]を見[み]た,I saw a groundwork; shitaji means groundwork.
よく勧[すす]める,I often recommend; susumeru means to recommend.
厨房[ちゅうぼう]とは何[なん]だ,what is a kitchen; chuubou means kitchen.
たまに叶[かな]える,I grant once in a while; kanaeru means to grant.
それは噴出[ふんしゅつ]じゃない,that is not a spewing; funshutsu means spewing.
忘[わす]れ物[もの]の事[こと]を言[い]っている,I am talking about a lost article; wasuremono means lost article.
その末端[まったん]が欲[ほ]しい,I want that end; mattan means end.
明日[あした]泊[と]まる,I will stay at tomorrow; tomaru means to stay at.
移送[いそう]を探[さが]している,I am looking for a transfer; isou means transfer.
むしばが必要[ひつよう]だ,a tooth decay is needed; mushiba means tooth decay.
これは警護[けいご]だ,this is a bodyguard; keigo means bodyguard.
本当[ほんとう]のハプニングだ,it is a real incident; hapuningu means incident.
バリアじゃない,it is not a barrier; baria means barrier.
やっぱり一転[いってん]だ,it is one turn after all; itten means one turn.
再編[さいへん]がある,there is a reorganization; saihen means reorganization.
大小[だいしょう]を見[み]た,I saw a size; daishou means size.
俺[おれ]が弾[はじ]き飛[と]ばす,I am the one who will flick off; hajikitobasu means to flick off.
授与[じゅよ]とは何[なん]だ,what is an awarding; juyo means awarding.
大[おお]きな聴覚[ちょうかく]だ,it is a big hearing; choukaku means hearing.
それはひらじゃない,that is not a something broad and flat; hira means something broad and flat.
このややこしいやつだ,it is this complicated one; yayakoshii means complicated.
その一息[ひといき]が欲[ほ]しい,I want that one breath; hitoiki means one breath.
これは多量[たりょう]だ,this one is large quantity; taryou means large quantity.
失調[しっちょう]を探[さが]している,I am looking for a lack of harmony; shicchou means lack of harmony.
敗退[はいたい]が必要[ひつよう]だ,a being defeated is needed; haitai means being defeated.
これは新種[しんしゅ]だ,this is a new species; shinshu means new species.
これは無邪気[むじゃき]だ,this one is innocent; mujaki means innocent.
竜巻[たつまき]じゃない,it is not a tornado; tatsumaki means tornado.
やっぱりつなだ,it is a rope after all; tsuna means rope.
背筋[せすじ]がある,there is a spine; sesuji means spine.
ローストを見[み]た,I saw a roast; roosuto means roast.
これは俺[おれ]の中性[ちゅうせい]だ,this is my neutrality; chuusei means neutrality.
候[こう]とは何[なん]だ,what is a season; kou means season.
大[おお]きな先代[せんだい]だ,it is a big previous generation; sendai means previous generation.
それは同種[どうしゅ]じゃない,that is not a same kind; doushu means same kind.
大[おお]とろの事[こと]を言[い]っている,I am talking about a fat under-belly of tuna; ootoro means fat under-belly of tuna.
その対峙[たいじ]が欲[ほ]しい,I want that standing facing each other; taiji means standing facing each other.
ちゃんと弾[はじ]ける,I burst open properly; hajikeru means to burst open.
書物[しょもつ]を探[さが]している,I am looking for a book; shomotsu means book.
直送[ちょくそう]が必要[ひつよう]だ,a direct delivery is needed; chokusou means direct delivery.
これは眠気[ねむけ]だ,this is a sleepiness; nemuke means sleepiness.
本当[ほんとう]の途絶[とだ]えだ,it is a real pause; todae means pause.
闘士[とうし]じゃない,it is not a fighter; toushi means fighter.
すごく雄大[ゆうだい]だ,it is really grand; yuudai means grand.
アリバイがある,there is an alibi; aribai means alibi.
クイックを見[み]た,I saw a quick; kuikku means quick.
これは俺[おれ]のリカバリーだ,this is my recovery; rikabari means recovery.
ちゃんと勝[まさ]る,I excel properly; masaru means to excel.
大[おお]きな封入[ふうにゅう]だ,it is a big sealing inside; fuunyuu means sealing inside.
それは引[ひ]き取[と]りじゃない,that is not a taking; hikitori means taking.
根底[こんてい]の事[こと]を言[い]っている,I am talking about a root; kontei means root.
その煮込[にこ]みが欲[ほ]しい,I want that stew; nikomi means stew.
明日[あした]覗[のぞ]く,I will peek tomorrow; nozoku means to peek.
貨幣[かへい]を探[さが]している,I am looking for a money; kahei means money.
ちょいちょいした,I did it often; choichoi means often.
これはハーモニーだ,this is a harmony; haamoni means harmony.
それは勇敢[ゆうかん]だ,that one is brave; yuukan means brave.
皆[みんな]強硬[きょうこう]だ,everyone is firm; kyoukou means firm.
やっぱり心拍[しんぱく]だ,it is a heartbeat after all; shimpaku means heartbeat.
生死[せいし]がある,there is a life and death; seishi means life and death.
瞬時[しゅんじ]を見[み]た,I saw an instant; shunji means instant.
これは俺[おれ]の結束[けっそく]だ,this is my union; kessoku means union.
これは臆病[おくびょう]だ,this one is cowardly; okubyou means cowardly.
大[おお]きな質感[しつかん]だ,it is a big feel; shitsukan means feel.
一緒[いっしょ]に鳴[な]らす,we will ring together; narasu means to ring.
スク水[みず]の事[こと]を言[い]っている,I am talking about a school swimsuit; sukumizu means school swimsuit.
その一変[いっぺん]が欲[ほ]しい,I want that complete change; ippen means complete change.
この交番[こうばん]を知[し]っているか,do you know this police box; kouban means police box.
兵力[へいりょく]を探[さが]している,I am looking for a military force; heiryoku means military force.
出没[しゅつぼつ]が必要[ひつよう]だ,a making frequent appearances is needed; shutsubotsu means making frequent appearances.
ちゃんと崩[くず]す,I destroy properly; kuzusu means to destroy.
すごく忠義[ちゅうぎ]だ,it is really loyalty; chuugi means loyalty.
海鮮[かいせん]じゃない,it is not a seafood; kaisen means seafood.
何[なに]を生[う]み落[お]とすのか,what do you give birth to; umiotosu means to give birth to.
舗装[ほそう]がある,there is a paving; hosou means paving.
すごく露骨[ろこつ]だ,it is really open; rokotsu means open.
これは俺[おれ]のパウダーだ,this is my powder; pauda means powder.
一派[いっぱ]とは何[なん]だ,what is one school; ippa means one school.
これは多岐[たき]だ,this one is diverse; taki means diverse.
それは奇襲[きしゅう]じゃない,that is not a surprise attack; kishuu means surprise attack.
それは必至[ひっし]だ,that one is inevitable; hisshi means inevitable.
その悪霊[あくりょう]が欲[ほ]しい,I want that evil spirit; akuryou means evil spirit.
これは極度[きょくど]だ,this one is maximum; kyokudo means maximum.
楽団[がくだん]を探[さが]している,I am looking for an orchestra; gakudan means orchestra.
着目[ちゃくもく]が必要[ひつよう]だ,an attention is needed; chakumoku means attention.
これは立案[りつあん]だ,this is a planning; ritsuan means planning.
本当[ほんとう]の策略[さくりゃく]だ,it is a real stratagem; sakuryaku means stratagem.
纏[まと]め役[やく]じゃない,it is not a mediator; matomeyaku means mediator.
やっぱり運勢[うんせい]だ,it is a fortune after all; unsei means fortune.
だらだらいい,it is in drops good; daradara means in drops.
ばくを見[み]た,I saw a doctor; baku means doctor.
これは俺[おれ]のシャドーだ,this is my shadow; shado means shadow.
入団[にゅうだん]とは何[なん]だ,what is a joining; nyuudan means joining.
大[おお]きな出稼[でかせ]ぎだ,it is a big working away from home; dekasegi means working away from home.
それは変貌[へんぼう]じゃない,that is not a transfiguration; hembou means transfiguration.
大雪[おおゆき]の事[こと]を言[い]っている,I am talking about a heavy snow; ooyuki means heavy snow.
その対空[たいくう]が欲[ほ]しい,I want that anti-aircraft; taikuu means anti-aircraft.
思[おも]い切[っき]りいい,it is to one's heart's content good; omoikkiri means to one's heart's content.
横領[おうりょう]を探[さが]している,I am looking for an embezzlement; ouryou means embezzlement.
浴場[よくじょう]が必要[ひつよう]だ,a bathhouse is needed; yokujou means bathhouse.
これは深層[しんそう]だ,this is depths; shinsou means depths.
これから湧[わ]き上[あ]がる,I will boil up from now on; wakiagaru means to boil up.
真意[しんい]じゃない,it is not a real intention; shini means real intention.
ちゃんと競[きそ]う,I compete properly; kisou means to compete.
俺[おれ]が脅[おびや]かす,I am the one who will threaten; obiyakasu means to threaten.
覆面[ふくめん]を見[み]た,I saw a mask; fukumen means mask.
これは俺[おれ]の証書[しょうしょ]だ,this is my document; shousho means document.
あいびきとは何[なん]だ,what is a clandestine meeting; aibiki means clandestine meeting.
大[おお]きな開戦[かいせん]だ,it is a big outbreak of war; kaisen means outbreak of war.
それは間際[まぎわ]じゃない,that is not the point just before; magiwa means the point just before.
ナットの事[こと]を言[い]っている,I am talking about a nut; natto means nut.
その先延[さきの]ばしが欲[ほ]しい,I want that delay; sakinobashi means delay.
それは切実[せつじつ]だ,that one is earnest; setsujitsu means earnest.
受理[じゅり]を探[さが]している,I am looking for an acceptance; juri means acceptance.
密集[みっしゅう]が必要[ひつよう]だ,a crowding together is needed; misshuu means crowding together.
なおかつ言[い]った,I said it besides; naokatsu means besides.
それを折[お]る,I will break that; oru means to break.
決行[けっこう]じゃない,it is not a doing; kekkou means doing.
これは満腹[まんぷく]だ,this one is full stomach; mampuku means full stomach.
生還[せいかん]がある,there is a returning alive; seikan means returning alive.
筋力[きんりょく]を見[み]た,I saw a physical strength; kinryoku means physical strength.
これは俺[おれ]の素質[そしつ]だ,this is my makings; soshitsu means makings.
聖戦[せいせん]とは何[なん]だ,what is a holy war; seisen means holy war.
大[おお]きな蒸留[じょうりゅう]だ,it is a big distillation; jouryuu means distillation.
近々[きんきん]なった,it turned out soon; kinkin means soon.
一新[いっしん]の事[こと]を言[い]っている,I am talking about a complete change; isshin means complete change.
今朝方[けさがた]した,I did it this morning; kesagata means this morning.
この信心[しんじん]を知[し]っているか,do you know this faith; shinjin means faith.
偽善[ぎぜん]を探[さが]している,I am looking for a hypocrisy; gizen means hypocrisy.
皆[みんな]冷酷[れいこく]だ,everyone is cruelty; reikoku means cruelty.
これは史実[しじつ]だ,this is a historical fact; shijitsu means historical fact.
本当[ほんとう]の弱[よわ]みだ,it is a real weakness; yowami means weakness.
もめじゃない,it is not a quarrel; mome means quarrel.
やっぱり日差[ひざ]しだ,it is a sunlight after all; hizashi means sunlight.
本位[ほんい]がある,there is a standard; honi means standard.
根元[ねもと]を見[み]た,I saw a root; nemoto means root.
これは俺[おれ]の異物[いぶつ]だ,this is my foreign substance; ibutsu means foreign substance.
等身[とうしん]とは何[なん]だ,what is a body proportions; toushin means body proportions.
大[おお]きな縄張[なわば]りだ,it is a big stretching a rope around; nawabari means stretching a rope around.
それは解呪[かいじゅ]じゃない,that is not a lifting a curse; kaiju means lifting a curse.
その近接[きんせつ]が欲[ほ]しい,I want that proximity; kinsetsu means proximity.
この陥落[かんらく]を知[し]っているか,do you know this subsidence; kanraku means subsidence.
ぶらん言[い]った,I said it hanging loosely; buran means hanging loosely.
代弁[だいべん]が必要[ひつよう]だ,a speaking by proxy is needed; daiben means speaking by proxy.
皆[みんな]善良[ぜんりょう]だ,everyone is good; zenryou means good.
たまに巻[ま]く,I wind once in a while; maku means to wind.
昔話[むかしばなし]じゃない,it is not an old tale; mukashibanashi means old tale.
俺[おれ]が煽[あお]る,I am the one who will fan; aoru means to fan.
貧血[ひんけつ]がある,there is an anemia; hinketsu means anemia.
遠方[えんぽう]を見[み]た,I saw a distant place; empou means distant place.
これは俺[おれ]のブレードだ,this is my blade; bureedo means blade.
万一[まんいち]とは何[なん]だ,what is an emergency; manichi means emergency.
大[おお]きな事変[じへん]だ,it is a big accident; jihen means accident.
それは古参[こさん]じゃない,that is not a senior; kosan means senior.
現世[げんせ]の事[こと]を言[い]っている,I am talking about this world; gense means this world.
その罰則[ばっそく]が欲[ほ]しい,I want that punishment; bassoku means punishment.
ちゃんと萎[な]える,I lose strength properly; naeru means to lose strength.
責務[せきむ]を探[さが]している,I am looking for a duty; sekimu means duty.
通達[つうたつ]が必要[ひつよう]だ,a notification is needed; tsuutatsu means notification.
これは兆[きざ]しだ,this is a sign; kizashi means sign.
本当[ほんとう]の同席[どうせき]だ,it is a real being present; douseki means being present.
密閉[みっぺい]じゃない,it is not a shutting tightly; mippei means shutting tightly.
やっぱり成就[じょうじゅ]だ,it is a fulfillment after all; jouju means fulfillment.
敵意[てきい]がある,there is a hostility; tekii means hostility.
欠損[けっそん]を見[み]た,I saw a deficit; kesson means deficit.
これは俺[おれ]の決[けつ]だ,this is my decision; ketsu means decision.
潜[もぐ]りとは何[なん]だ,what is a diving; moguri means diving.
大[おお]きな盛況[せいきょう]だ,it is a big success; seikyou means success.
それは直下[ちょっか]じゃない,that is not a directly under; chokka means directly under.
組成[そせい]の事[こと]を言[い]っている,I am talking about a composition; sosei means composition.
その行[い]き先[さき]が欲[ほ]しい,I want that destination; ikisaki means destination.
この開口[かいこう]を知[し]っているか,do you know this opening; kaikou means opening.
皆[みんな]クリティカルだ,everyone is critical; kuritikaru means critical.
ペンダントが必要[ひつよう]だ,a pendant is needed; pendanto means pendant.
これは人造[じんぞう]だ,this is an artificial; jinzou means artificial.
本当[ほんとう]の悪名[あくめい]だ,it is a real bad reputation; akumei means bad reputation.
撤収[てっしゅう]じゃない,it is not a removal; tesshuu means removal.
やっぱり攻防[こうぼう]だ,it is an offense and defense after all; koubou means offense and defense.
朝飯[あさめし]がある,there is a breakfast; asameshi means breakfast.
活力[かつりょく]を見[み]た,I saw a vitality; katsuryoku means vitality.
これは俺[おれ]の活気[かっき]だ,this is my energy; kakki means energy.
それを深[ふか]める,I will deepen that; fukameru means to deepen.
すごく滑稽[こっけい]だ,it is really funny; kokkei means funny.
皆[みんな]窮屈[きゅうくつ]だ,everyone is narrow; kyuukutsu means narrow.
皆[みんな]で繰[く]り広[ひろ]げる,all of us unfold; kurihirogeru means to unfold.
この虚無[きょむ]を知[し]っているか,do you know this nihility; kyomu means nihility.
起点[きてん]を探[さが]している,I am looking for a starting point; kiten means starting point.
趣[おもむき]が必要[ひつよう]だ,a meaning is needed; omomuki means meaning.
これはリールだ,this is a reel; riiru means reel.
本当[ほんとう]の八[や]つ当[あ]たりだ,it is a real venting one's anger; yatsuatari means venting one's anger.
大空[おおぞら]じゃない,it is not a wide open sky; oozora means wide open sky.
やっぱり押[お]し出[だ]しだ,it is a pushing something out after all; oshidashi means pushing something out.
明[あ]かりがある,there is a light; akari means light.
武者[むしゃ]を見[み]た,I saw a warrior; musha means warrior.
これは俺[おれ]の結社[けっしゃ]だ,this is my association; kessha means association.
覇[は]とは何[なん]だ,what is a supremacy; ha means supremacy.
大[おお]きな切[き]り捨[す]てだ,it is a big cutting a person down; kirisute means cutting a person down.
それは助[すけ]っ人[と]じゃない,that is not a helper; suketto means helper.
安堵[あんど]の事[こと]を言[い]っている,I am talking about a relief; ando means relief.
その後続[こうぞく]が欲[ほ]しい,I want that succeeding; kouzoku means succeeding.
このまなざしを知[し]っているか,do you know this look; manazashi means look.
糾弾[きゅうだん]を探[さが]している,I am looking for a censure; kyuudan means censure.
鎮圧[ちんあつ]が必要[ひつよう]だ,a suppression is needed; chinatsu means suppression.
これはしもだ,this is a frost; shimo means frost.
明日[あした]乗[の]り換[か]える,I will transfer tomorrow; norikaeru means to transfer.
永続[えいぞく]じゃない,it is not a permanence; eizoku means permanence.
やっぱり蝉[せみ]だ,it is a cicada after all; semi means cicada.
読[よ]み書[か]きがある,there is a reading and writing; yomikaki means reading and writing.
ボンボンを見[み]た,I saw a bonbon; bombon means bonbon.
これは俺[おれ]の享受[きょうじゅ]だ,this is my enjoyment; kyouju means enjoyment.
ちゃんと入[はい]り込[こ]む,I go into properly; hairikomu means to go into.
大[おお]きな具現[ぐげん]だ,it is a big incarnation; gugen means incarnation.
とても分厚[ぶあつ]い,it is very thick; buatsui means thick.
回生[かいせい]の事[こと]を言[い]っている,I am talking about a resurrection; kaisei means resurrection.
その折[お]り合[あ]いが欲[ほ]しい,I want that agreement; oriai means agreement.
明日[あした]ふく,I will wipe tomorrow; fuku means to wipe.
放流[ほうりゅう]を探[さが]している,I am looking for a discharge; houryuu means discharge.
時報[じほう]が必要[ひつよう]だ,an announcement of time is needed; jihou means announcement of time.
これは災難[さいなん]だ,this is a calamity; sainan means calamity.
本当[ほんとう]の点在[てんざい]だ,it is a real being dotted about; tenzai means being dotted about.
誓約[せいやく]じゃない,it is not an oath; seiyaku means oath.
すごく軽率[けいそつ]だ,it is really rash; keisotsu means rash.
イヤーとは何[なん]だ,what is an ear; iya means ear.
大[おお]きなチャイムだ,it is a big chime; chaimu means chime.
それはざんげじゃない,that is not a repentance; zange means repentance.
来訪[らいほう]の事[こと]を言[い]っている,I am talking about a visit; raihou means visit.
その生身[なまみ]が欲[ほ]しい,I want that living flesh; namami means living flesh.
この空洞[くうどう]を知[し]っているか,do you know this cavity; kuudou means cavity.
競売[きょうばい]を探[さが]している,I am looking for an auction; kyoubai means auction.
たまに絞[しぼ]る,I wring once in a while; shiboru means to wring.
これは繁盛[はんじょう]だ,this is a prosperity; hanjou means prosperity.
本当[ほんとう]の腑[ふ]だ,it is a real internal organ; fu means internal organ.
試着[しちゃく]じゃない,it is not a trying on clothes; shichaku means trying on clothes.
食後[しょくご]した,I did it after a meal; shokugo means after a meal.
スクラップがある,there is a scrap; sukurappu means scrap.
休戦[きゅうせん]を見[み]た,I saw a cease-fire; kyuusen means cease-fire.
これは俺[おれ]の偏[べん]だ,this is my left-hand radical of a character; ben means left-hand radical of a character.
やまやまとは何[なん]だ,what is mountains; yamayama means mountains.
大[おお]きな年明[としあ]けだ,it is a big beginning of the year; toshiake means beginning of the year.
それは店名[てんめい]じゃない,that is not a store name; temmei means store name.
皆[みんな]愚[ぐ]だ,everyone is foolishness; gu means foolishness.
ちゃんと戸惑[とまど]う,I am bewildered properly; tomadou means to be bewildered.
この携行[けいこう]を知[し]っているか,do you know this carrying; keikou means carrying.
朝御飯[あさごはん]を探[さが]している,I am looking for a breakfast; asagohan means breakfast.
何[なに]をあたためるのか,what do you warm; atatameru means to warm.
これは溺愛[できあい]だ,this is an infatuation; dekiai means infatuation.
本当[ほんとう]の首謀[しゅぼう]だ,it is a real plotting; shubou means plotting.
それはあからさまだ,that one is plain; akarasama means plain.
やっぱりほったらかしだ,it is a neglecting after all; hottarakashi means neglecting.
一端[いったん]がある,there is one end; ittan means one end.
これから労[いた]わる,I will pity from now on; itawaru means to pity.
これは俺[おれ]の同義[どうぎ]だ,this is my same meaning; dougi means same meaning.
夜更[よふ]かしとは何[なん]だ,what is a staying up late; yofukashi means staying up late.
大[おお]きな大笑[おおわら]いだ,it is a big great laughter; oowarai means great laughter.
それは寒気[さむけ]じゃない,that is not a chill; samuke means chill.
小指[こゆび]の事[こと]を言[い]っている,I am talking about a little finger; koyubi means little finger.
常々[つねづね]いい,it is always good; tsunezune means always.
この方角[ほうがく]を知[し]っているか,do you know this direction; hougaku means direction.
皆[みんな]で流行[はや]る,all of us am popular; hayaru means to be popular.
献上[けんじょう]が必要[ひつよう]だ,a presenting is needed; kenjou means presenting.
皆[みんな]端的[たんてき]だ,everyone is frank; tanteki means frank.
本当[ほんとう]の謹慎[きんしん]だ,it is a real self restraint; kinshin means self restraint.
不問[ふもん]じゃない,it is not a not asking; fumon means not asking.
やっぱり内包[ないほう]だ,it is a connotation after all; naihou means connotation.
凧糸[たこいと]がある,there is a kite string; takoito means kite string.
勇士[ゆうし]を見[み]た,I saw a brave warrior; yuushi means brave warrior.
何[なに]を取[と]り巻[ま]くのか,what do you surround; torimaku means to surround.
実録[じつろく]とは何[なん]だ,what is an authentic account; jitsuroku means authentic account.
大[おお]きな形跡[けいせき]だ,it is a big traces; keiseki means traces.
それは悪気[わるぎ]じゃない,that is not an ill will; warugi means ill will.
今[いま]扮[ふん]する,now I dress up as; funsuru means to dress up as.
その昼御飯[ひるごはん]が欲[ほ]しい,I want that lunch; hirugohan means lunch.
皆[みんな]異形[いぎょう]だ,everyone is fantastic; igyou means fantastic.
これは簡素[かんそ]だ,this one is simple; kanso means simple.
フェアリーが必要[ひつよう]だ,a fairy is needed; feari means fairy.
これは大吉[だいきち]だ,this is an excellent luck; daikichi means excellent luck.
皆[みんな]大雑把[おおざっぱ]だ,everyone is rough; oozappa means rough.
家臣[かしん]じゃない,it is not a vassal; kashin means vassal.
やっぱり抵触[ていしょく]だ,it is an infringement after all; teishoku means infringement.
相殺[そうさい]がある,there is an offset; sousai means offset.
試食[ししょく]を見[み]た,I saw a sampling food; shishoku means sampling food.
これは俺[おれ]の金銀[きんぎん]だ,this is my gold and silver; kingin means gold and silver.
長居[ながい]とは何[なん]だ,what is a long visit; nagai means long visit.
大[おお]きな音速[おんそく]だ,it is a big speed of sound; onsoku means speed of sound.
皆[みんな]ぶらぶらだ,everyone is dangling; burabura means dangling.
下心[したごころ]の事[こと]を言[い]っている,I am talking about a secret intention; shitagokoro means secret intention.
その傷口[きずぐち]が欲[ほ]しい,I want that wound; kizuguchi means wound.
それを染[そ]める,I will dye that; someru means to dye.
皆[みんな]柔[やわ]だ,everyone is soft; yawa means soft.
死滅[しめつ]が必要[ひつよう]だ,an extinction is needed; shimetsu means extinction.
これは申[もう]し分[ぶん]だ,this is a complaint; moushibun means complaint.
本当[ほんとう]の線香[せんこう]だ,it is a real incense stick; senkou means incense stick.
今[いま]覆[くつがえ]す,now I overturn; kutsugaesu means to overturn.
これは論外[ろんがい]だ,this one is out of the question; rongai means out of the question.
貝殻[かいがら]がある,there is a seashell; kaigara means seashell.
ちょっとえげつない,it is a bit dirty; egetsunai means dirty.
これは俺[おれ]のポエムだ,this is my poem; poemu means poem.
ライトニングとは何[なん]だ,what is a lightning; raitoningu means lightning.
大[おお]きな凌駕[りょうが]だ,it is a big excelling; ryouga means excelling.
それは墓参[はかまい]りじゃない,that is not a visit to a grave; hakamairi means visit to a grave.
宮廷[きゅうてい]の事[こと]を言[い]っている,I am talking about an imperial court; kyuutei means imperial court.
一緒[いっしょ]に憎[にく]む,we will hate together; nikumu means to hate.
この打破[だは]を知[し]っているか,do you know this breaking down; daha means breaking down.
今[いま]書[か]き込[こ]む,now I fill in; kakikomu means to fill in.
水田[すいでん]が必要[ひつよう]だ,a paddy field is needed; suiden means paddy field.
これは渾身[こんしん]だ,this is one's whole body; konshin means one's whole body.
本当[ほんとう]の疫病[やくびょう]だ,it is a real epidemic; yakubyou means epidemic.
観衆[かんしゅう]じゃない,it is not spectators; kanshuu means spectators.
やっぱり追従[ついじゅう]だ,it is a following after all; tsuijuu means following.
高[たか]みがある,there is a height; takami means height.
きらきら言[い]った,I said it glittering; kirakira means glittering.
それはぬるぬるだ,that one is slimy; nurunuru means slimy.
再来[さいらい]とは何[なん]だ,what is a return; sairai means return.
大[おお]きな出自[しゅつじ]だ,it is a big origin; shutsuji means origin.
それは十字[じゅうじ]じゃない,that is not a cross; juuji means cross.
この危[あや]ういやつだ,it is this dangerous one; ayaui means dangerous.
その履行[りこう]が欲[ほ]しい,I want that performance; rikou means performance.
この捕捉[ほそく]を知[し]っているか,do you know this capture; hosoku means capture.
未然[みぜん]を探[さが]している,I am looking for a before it happens; mizen means before it happens.
欠落[けつらく]が必要[ひつよう]だ,a lack is needed; ketsuraku means lack.
皆[みんな]気長[きなが]だ,everyone is patient; kinaga means patient.
本当[ほんとう]の秘伝[ひでん]だ,it is a real secret; hiden means secret.
締[し]め付[つ]けじゃない,it is not a pressure; shimetsuke means pressure.
やっぱり脳波[のうは]だ,it is a brain waves after all; nouha means brain waves.
輪廻[りんね]がある,there is a samsara; rinne means samsara.
閉会[へいかい]を見[み]た,I saw a closure; heikai means closure.
これは俺[おれ]のヒーリングだ,this is my healing; hiiringu means healing.
それは勤勉[きんべん]だ,that one is diligent; kimben means diligent.
大[おお]きな天敵[てんてき]だ,it is a big natural enemy; tenteki means natural enemy.
それは所以[ゆえん]じゃない,that is not a reason; yuen means reason.
俺[おれ]が振[ふ]り回[まわ]す,I am the one who will wield; furimawasu means to wield.
その方策[ほうさく]が欲[ほ]しい,I want that plan; housaku means plan.
この牢[ろう]を知[し]っているか,do you know this prison; rou means prison.
こけを探[さが]している,I am looking for a moss; koke means moss.
誉[ほまれ]が必要[ひつよう]だ,an honour is needed; homare means honour.
これは騙[だま]し討[う]ちだ,this is a surprise attack; damashiuchi means surprise attack.
本当[ほんとう]のスラッシュだ,it is a real slash; surasshu means slash.
これは不服[ふふく]だ,this one is dissatisfaction; fufuku means dissatisfaction.
やっぱり内海[ないかい]だ,it is an inland sea after all; naikai means inland sea.
前兆[ぜんちょう]がある,there is an omen; zenchou means omen.
命題[めいだい]を見[み]た,I saw a proposition; meidai means proposition.
これは俺[おれ]の坊[ぼう]やだ,this is my boy; bouya means boy.
明日[あした]広[ひろ]まる,I will spread tomorrow; hiromaru means to spread.
大[おお]きな老害[ろうがい]だ,it is a big problems caused by old people; rougai means problems caused by old people.
それは補填[ほてん]じゃない,that is not a covering; hoten means covering.
ちまちました,I did it small; chimachima means small.
そのタピオカが欲[ほ]しい,I want that tapioca; tapioka means tapioca.
この使[つか]い物[もの]を知[し]っているか,do you know this useful thing; tsukaimono means useful thing.
帰路[きろ]を探[さが]している,I am looking for a return journey; kiro means return journey.
打[う]ち込[こ]みが必要[ひつよう]だ,a driving is needed; uchikomi means driving.
これは書[か]き出[だ]しだ,this is a beginning; kakidashi means beginning.
本当[ほんとう]の末[すえ]っ子[こ]だ,it is a real youngest child; suekko means youngest child.
皆[みんな]極小[きょくしょう]だ,everyone is minimum; kyokushou means minimum.
とても清々[すがすが]しい,it is very refreshing; sugasugashii means refreshing.
盆栽[ぼんさい]がある,there is a bonsai; bonsai means bonsai.
エキサイトを見[み]た,I saw an excitement; ekisaito means excitement.
これは俺[おれ]のダイブだ,this is my dive; daibu means dive.
ハンティングとは何[なん]だ,what is a hunting; hantingu means hunting.
大[おお]きなロースだ,it is a big sirloin; roosu means sirloin.
それは不落[ふらく]じゃない,that is not an impregnable; furaku means impregnable.
初詣[はつもう]での事[こと]を言[い]っている,I am talking about a first shrine visit of the New Year; hatsumoude means first shrine visit of the New Year.
その右目[みぎめ]が欲[ほ]しい,I want that right eye; migime means right eye.
この味見[あじみ]を知[し]っているか,do you know this tasting; ajimi means tasting.
失禁[しっきん]を探[さが]している,I am looking for an incontinence; shikkin means incontinence.
熟知[じゅくち]が必要[ひつよう]だ,a being familiar with is needed; jukuchi means being familiar with.
これは熱気[ねっき]だ,this is a heat; nekki means heat.
本当[ほんとう]の猛獣[もうじゅう]だ,it is a real fierce animal; moujuu means fierce animal.
田畑[たはた]じゃない,it is not fields; tahata means fields.
やっぱり空[あ]き地[ち]だ,it is a vacant land after all; akichi means vacant land.
空振[からぶ]りがある,there is a swing and a miss; karaburi means swing and a miss.
よく踏[ふ]み出[だ]す,I often step forward; fumidasu means to step forward.
これは俺[おれ]の道筋[みちすじ]だ,this is my course; michisuji means course.
すごく険[けわ]しい,it is really precipitous; kewashii means precipitous.
これは静寂[せいじゃく]だ,this one is silence; seijaku means silence.
それは願[ねが]い事[ごと]じゃない,that is not a wish; negaigoto means wish.
バニーの事[こと]を言[い]っている,I am talking about a bunny; bani means bunny.
その一理[いちり]が欲[ほ]しい,I want that principle; ichiri means principle.
明日[あした]入[い]れ替[か]える,I will replace tomorrow; irekaeru means to replace.
全権[ぜんけん]を探[さが]している,I am looking for a plenipotentiary powers; zenken means plenipotentiary powers.
切[き]れ味[あじ]が必要[ひつよう]だ,a sharpness is needed; kireaji means sharpness.
これは寝言[ねごと]だ,this is a talking in one's sleep; negoto means talking in one's sleep.
本当[ほんとう]の左目[ひだりめ]だ,it is a real left eye; hidarime means left eye.
往来[おうらい]じゃない,it is not a coming and going; ourai means coming and going.
とても憂[うれ]い,it is very unhappy; urei means unhappy.
ちゃんと欠[か]く,I chip properly; kaku means to chip.
正座[せいざ]を見[み]た,I saw a seat of honor; seiza means seat of honor.
これは俺[おれ]の肴[さかな]だ,this is my appetizer or snack served with drinks; sakana means appetizer or snack served with drinks.
追撃[ついげき]とは何[なん]だ,what is a pursuit; tsuigeki means pursuit.
皆[みんな]もふもふだ,everyone is soft to the touch; mofumofu means soft to the touch.
それはペンキじゃない,that is not a paint; penki means paint.
丸[まる]みの事[こと]を言[い]っている,I am talking about a roundness; marumi means roundness.
その亡者[もうじゃ]が欲[ほ]しい,I want that the dead; mouja means the dead.
皆[みんな]冷徹[れいてつ]だ,everyone is cool-headed; reitetsu means cool-headed.
敬称[けいしょう]を探[さが]している,I am looking for an honorific title; keishou means honorific title.
暖[だん]が必要[ひつよう]だ,a warming is needed; dan means warming.
これは書簡[しょかん]だ,this is a letter; shokan means letter.
本当[ほんとう]の木[こ]の実[み]だ,it is a real fruit of a tree; konomi means fruit of a tree.
演目[えんもく]じゃない,it is not a program; emmoku means program.
すごく精巧[せいこう]だ,it is really elaborate; seikou means elaborate.
それは綿密[めんみつ]だ,that one is minute; memmitsu means minute.
罪状[ざいじょう]を見[み]た,I saw a crime; zaijou means crime.
これは俺[おれ]の裏方[うらかた]だ,this is my someone working behind-the-scenes; urakata means someone working behind-the-scenes.
見張[みは]りとは何[なん]だ,what is a watch; mihari means watch.
大[おお]きな逃[に]げ道[みち]だ,it is a big way out; nigemichi means way out.
それは逆流[ぎゃくりゅう]じゃない,that is not a backward flow; gyakuryuu means backward flow.
これは重厚[じゅうこう]だ,this one is profound; juukou means profound.
ちゃんとそそる,I excite properly; sosoru means to excite.
ばったりなった,it turned out with a clash; battari means with a clash.
修練[しゅうれん]を探[さが]している,I am looking for a training; shuuren means training.
収[おさ]まりが必要[ひつよう]だ,a conclusion is needed; osamari means conclusion.
これは同族[どうぞく]だ,this is a same family; douzoku means same family.
一緒[いっしょ]に彩[いろど]る,we will colour together; irodoru means to colour.
待[ま]ち伏[ぶ]せじゃない,it is not an ambush; machibuse means ambush.
やっぱり成[な]り行[ゆ]きだ,it is a course after all; nariyuki means course.
打診[だしん]がある,there is a percussion; dashin means percussion.
振[ふ]り分[わ]けを見[み]た,I saw a divide; furiwake means divide.
これは俺[おれ]の敬愛[けいあい]だ,this is my respect and affection; keiai means respect and affection.
権益[けんえき]とは何[なん]だ,what is rights and interests; keneki means rights and interests.
大[おお]きな減点[げんてん]だ,it is a big subtracting points; genten means subtracting points.
それは無敗[むはい]じゃない,that is not an undefeated; muhai means undefeated.
何[なに]を裏付[うらづ]けるのか,what do you support; urazukeru means to support.
その要人[ようじん]が欲[ほ]しい,I want that important person; youjin means important person.
一緒[いっしょ]に見送[みおく]る,we will see off together; miokuru means to see off.
護送[ごそう]を探[さが]している,I am looking for an escort; gosou means escort.
インドアが必要[ひつよう]だ,an indoor is needed; indoa means indoor.
これは乗[の]り気[き]だ,this one is interest; noriki means interest.
これから交[まじ]わる,I will cross from now on; majiwaru means to cross.
受[う]け渡[わた]しじゃない,it is not a delivery; ukewatashi means delivery.
唖然[あぜん]いい,it is dumbfounded good; azen means dumbfounded.
手打[てう]ちがある,there is a striking a deal; teuchi means striking a deal.
改心[かいしん]を見[み]た,I saw a reforming; kaishin means reforming.
これは俺[おれ]の砲火[ほうか]だ,this is my gunfire; houka means gunfire.
皆[みんな]細心[さいしん]だ,everyone is meticulous; saishin means meticulous.
一緒[いっしょ]に繰[く]り出[だ]す,we will draw together; kuridasu means to draw.
それは豹[ひょう]じゃない,that is not a leopard; hyou means leopard.
起立[きりつ]の事[こと]を言[い]っている,I am talking about a standing up; kiritsu means standing up.
その追[お]い風[かぜ]が欲[ほ]しい,I want that tailwind; oikaze means tailwind.
この頓挫[とんざ]を知[し]っているか,do you know this setback; tonza means setback.
ローリングを探[さが]している,I am looking for a rolling; rooringu means rolling.
作製[さくせい]が必要[ひつよう]だ,a manufacture is needed; sakusei means manufacture.
これは惨劇[さんげき]だ,this is a tragedy; sangeki means tragedy.
本当[ほんとう]の戯[たわむ]れだ,it is a real play; tawamure means play.
何[なに]を曲[ま]げるのか,what do you bend; mageru means to bend.
やっぱり発芽[はつが]だ,it is a germination after all; hatsuga means germination.
皆[みんな]で知[し]り合[あ]う,all of us get to know each other; shiriau means to get to know each other.
美食[びしょく]を見[み]た,I saw a gourmet food; bishoku means gourmet food.
それは見苦[みぐる]しい,that one is unsightly; migurushii means unsightly.
よく通[かよ]い詰[つ]める,I often visit frequently; kayoitsumeru means to visit frequently.
大[おお]きな面前[めんぜん]だ,it is a big presence; menzen means presence.
すごくうっとうしい,it is really gloomy; uttoushii means gloomy.
その上向[うわむ]きが欲[ほ]しい,I want that pointing up; uwamuki means pointing up.
明日[あした]優[すぐ]れる,I will be better tomorrow; sugureru means to be better.
商会[しょうかい]を探[さが]している,I am looking for a firm; shoukai means firm.
昼過[ひるす]ぎ言[い]った,I said it just past noon; hirusugi means just past noon.
それは残忍[ざんにん]だ,that one is brutal; zannin means brutal.
皆[みんな]で舞[ま]い散[ち]る,all of us flutter down; maichiru means to flutter down.
行軍[こうぐん]じゃない,it is not a march; kougun means march.
やっぱり隠居[いんきょ]だ,it is a retirement after all; inkyo means retirement.
魔境[まきょう]がある,there is a demon-infested place; makyou means demon-infested place.
ウインドを見[み]た,I saw a wind; uindo means wind.
これは俺[おれ]のサボりだ,this is my skipping out; sabori means skipping out.
全容[ぜんよう]とは何[なん]だ,what is a full portrait; zenyou means full portrait.
明日[あした]凍[こお]る,I will freeze tomorrow; kooru means to freeze.
それは凝視[ぎょうし]じゃない,that is not a stare; gyoushi means stare.
明日[あした]吐[は]き出[だ]す,I will vomit tomorrow; hakidasu means to vomit.
その売[う]れ行[ゆ]きが欲[ほ]しい,I want that sales; ureyuki means sales.
この後戻[あともど]りを知[し]っているか,do you know this going backward; atomodori means going backward.
皆[みんな]念入[ねんい]りだ,everyone is careful; neniri means careful.
恩師[おんし]が必要[ひつよう]だ,a teacher is needed; onshi means teacher.
これから撒[ま]き散[ち]らす,I will scatter from now on; makichirasu means to scatter.
それはいびつだ,that one is distorted; ibitsu means distorted.
残存[ざんぞん]じゃない,it is not a survival; zanzon means survival.
これは濃密[のうみつ]だ,this one is dense; noumitsu means dense.
すごく純白[じゅんぱく]だ,it is really pure white; jumpaku means pure white.
茉莉[まつり]を見[み]た,I saw an Arabian jasmine; matsuri means Arabian jasmine.
これは俺[おれ]の送別[そうべつ]だ,this is my farewell; soubetsu means farewell.
飛散[ひさん]とは何[なん]だ,what is a scattering; hisan means scattering.
大[おお]きなどかんだ,it is a big earthen pipe; dokan means earthen pipe.
それは作[つく]り話[ばなし]じゃない,that is not a fiction; tsukuribanashi means fiction.
深淵[しんえん]の事[こと]を言[い]っている,I am talking about an abyss; shinen means abyss.
これから病[や]む,I will fall ill from now on; yamu means to fall ill.
この箔[はく]を知[し]っているか,do you know this foil; haku means foil.
箱庭[はこにわ]を探[さが]している,I am looking for a miniature garden; hakoniwa means miniature garden.
あいこが必要[ひつよう]だ,a patronage is needed; aiko means patronage.
これは一丸[いちがん]だ,this is one lump; ichigan means one lump.
本当[ほんとう]の前置[まえお]きだ,it is a real preface; maeoki means preface.
夜遊[よあそ]びじゃない,it is not a nightlife; yoasobi means nightlife.
やっぱり寝床[ねどこ]だ,it is a bed after all; nedoko means bed.
尾行[びこう]がある,there is a shadow; bikou means shadow.
屈折[くっせつ]を見[み]た,I saw a bending; kussetsu means bending.
これは俺[おれ]の探究[たんきゅう]だ,this is my research; tankyuu means research.
皆[みんな]温厚[おんこう]だ,everyone is gentle; onkou means gentle.
大[おお]きな異名[いみょう]だ,it is a big another name; imyou means another name.
それは誇示[こじ]じゃない,that is not a flaunting; koji means flaunting.
雑用[ざつよう]の事[こと]を言[い]っている,I am talking about chores; zatsuyou means chores.
そのマッピングが欲[ほ]しい,I want that mapping; mappingu means mapping.
この加勢[かせい]を知[し]っているか,do you know this assistance; kasei means assistance.
受[う]け皿[ざら]を探[さが]している,I am looking for a saucer; ukezara means saucer.
国力[こくりょく]が必要[ひつよう]だ,a national power is needed; kokuryoku means national power.
これは失策[しっさく]だ,this is a blunder; shissaku means blunder.
本当[ほんとう]の手製[てせい]だ,it is a real handmade; tesei means handmade.
整列[せいれつ]じゃない,it is not a standing in a row; seiretsu means standing in a row.
それは横暴[おうぼう]だ,that one is violence; oubou means violence.
猛毒[もうどく]がある,there is a deadly poison; moudoku means deadly poison.
病床[びょうしょう]を見[み]た,I saw a sickbed; byoushou means sickbed.
俺[おれ]がたたえる,I am the one who will praise; tataeru means to praise.
金塊[きんかい]とは何[なん]だ,what is a gold nugget; kinkai means gold nugget.
大[おお]きな長靴[ながぐつ]だ,it is a big leather boots; nagagutsu means leather boots.
どきどきした,I did it thump-thump; dokidoki means thump-thump.
そのビーが欲[ほ]しい,I want that bee; bi means bee.
この彩[いろど]りを知[し]っているか,do you know this coloring; irodori means coloring.
摘[つま]みを探[さが]している,I am looking for a knob; tsumami means knob.
民意[みんい]が必要[ひつよう]だ,a popular will is needed; mini means popular will.
とても疎[うと]い,it is very distant; utoi means distant.
本当[ほんとう]の空前[くうぜん]だ,it is a real unprecedented; kuuzen means unprecedented.
ちょっともろい,it is a bit brittle; moroi means brittle.
やっぱり自給[じきゅう]だ,it is a self-supply after all; jikyuu means self-supply.
茸[たけ]がある,there is a mushroom; take means mushroom.
明日[あした]遂[と]げる,I will accomplish tomorrow; togeru means to accomplish.
ごろごろした,I did it rumbling; gorogoro means rumbling.
エッセンスとは何[なん]だ,what is an essence; essensu means essence.
大[おお]きな主従[しゅうじゅう]だ,it is a big master and servant; shuujuu means master and servant.
それは大敗[たいはい]じゃない,that is not a crushing defeat; taihai means crushing defeat.
屠殺[とさつ]の事[こと]を言[い]っている,I am talking about a slaughter; tosatsu means slaughter.
その気配[きくば]りが欲[ほ]しい,I want that care; kikubari means care.
この汚名[おめい]を知[し]っているか,do you know this bad name; omei means bad name.
派兵[はへい]を探[さが]している,I am looking for a dispatch of troops; hahei means dispatch of troops.
灸[きゅう]が必要[ひつよう]だ,a moxibustion is needed; kyuu means moxibustion.
これは用水[ようすい]だ,this is an irrigation water; yousui means irrigation water.
本当[ほんとう]の真心[まごころ]だ,it is a real sincerity; magokoro means sincerity.
硬派[こうは]じゃない,it is not hard-liners; kouha means hard-liners.
やっぱりぬいぐるみだ,it is a stuffed toy after all; nuigurumi means stuffed toy.
自警[じけい]がある,there is a policing by oneself; jikei means policing by oneself.
陳情[ちんじょう]を見[み]た,I saw a petition; chinjou means petition.
うんといい,it is a great deal good; unto means a great deal.
ホルンとは何[なん]だ,what is a horn; horun means horn.
大[おお]きな主犯[しゅはん]だ,it is a big principal offence; shuhan means principal offence.
それは卵焼[たまごや]きじゃない,that is not a rolled egg; tamagoyaki means rolled egg.
昼前[ひるまえ]した,I did it morning; hirumae means morning.
このなりわいを知[し]っているか,do you know this occupation; nariwai means occupation.
目下[もっか]を探[さが]している,I am looking for a subordinate; mokka means subordinate.
直々[じきじき]いい,it is in person good; jikijiki means in person.
これは逸[はぐ]れ者[もの]だ,this is a stray; haguremono means stray.
本当[ほんとう]の道楽[どうらく]だ,it is a real pastime; douraku means pastime.
それはしなやかだ,that one is supple; shinayaka means supple.
しれっといい,it is nonchalantly good; shiretto means nonchalantly.
優劣[ゆうれつ]を見[み]た,I saw merits; yuuretsu means merits.
これは俺[おれ]の召[め]しだ,this is my summons; meshi means summons.
何[なに]を志[こころざ]すのか,what do you aspire to; kokorozasu means to aspire to.
明日[あした]枯[か]れる,I will wither tomorrow; kareru means to wither.
すごく濃[こ]いめだ,it is really strongish; koime means strongish.
それは無残[むざん]だ,that one is cruel; muzan means cruel.
その禁制[きんせい]が欲[ほ]しい,I want that prohibition; kinsei means prohibition.
この芸者[げいしゃ]を知[し]っているか,do you know this geisha; geisha means geisha.
辞令[じれい]を探[さが]している,I am looking for a notice of personnel change; jirei means notice of personnel change.
それは難儀[なんぎ]だ,that one is troublesome; nangi means troublesome.
これは創建[そうけん]だ,this is an establishment; souken means establishment.
明日[あした]ほえる,I will bark tomorrow; hoeru means to bark.
やっぱり増長[ぞうちょう]だ,it is a growing impudent after all; zouchou means growing impudent.
成型[せいけい]がある,there is a forming; seikei means forming.
持久[じきゅう]を見[み]た,I saw an endurance; jikyuu means endurance.
これは俺[おれ]の晩酌[ばんしゃく]だ,this is my drink at home with one's evening meal; banshaku means drink at home with one's evening meal.
それは無心[むしん]だ,that one is innocence; mushin means innocence.
大[おお]きな無性[むしょう]だ,it is a big sexless; mushou means sexless.
それはせんべいじゃない,that is not a rice cracker; sembei means rice cracker.
ちゃんと際立[きわだ]つ,I am prominent properly; kiwadatsu means to be prominent.
そのじゃがが欲[ほ]しい,I want that potato; jaga means potato.
このムーンライトを知[し]っているか,do you know this moonlight; muunraito means moonlight.
この奥深[おくふか]いやつだ,it is this profound one; okufukai means profound.
何[なに]を慰[なぐさ]めるのか,what do you comfort; nagusameru means to comfort.
明日[あした]揺[ゆ]るがす,I will shake tomorrow; yurugasu means to shake.
本当[ほんとう]の淡水[たんすい]だ,it is a real fresh water; tansui means fresh water.
皆[みんな]で読[よ]み解[と]く,all of us read and understand; yomitoku means to read and understand.
今[いま]貶[おとし]める,now I show contempt for; otoshimeru means to show contempt for.
それは質素[しっそ]だ,that one is simple; shisso means simple.
過信[かしん]を見[み]た,I saw a trusting too much; kashin means trusting too much.
これは邂逅[わくらば]だ,this one is chance meeting; wakuraba means chance meeting.
郭[ぐるわ]とは何[なん]だ,what is a district; guruwa means district.
大[おお]きなマンネリだ,it is a big becoming stereotyped; manneri means becoming stereotyped.
それは伯母[おば]じゃない,that is not an aunt; oba means aunt.
凍死[とうし]の事[こと]を言[い]っている,I am talking about a death from cold; toushi means death from cold.
その分数[ぶんすう]が欲[ほ]しい,I want that fraction; bunsuu means fraction.
この半裸[はんら]を知[し]っているか,do you know this half-nakedness; hanra means half-nakedness.
心遣[こころづか]いを探[さが]している,I am looking for a consideration; kokorozukai means consideration.
毛色[けいろ]が必要[ひつよう]だ,a hair color is needed; keiro means hair color.
これは特記[とっき]だ,this is a special mention; tokki means special mention.
本当[ほんとう]の病死[びょうし]だ,it is a real death from disease; byoushi means death from disease.
粘液[ねんえき]じゃない,it is not mucus; neneki means mucus.
やっぱり解毒[げどく]だ,it is a detoxification after all; gedoku means detoxification.
ドッグがある,there is a dog; doggu means dog.
それは上出来[じょうでき]だ,that one is good performance; joudeki means good performance.
皆[みんな]不屈[ふくつ]だ,everyone is persistence; fukutsu means persistence.
明日[あした]嗅[か]ぐ,I will sniff tomorrow; kagu means to sniff.
大[おお]きな地底[ちてい]だ,it is a big depths of the earth; chitei means depths of the earth.
それは威勢[いせい]じゃない,that is not a power; isei means power.
今[いま]成[な]し遂[と]げる,now I accomplish; nashitogeru means to accomplish.
その敷設[ふせつ]が欲[ほ]しい,I want that laying; fusetsu means laying.
この液状[えきじょう]を知[し]っているか,do you know this liquid state; ekijou means liquid state.
うりを探[さが]している,I am looking for a melon; uri means melon.
行[ゆ]く末[すえ]が必要[ひつよう]だ,one's future is needed; yukusue means one's future.
これは諸侯[しょこう]だ,this is a feudal lords; shokou means feudal lords.
明日[あした]にぎわう,I will be crowded with people tomorrow; nigiwau means to be crowded with people.
顔合[かおあ]わせじゃない,it is not a meeting; kaoawase means meeting.
やっぱりタクトだ,it is a baton after all; takuto means baton.
皆[みんな]で傾[かたむ]く,all of us incline toward; katamuku means to incline toward.
割[わ]り込[こ]みを見[み]た,I saw a queue jumping; warikomi means queue jumping.
これは俺[おれ]のとっさだ,this is my moment; tossa means moment.
小生[しょうせい]の事[こと]を言[い]っている,I am talking about I; shousei means I.
大[おお]きな岩山[いわやま]だ,it is a big rocky mountain; iwayama means rocky mountain.
たまに干[ほ]す,I air once in a while; hosu means to air.
慣[な]らしの事[こと]を言[い]っている,I am talking about a running-in; narashi means running-in.
その白状[はくじょう]が欲[ほ]しい,I want that confession; hakujou means confession.
この着想[ちゃくそう]を知[し]っているか,do you know this conception; chakusou means conception.
着水[ちゃくすい]を探[さが]している,I am looking for a landing on water; chakusui means landing on water.
請願[せいがん]が必要[ひつよう]だ,a petition is needed; seigan means petition.
これは豪語[ごうご]だ,this is a boasting; gougo means boasting.
このしょっぱいやつだ,it is this salty one; shoppai means salty.
パティシエじゃない,it is not a patissier; patishie means patissier.
やっぱりリピーターだ,it is a repeater after all; ripiita means repeater.
いちいちいい,it is one-by-one good; ichiichi means one-by-one.
下腹[したっぱら]を見[み]た,I saw an abdomen; shitappara means abdomen.
ともども言[い]った,I said it together; tomodomo means together.
共食[ともぐ]いとは何[なん]だ,what is a cannibalism; tomogui means cannibalism.
皆[みんな]しんてきだ,everyone is mental; shinteki means mental.
それは気泡[きほう]じゃない,that is not a bubble; kihou means bubble.
焚[た]き火[び]の事[こと]を言[い]っている,I am talking about an open-air fire; takibi means open-air fire.
一緒[いっしょ]に略[りゃく]す,we will abbreviate together; ryakusu means to abbreviate.
このなやを知[し]っているか,do you know this barn; naya means barn.
編纂[へんさん]を探[さが]している,I am looking for a compilation; hensan means compilation.
よく罰[ばっ]する,I often punish; bassuru means to punish.
これから見誤[みあやま]る,I will mistake from now on; miayamaru means to mistake.
本当[ほんとう]の運気[うんき]だ,it is a real fate; unki means fate.
ちょっと儚[はかな]い,it is a bit fleeting; hakanai means fleeting.
やっぱり凹凸[おうとつ]だ,it is an unevenness after all; outotsu means unevenness.
女帝[じょてい]を見[み]た,I saw an empress; jotei means empress.
これは俺[おれ]の後払[あとばら]いだ,this is my deferred payment; atobarai means deferred payment.
怒濤[どとう]とは何[なん]だ,what is a surging waves; dotou means surging waves.
大[おお]きな成敗[せいばい]だ,it is a big punishment; seibai means punishment.
それは手掛[てが]かりじゃない,that is not a clue; tegakari means clue.
括弧[かっこ]の事[こと]を言[い]っている,I am talking about brackets; kakko means brackets.
その揺[ゆ]らぎが欲[ほ]しい,I want that quiver; yuragi means quiver.
それは病弱[びょうじゃく]だ,that one is weak; byoujaku means weak.
皆[みんな]的外[まとはず]れだ,everyone is off the mark; matohazure means off the mark.
俺[おれ]が立[た]ちはだかる,I am the one who will stand in the way; tachihadakaru means to stand in the way.
これは糊化[こか]だ,this is a gelatinization; koka means gelatinization.
何[なに]をつづるのか,what do you spell; tsuzuru means to spell.
途[と]じゃない,it is not a road; to means road.
とても馬鹿馬鹿[ばかばか]しい,it is very absurd; bakabakashii means absurd.
うずうず言[い]った,I said it itching to do something; uzuuzu means itching to do something.
それはとろとろだ,that one is sticky; torotoro means sticky.
これは俺[おれ]のさじだ,this is my spoon; saji means spoon.
これから受[う]け付[つ]ける,I will accept from now on; uketsukeru means to accept.
すごく周到[しゅうとう]だ,it is really careful; shuutou means careful.
それは呼応[こおう]じゃない,that is not a hailing each other; koou means hailing each other.
実権[じっけん]の事[こと]を言[い]っている,I am talking about a real power; jikken means real power.
それを弄[ろう]する,I will play with that; rousuru means to play with.
この決起[けっき]を知[し]っているか,do you know this rising to action; kekki means rising to action.
財力[ざいりょく]を探[さが]している,I am looking for a financial power; zairyoku means financial power.
ちびっこが必要[ひつよう]だ,a small child is needed; chibikko means small child.
でれした,I did it very; dere means very.
本当[ほんとう]の力説[りきせつ]だ,it is a real emphasizing; rikisetsu means emphasizing.
心待[こころま]ちじゃない,it is not an anticipation; kokoromachi means anticipation.
やっぱり手数[てすう]だ,it is a trouble after all; tesuu means trouble.
たまに擁[よう]する,I embrace once in a while; yousuru means to embrace.
物真似[ものまね]を見[み]た,I saw an imitation; monomane means imitation.
これは俺[おれ]の眼中[がんちゅう]だ,this is my consideration; ganchuu means consideration.
それを見返[みかえ]す,I will look back at that; mikaesu means to look back at.
明日[あした]走[はし]り回[まわ]る,I will run around tomorrow; hashirimawaru means to run around.
すっぽり言[い]った,I said it entirely; suppori means entirely.
大本[おおもと]の事[こと]を言[い]っている,I am talking about a foundation; oomoto means foundation.
その失言[しつげん]が欲[ほ]しい,I want that verbal gaffe; shitsugen means verbal gaffe.
この家人[けにん]を知[し]っているか,do you know this occupant of a house; kenin means occupant of a house.
すごくかすかだ,it is really faint; kasuka means faint.
慈愛[じあい]が必要[ひつよう]だ,an affection is needed; jiai means affection.
これは掃討[そうとう]だ,this is a cleaning up; soutou means cleaning up.
本当[ほんとう]の新都[しんと]だ,it is a real new capital; shinto means new capital.
旅路[たびじ]じゃない,it is not a journey; tabiji means journey.
やっぱり毛嫌[けぎら]いだ,it is an antipathy after all; kegirai means antipathy.
轍[てつ]がある,there is a rut; tetsu means rut.
逆恨[さかうら]みを見[み]た,I saw a being resented; sakaurami means being resented.
これは俺[おれ]の際限[さいげん]だ,this is my limits; saigen means limits.
だつとは何[なん]だ,what is a Pacific needlefish; datsu means Pacific needlefish.
すわ、分[わ]かった,good gracious I understand; suwa means good gracious.
それは冥府[めいふ]じゃない,that is not a realm of the dead; meifu means realm of the dead.
大儲[おおもう]けの事[こと]を言[い]っている,I am talking about a large profit; oomouke means large profit.
その平手[ひらて]が欲[ほ]しい,I want that palm; hirate means palm.
この欠乏[けつぼう]を知[し]っているか,do you know this deficiency; ketsubou means deficiency.
渓流[けいりゅう]を探[さが]している,I am looking for a mountain stream; keiryuu means mountain stream.
猛威[もうい]が必要[ひつよう]だ,a fury is needed; moui means fury.
これは王立[おうりつ]だ,this is a royal; ouritsu means royal.
本当[ほんとう]のあざだ,it is a real birthmark; aza means birthmark.
研鑽[けんさん]じゃない,it is not a diligent study; kensan means diligent study.
やっぱり脚色[きゃくしょく]だ,it is a dramatization after all; kyakushoku means dramatization.
おのずとなった,it turned out naturally; onozuto means naturally.
蛸[たこ]を見[み]た,I saw octopus; tako means octopus.
これから読[よ]み込[こ]む,I will read thoroughly from now on; yomikomu means to read thoroughly.
販路[はんろ]とは何[なん]だ,what is a market; hanro means market.
それは軽[かろ]やかだ,that one is light; karoyaka means light.
皆[みんな]醜[しゅう]だ,everyone is ugliness; shuu means ugliness.
うねりの事[こと]を言[い]っている,I am talking about an undulation; uneri means undulation.
そのカンパが欲[ほ]しい,I want that fundraising campaign; kampa means fundraising campaign.
このフォアグラを知[し]っているか,do you know this foie gras; foagura means foie gras.
前座[ぜんざ]を探[さが]している,I am looking for an opening performance; zenza means opening performance.
巾着[きんちゃく]が必要[ひつよう]だ,a drawstring purse is needed; kinchaku means drawstring purse.
今[いま]拗[こじ]らせる,now I aggravate; kojiraseru means to aggravate.
本当[ほんとう]の採石[さいせき]だ,it is a real quarrying; saiseki means quarrying.
これからあむ,I will knit from now on; amu means to knit.
やっぱり蹄[ひづめ]だ,it is a hoof after all; hizume means hoof.
逆立[さかだ]ちがある,there is a handstand; sakadachi means handstand.
スコップを見[み]た,I saw a shovel; sukoppu means shovel.
これは俺[おれ]の動悸[どうき]だ,this is my palpitation; douki means palpitation.
土産物[みやげもの]とは何[なん]だ,what is a souvenir; miyagemono means souvenir.
明日[あした]屈[くっ]する,I will yield tomorrow; kussuru means to yield.
それは後見[こうけん]じゃない,that is not a guardianship; kouken means guardianship.
挙手[きょしゅ]の事[こと]を言[い]っている,I am talking about a raising one's hand; kyoshu means raising one's hand.
その既得[きとく]が欲[ほ]しい,I want that vested; kitoku means vested.
このくしを知[し]っているか,do you know this comb; kushi means comb.
決裂[けつれつ]を探[さが]している,I am looking for a breakdown; ketsuretsu means breakdown.
潮時[しおどき]が必要[ひつよう]だ,a tidal hour is needed; shiodoki means tidal hour.
これはぬれぎぬだ,this is a false accusations; nureginu means false accusations.
俺[おれ]が生[は]やす,I am the one who will grow; hayasu means to grow.
それは穏便[おんびん]だ,that one is gentle; ombin means gentle.
やっぱり笑[わら]い事[ごと]だ,it is a laughing matter after all; waraigoto means laughing matter.
これは荘厳[そうごん]だ,this one is solemn; sougon means solemn.
すごく豊満[ほうまん]だ,it is really stout; houman means stout.
これは俺[おれ]の里帰[さとがえ]りだ,this is my returning home to one's parents; satogaeri means returning home to one's parents.
風鈴[ふうりん]とは何[なん]だ,what is a wind chime; fuurin means wind chime.
これはふかふかだ,this one is soft; fukafuka means soft.
それはクリエーターじゃない,that is not a creator; kurieeta means creator.
前奏[ぜんそう]の事[こと]を言[い]っている,I am talking about a prelude; zensou means prelude.
その国庫[こっこ]が欲[ほ]しい,I want that national treasury; kokko means national treasury.
この奪[うば]い合[あ]いを知[し]っているか,do you know this scramble; ubaiai means scramble.
寄宿[きしゅく]を探[さが]している,I am looking for a lodging; kishuku means lodging.
朝礼[ちょうれい]が必要[ひつよう]だ,a morning assembly is needed; chourei means morning assembly.
これは歴戦[れきせん]だ,this is a veteran; rekisen means veteran.
本当[ほんとう]の瞳孔[どうこう]だ,it is a real pupil; doukou means pupil.
皆[みんな]そっけない,everyone is cold; sokkenai means cold.
やっぱり素肌[すはだ]だ,it is a bare skin after all; suhada means bare skin.
皆[みんな]細[ささ]やかだ,everyone is tender; sasayaka means tender.
これから縮[ちぢ]む,I will shrink from now on; chijimu means to shrink.
これは俺[おれ]の肉汁[にくじゅう]だ,this is my meat soup; nikujuu means meat soup.
隠[かく]れ蓑[みの]とは何[なん]だ,what is a cover; kakuremino means cover.
大[おお]きな雷鳴[らいめい]だ,it is a big thunder; raimei means thunder.
取[と]り急[いそ]ぎした,I did it in haste; toriisogi means in haste.
変[か]わり者[もの]の事[こと]を言[い]っている,I am talking about an eccentric; kawarimono means eccentric.
その市井[しせい]が欲[ほ]しい,I want that the street; shisei means the street.
この帳消[ちょうけ]しを知[し]っているか,do you know this writing off; choukeshi means writing off.
幻聴[げんちょう]を探[さが]している,I am looking for an auditory hallucination; genchou means auditory hallucination.
拝啓[はいけい]が必要[ひつよう]だ,a Dear is needed; haikei means Dear.
これは治世[ちせい]だ,this is a rule; chisei means rule.
本当[ほんとう]の流派[りゅうは]だ,it is a real school; ryuuha means school.
物音[ものおと]じゃない,it is not a noise; monooto means noise.
やっぱり親身[しんみ]だ,it is a relation after all; shimmi means relation.
談笑[だんしょう]がある,there is a friendly chat; danshou means friendly chat.
それを請[こ]う,I will beg that; kou means to beg.
これは俺[おれ]のノスタルジアだ,this is my nostalgia; nosutarujia means nostalgia.
ランカーとは何[なん]だ,what is a person who occupies a position or rank; ranka means person who occupies a position or rank.
大[おお]きな卑下[ひげ]だ,it is a big self-abasement; hige means self-abasement.
皆[みんな]で思[おも]い込[こ]む,all of us am convinced; omoikomu means to be convinced.
手土産[てみやげ]の事[こと]を言[い]っている,I am talking about a present; temiyage means present.
その飛[と]び入[い]りが欲[ほ]しい,I want that taking part on the spur of the moment; tobiiri means taking part on the spur of the moment.
そわそわなった,it turned out restlessly; sowasowa means restlessly.
加点[かてん]を探[さが]している,I am looking for an adding points; katen means adding points.
名実[めいじつ]が必要[ひつよう]だ,an in name and in reality is needed; meijitsu means in name and in reality.
これは夜会[やかい]だ,this is an evening party; yakai means evening party.
生来[せいらい]なった,it turned out by nature; seirai means by nature.
矛先[ほこさき]じゃない,it is not a point of a spear; hokosaki means point of a spear.
やっぱり血飛沫[ちしぶき]だ,it is a blood spray after all; chishibuki means blood spray.
難[なん]なく言[い]った,I said it without trouble; nannaku means without trouble.
ぎっしりなった,it turned out tightly; gisshiri means tightly.
今[いま]切[き]り開[ひら]く,now I cut open; kirihiraku means to cut open.
割[わ]り箸[ばし]とは何[なん]だ,what is a dispensable chopsticks; waribashi means dispensable chopsticks.
大[おお]きな執政[しっせい]だ,it is a big administration; shissei means administration.
始終[しじゅう]なった,it turned out continuously; shijuu means continuously.
嬉々[きき]いい,it is merry good; kiki means merry.
その宝探[たからさが]しが欲[ほ]しい,I want that treasure hunting; takarasagashi means treasure hunting.
この新星[しんせい]を知[し]っているか,do you know this nova; shinsei means nova.
日夜[にちや]なった,it turned out day and night; nichiya means day and night.
火種[ひだね]が必要[ひつよう]だ,a live coals is needed; hidane means live coals.
とても痛[いた]ましい,it is very pitiful; itamashii means pitiful.
皆[みんな]で競[きそ]い合[あ]う,all of us compete with; kisoiau means to compete with.
すねじゃない,it is not a shin; sune means shin.
やっぱり豪雪[ごうせつ]だ,it is tremendous snowfall after all; gousetsu means tremendous snowfall.
これから閉[と]じ込[こ]める,I will lock up from now on; tojikomeru means to lock up.
ちゃんと駆[か]け抜[ぬ]ける,I run through properly; kakenukeru means to run through.
ちゃんとしゃぶる,I suck properly; shaburu means to suck.
俺[おれ]がずらす,I am the one who will shift; zurasu means to shift.
たんまりした,I did it quite a lot; tammari means quite a lot.
それはゲラじゃない,that is not a galley; gera means galley.
それは不純[ふじゅん]だ,that one is impure; fujun means impure.
その巻[ま]き返[かえ]しが欲[ほ]しい,I want that rally; makikaeshi means rally.
皆[みんな]で待[ま]ち受[う]ける,all of us await; machiukeru means to await.
葱[ねぎ]が必要[ひつよう]だ,a Welsh onion is needed; negi means Welsh onion.
ぐすんいい,it is sniffling good; gusun means sniffling.
これはアンタッチャブルだ,this one is untouchable; antacchaburu means untouchable.
冷[ひ]やかしじゃない,it is not a banter; hiyakashi means banter.
やっぱり出[だ]し物[もの]だ,it is a program after all; dashimono means program.
それを崇[あが]める,I will revere that; agameru means to revere.
何[なに]を断[た]ち切[き]るのか,what do you cut; tachikiru means to cut.
すごく暴[ぼう]だ,it is really violence; bou means violence.
筒抜[つつぬ]けとは何[なん]だ,what is a being heard; tsutsunuke means being heard.
大[おお]きな道程[みちのり]だ,it is a big distance; michinori means distance.
とてもしがない,it is very worthless; shiganai means worthless.
すごくダンディーだ,it is really dandy; dandi means dandy.
その入[い]れ物[もの]が欲[ほ]しい,I want that container; iremono means container.
この威光[いこう]を知[し]っているか,do you know this power; ikou means power.
これは微弱[びじゃく]だ,this one is feeble; bijaku means feeble.
患部[かんぶ]が必要[ひつよう]だ,an affected part is needed; kambu means affected part.
これは抗戦[こうせん]だ,this is a resistance; kousen means resistance.
本当[ほんとう]の殿方[とのがた]だ,it is a real gentlemen; tonogata means gentlemen.
明日[あした]渦巻[うずま]く,I will whirl tomorrow; uzumaku means to whirl.
皆[みんな]で立[た]ち並[なら]ぶ,all of us stand in a row; tachinarabu means to stand in a row.
肥[こ]やしを見[み]た,I saw a manure; koyashi means manure.
これは俺[おれ]の連名[れんめい]だ,this is my joint signature; remmei means joint signature.
順守[じゅんしゅ]とは何[なん]だ,what is an observance; junshu means observance.
ちゃんと飛[と]び回[まわ]る,I fly about properly; tobimawaru means to fly about.
それはクランじゃない,that is not a clan; kuran means clan.
シュシュの事[こと]を言[い]っている,I am talking about a scrunchie; shushu means scrunchie.
そのマラが欲[ほ]しい,I want that Mara; mara means Mara.
夕刻[ゆうこく]なった,it turned out evening; yuukoku means evening.
すごく心苦[こころぐる]しい,it is really painful; kokorogurushii means painful.
一緒[いっしょ]に押[お]し込[こ]む,we will push into together; oshikomu means to push into.
皆[みんな]で損[そこ]ねる,all of us harm; sokoneru means to harm.
本当[ほんとう]の救世[きゅうせい]だ,it is a real salvation; kyuusei means salvation.
やっぱり根回[ねまわ]しだ,it is a laying the groundwork after all; nemawashi means laying the groundwork.
ちゃんと溶[と]け込[こ]む,I melt into properly; tokekomu means to melt into.
ちゃんとなされる,I do properly; nasareru means to do.
これは俺[おれ]の片割[かたわ]れだ,this is my fragment; kataware means fragment.
これは生真面目[きまじめ]だ,this one is overserious; kimajime means overserious.
明日[あした]痺[しび]れる,I will become numb tomorrow; shibireru means to become numb.
されどそれでいい,be that as it may that is fine; saredo means be that as it may.
先陣[せんじん]の事[こと]を言[い]っている,I am talking about a vanguard; senjin means vanguard.
その初春[しょしゅん]が欲[ほ]しい,I want that early spring; shoshun means early spring.
この整地[せいち]を知[し]っているか,do you know this levelling of ground; seichi means levelling of ground.
毛並[けな]みを探[さが]している,I am looking for a coat; kenami means coat.
熟考[じゅっこう]が必要[ひつよう]だ,a careful consideration is needed; jukkou means careful consideration.
これは軟禁[なんきん]だ,this is a house arrest; nankin means house arrest.
すごくえぐい,it is really harsh; egui means harsh.
こつこつなった,it turned out steadily; kotsukotsu means steadily.
それを投[な]げ捨[す]てる,I will throw away that; nagesuteru means to throw away.
何[なに]を救[すく]い出[だ]すのか,what do you rescue; sukuidasu means to rescue.
焚[た]き出[だ]しを見[み]た,I saw a food distribution; takidashi means food distribution.
黒毛[くろげ]とは何[なん]だ,what is a black hair; kuroge means black hair.
これはすべすべだ,this one is smooth; subesube means smooth.
それはトリッキーだ,that one is tricky; torikki means tricky.
この名案[めいあん]を知[し]っているか,do you know this good idea; meian means good idea.
すごく和[なご]やかだ,it is really smiling; nagoyaka means smiling.
それを巻[ま]き起[お]こす,I will create that; makiokosu means to create.
これは形骸[けいがい]だ,this is a body; keigai means body.
この怠[だり]いやつだ,it is this sluggish one; darii means sluggish.
一緒[いっしょ]に早[はや]める,we will bring forward together; hayameru means to bring forward.
皆[みんな]で束[たば]ねる,all of us tie up in a bundle; tabaneru means to tie up in a bundle.
今[いま]ゆがむ,now I warp; yugamu means to warp.
よく燃[も]え尽[つ]きる,I often burn out; moetsukiru means to burn out.
これから緩[ゆる]める,I will loosen from now on; yurumeru means to loosen.
講和[こうわ]とは何[なん]だ,what is a reconciliation; kouwa means reconciliation.
ちゃんと遠[とお]ざかる,I go away properly; toozakaru means to go away.
それは鬱憤[うっぷん]じゃない,that is not a resentment; uppun means resentment.
山車[だし]の事[こと]を言[い]っている,I am talking about a parade float; dashi means parade float.
その嵌[は]まり役[やく]が欲[ほ]しい,I want that well-suited role; hamariyaku means well-suited role.
この所用[しょよう]を知[し]っているか,do you know this matter; shoyou means matter.
一緒[いっしょ]に物語[ものがた]る,we will tell together; monogataru means to tell.
真髄[しんずい]が必要[ひつよう]だ,an essence is needed; shinzui means essence.
これは見参[けんざん]だ,this is a seeing; kenzan means seeing.
本当[ほんとう]の詮索[せんさく]だ,it is a real inquiry into; sensaku means inquiry into.
露天[ろてん]じゃない,it is not an open air; roten means open air.
やっぱりギャンだ,it is a cry of a goose after all; gyan means cry of a goose.
会心[かいしん]がある,there is a congeniality; kaishin means congeniality.
南無三[なむさん]、分[わ]かった,oh no I understand; namusan means oh no.
とても嘆[なげ]かわしい,it is very lamentable; nagekawashii means lamentable.
外遊[がいゆう]とは何[なん]だ,what is a foreign travel; gaiyuu means foreign travel.
大[おお]きな度肝[どぎも]だ,it is a big guts; dogimo means guts.
皆[みんな]心外[しんがい]だ,everyone is regrettable; shingai means regrettable.
これは淡白[たんぱく]だ,this one is light; tampaku means light.
この白日[はくじつ]を知[し]っているか,do you know this bright sunshine; hakujitsu means bright sunshine.
これから立[た]ち止[ど]まる,I will stop from now on; tachidomaru means to stop.
ちゃんと食[しょく]する,I eat properly; shokusuru means to eat.
本当[ほんとう]の馴[な]れ合[あ]いだ,it is a real collusion; nareai means collusion.
やっぱり力仕事[ちからしごと]だ,it is a physical work after all; chikarashigoto means physical work.
契[ちぎ]りがある,there is a pledge; chigiri means pledge.
打算[ださん]を見[み]た,I saw a calculation; dasan means calculation.
これは俺[おれ]の次号[じごう]だ,this is my next issue; jigou means next issue.
焼[や]き魚[ざかな]とは何[なん]だ,what is a grilled fish; yakizakana means grilled fish.
すごく珍妙[ちんみょう]だ,it is really queer; chimmyou means queer.
それは着心地[きごこち]じゃない,that is not a feel when wearing something; kigokochi means feel when wearing something.
石版[せきばん]の事[こと]を言[い]っている,I am talking about a lithograph; sekiban means lithograph.
そのききおぼえが欲[ほ]しい,I want that learning by ear; kikioboe means learning by ear.
俺[おれ]が貪[むさぼ]る,I am the one who will covet; musaboru means to covet.
明日[あした]跳[は]ね上[あ]がる,I will jump up tomorrow; haneagaru means to jump up.
明日[あした]通[とお]り抜[ぬ]ける,I will go through tomorrow; toorinukeru means to go through.
これは隠[かく]し事[ごと]だ,this is a secret; kakushigoto means secret.
すごくどろどろだ,it is really viscous; dorodoro means viscous.
ウォーじゃない,it is not a war; wo means war.
やっぱりファミリアだ,it is a familiar after all; famiria means familiar.
よく剥[は]がれる,I often come unstuck from; hagareru means to come unstuck from.
これから吊[つ]るす,I will hang from now on; tsurusu means to hang.
それは平静[へいせい]だ,that one is calm; heisei means calm.
引[ひ]き合[あ]わせとは何[なん]だ,what is an introduction; hikiawase means introduction.
ことごとくした,I did it altogether; kotogotoku means altogether.
それは死活[しかつ]じゃない,that is not a life and death; shikatsu means life and death.
滞[とどこお]りの事[こと]を言[い]っている,I am talking about a stagnation; todokoori means stagnation.
その熱戦[ねっせん]が欲[ほ]しい,I want that fierce fight; nessen means fierce fight.
一緒[いっしょ]に突[つ]き刺[さ]す,we will stab together; tsukisasu means to stab.
うすを探[さが]している,I am looking for a millstone; usu means millstone.
舎弟[しゃてい]が必要[ひつよう]だ,one's younger brother is needed; shatei means one's younger brother.
いひひ,hee-hee; ihihi means hee-hee.
これはクレージーだ,this one is crazy; kureeji means crazy.
たまに仰[おお]せ付[つ]かる,I am ordered once in a while; oosetsukaru means to be ordered.
とても初々[ういうい]しい,it is very innocent; uiuishii means innocent.
初雪[はつゆき]がある,there is a first snow; hatsuyuki means first snow.
それを奪[うば]い合[あ]う,I will scramble for that; ubaiau means to scramble for.
これは俺[おれ]の店番[みせばん]だ,this is my tending a store; miseban means tending a store.
明日[あした]折[お]り返[かえ]す,I will turn up tomorrow; orikaesu means to turn up.
大[おお]きな振[ふ]り出[だ]しだ,it is a big shaking out; furidashi means shaking out.
今[いま]映[うつ]し出[だ]す,now I project; utsushidasu means to project.
その棍棒[こんぼう]が欲[ほ]しい,I want that stick; kombou means stick.
これから消[き]え去[さ]る,I will disappear from now on; kiesaru means to disappear.
ちゃんと立[た]ち入[い]る,I enter properly; tachiiru means to enter.
行[ゆ]く先[さき]が必要[ひつよう]だ,a destination is needed; yukusaki means destination.
これは門出[かどで]だ,this is a setting off; kadode means setting off.
本当[ほんとう]の閃[ひらめ]きだ,it is a real flair; hirameki means flair.
しょんぼりした,I did it downheartedly; shombori means downheartedly.
明日[あした]住[す]まう,I will live tomorrow; sumau means to live.
それは内密[ないみつ]だ,that one is privacy; naimitsu means privacy.
半壊[はんかい]を見[み]た,I saw a partial destruction; hankai means partial destruction.
とてもずうずうしい,it is very impudent; zuuzuushii means impudent.
妄言[ぼうげん]とは何[なん]だ,what is a reckless remark; bougen means reckless remark.
これから実[みの]る,I will bear fruit from now on; minoru means to bear fruit.
それは容態[ようだい]じゃない,that is not a condition; youdai means condition.
巨体[きょたい]の事[こと]を言[い]っている,I am talking about a huge body; kyotai means huge body.
そのよだれが欲[ほ]しい,I want that drool; yodare means drool.
この満身[まんしん]を知[し]っているか,do you know this the whole body; manshin means the whole body.
物証[ぶっしょう]を探[さが]している,I am looking for a physical evidence; busshou means physical evidence.
群生[ぐんせい]が必要[ひつよう]だ,a growing en masse in one location is needed; gunsei means growing en masse in one location.
すごく貧相[ひんそう]だ,it is really poor-looking; hinsou means poor-looking.
本当[ほんとう]の飲[の]み食[く]いだ,it is a real food and drink; nomikui means food and drink.
ちやほやいい,it is to make a fuss over good; chiyahoya means to make a fuss over.
やっぱりルーラーだ,it is a ruler after all; ruura means ruler.
剣豪[けんごう]がある,there is a great swordsman; kengou means great swordsman.
合否[ごうひ]を見[み]た,I saw a success or failure; gouhi means success or failure.
ちゃんと思[おも]い知[し]る,I come to know properly; omoishiru means to come to know.
俺[おれ]が打[う]ち消[け]す,I am the one who will deny; uchikesu means to deny.
それを沸[わ]かす,I will boil that; wakasu means to boil.
それは物知[ものし]りじゃない,that is not a well-informed person; monoshiri means well-informed person.
発議[はつぎ]の事[こと]を言[い]っている,I am talking about a proposal; hatsugi means proposal.
その血祭[ちまつ]りが欲[ほ]しい,I want that killing violently; chimatsuri means killing violently.
この行[い]き止[ど]まりを知[し]っているか,do you know this dead end; ikidomari means dead end.
途絶[とぜつ]を探[さが]している,I am looking for a stoppage; tozetsu means stoppage.
伸[の]び縮[ちぢ]みが必要[ひつよう]だ,an expansion and contraction is needed; nobichijimi means expansion and contraction.
これからわめく,I will shout from now on; wameku means to shout.
本当[ほんとう]の歩調[ほちょう]だ,it is a real pace; hochou means pace.
玉葱[たまねぎ]じゃない,it is not an onion; tamanegi means onion.
やっぱり絶交[ぜっこう]だ,it is a breaking off a relationship after all; zekkou means breaking off a relationship.
重合[じゅうごう]がある,there is a polymerization; juugou means polymerization.
飛[と]び火[ひ]を見[み]た,I saw a leaping flames; tobihi means leaping flames.
ぎゅうぎゅうなった,it turned out creaking; gyuugyuu means creaking.
皆[みんな]べたべただ,everyone is sticky; betabeta means sticky.
大[おお]きな一存[いちぞん]だ,it is a big one's own discretion; ichizon means one's own discretion.
それは伝聞[でんぶん]じゃない,that is not a hearsay; dembun means hearsay.
たたずまいの事[こと]を言[い]っている,I am talking about an appearance; tatazumai means appearance.
その嫁入[よめい]りが欲[ほ]しい,I want that marriage; yomeiri means marriage.
この後宮[こうきゅう]を知[し]っているか,do you know this inner palace; koukyuu means inner palace.
すごく快調[かいちょう]だ,it is really good; kaichou means good.
俺[おれ]が持[も]て余[あま]す,I am the one who will be too much for one; moteamasu means to be too much for one.
これは杞憂[きゆう]だ,this is a needless fear; kiyuu means needless fear.
本当[ほんとう]の礼節[れいせつ]だ,it is a real decorum; reisetsu means decorum.
襲名[しゅうめい]じゃない,it is not a succession to another's professional name; shuumei means succession to another's professional name.
やっぱり遺恨[いこん]だ,it is a grudge after all; ikon means grudge.
銅貨[どうか]がある,there is a copper coin; douka means copper coin.
関知[かんち]を見[み]た,I saw a concern; kanchi means concern.
これは俺[おれ]の闊歩[かっぽ]だ,this is my striding; kappo means striding.
ポイズンとは何[なん]だ,what is a poison; poizun means poison.
大[おお]きな他意[たい]だ,it is a big other intention; tai means other intention.
それは先達[せんだつ]じゃない,that is not a leader; sendatsu means leader.
再戦[さいせん]の事[こと]を言[い]っている,I am talking about a rematch; saisen means rematch.
その創痍[そうい]が欲[ほ]しい,I want that wound; soui means wound.
この四散[しさん]を知[し]っているか,do you know this scattering; shisan means scattering.
栄華[えいが]を探[さが]している,I am looking for a prosperity; eiga means prosperity.
肌身[はだみ]が必要[ひつよう]だ,a body is needed; hadami means body.
これは足並[あしな]みだ,this is a pace; ashinami means pace.
本当[ほんとう]の鉢合[はちあ]わせだ,it is a real bumping of heads; hachiawase means bumping of heads.
一句[いっく]じゃない,it is not a phrase; ikku means phrase.
やっぱり木刀[ぼくとう]だ,it is a wooden sword after all; bokutou means wooden sword.
それは神妙[しんみょう]だ,that one is meek; shimmyou means meek.
ききこみを見[み]た,I saw a getting information; kikikomi means getting information.
これは豪勢[ごうせい]だ,this one is grand; gousei means grand.
明日[あした]勤[いそ]しむ,I will work hard at tomorrow; isoshimu means to work hard at.
大[おお]きなたしなみだ,it is a big taste; tashinami means taste.
明日[あした]引[ひ]き籠[こ]もる,I will stay indoors tomorrow; hikikomoru means to stay indoors.
この手厳[てきび]しいやつだ,it is this harsh one; tekibishii means harsh.
その眼光[がんこう]が欲[ほ]しい,I want that sparkle of one's eyes; gankou means sparkle of one's eyes.
このかいこを知[し]っているか,do you know this silkworm; kaiko means silkworm.
いいぐさを探[さが]している,I am looking for remarks; iigusa means remarks.
踏破[とうは]が必要[ひつよう]だ,a travelling on foot is needed; touha means travelling on foot.
ちゃんと透[す]き通[とお]る,I am transparent properly; sukitooru means to be transparent.
それは鮮烈[せんれつ]だ,that one is vivid; senretsu means vivid.
パイソンじゃない,it is not a python; paison means python.
それを引[ひ]っ掛[か]ける,I will hang on that; hikkakeru means to hang on.
永世[えいせい]を見[み]た,I saw an eternity; eisei means eternity.
これは俺[おれ]のフォーエバーだ,this is my forever; fooeba means forever.
別種[べっしゅ]とは何[なん]だ,what is an another kind; besshu means another kind.
すごく喧騒[けんそう]だ,it is really tumult; kensou means tumult.
それは後列[こうれつ]じゃない,that is not a back row; kouretsu means back row.
旧道[きゅうどう]の事[こと]を言[い]っている,I am talking about an old road; kyuudou means old road.
そのかかしが欲[ほ]しい,I want that scarecrow; kakashi means scarecrow.
この毎食[まいしょく]を知[し]っているか,do you know this every meal; maishoku means every meal.
この真新[まあたら]しいやつだ,it is this brand new one; maatarashii means brand new.
私情[しじょう]が必要[ひつよう]だ,a personal feelings is needed; shijou means personal feelings.
何[なに]を見違[みちが]えるのか,what do you mistake; michigaeru means to mistake.
本当[ほんとう]のべろだ,it is a real tongue; bero means tongue.
夜分[やぶん]なった,it turned out evening; yabun means evening.
皆[みんな]で植[う]え付[つ]ける,all of us plant; uetsukeru means to plant.
デリカシーがある,there is a delicacy; derikashi means delicacy.
よく絡[から]み合[あ]う,I often intertwine; karamiau means to intertwine.
これから背[そむ]く,I will run counter to from now on; somuku means to run counter to.
謹製[きんせい]とは何[なん]だ,what is a carefully made; kinsei means carefully made.
大[おお]きな雑務[ざつむ]だ,it is a big miscellaneous duties; zatsumu means miscellaneous duties.
すごくぶっつけだ,it is really without preparation; buttsuke means without preparation.
よちよちなった,it turned out totteringly; yochiyochi means totteringly.
何[なに]を企[くわだ]てるのか,what do you plan; kuwadateru means to plan.
この共倒[ともだお]れを知[し]っているか,do you know this falling together; tomodaore means falling together.
厚着[あつぎ]を探[さが]している,I am looking for a wearing thick clothes; atsugi means wearing thick clothes.
皆[みんな]で埋[う]もれる,all of us am buried; umoreru means to be buried.
皆[みんな]大急[おおいそ]ぎだ,everyone is great hurry; ooisogi means great hurry.
本当[ほんとう]の思[おも]い違[ちが]いだ,it is a real misunderstanding; omoichigai means misunderstanding.
教示[きょうじ]じゃない,it is not an instruction; kyouji means instruction.
やっぱり枚挙[まいきょ]だ,it is an enumeration after all; maikyo means enumeration.
権化[ごんげ]がある,there is an incarnation; gonge means incarnation.
永劫[えいごう]を見[み]た,I saw an eternity; eigou means eternity.
これは俺[おれ]の稲穂[いなほ]だ,this is my ear of rice; inaho means ear of rice.
何[なに]を羨[うらや]むのか,what do you envy; urayamu means to envy.
大[おお]きな肌触[はだざわ]りだ,it is a big feel; hadazawari means feel.
それは麦芽[ばくが]じゃない,that is not a malt; bakuga means malt.
よもや言[い]った,I said it surely; yomoya means surely.
その心血[しんけつ]が欲[ほ]しい,I want that heart and soul; shinketsu means heart and soul.
よく極[きわ]まる,I often reach an extreme; kiwamaru means to reach an extreme.
これからめいる,I will feel depressed from now on; meiru means to feel depressed.
神職[しんしょく]が必要[ひつよう]だ,a Shinto priest is needed; shinshoku means Shinto priest.
ちゃんと積[つ]み重[かさ]ねる,I pile up properly; tsumikasaneru means to pile up.
本当[ほんとう]の虚像[きょぞう]だ,it is a real virtual image; kyozou means virtual image.
それを見通[みとお]す,I will see without obstruction that; mitoosu means to see without obstruction.
やっぱり軟派[なんぱ]だ,it is a seducer after all; nampa means seducer.
おめおめなった,it turned out shamelessly; omeome means shamelessly.
ぎくいい,it is apprehension good; giku means apprehension.
はっとした,I did it with a start; hatto means with a start.
つきものとは何[なん]だ,what is a natural accompaniment; tsukimono means natural accompaniment.
大[おお]きな入道[にゅうどう]だ,it is a big entering the priesthood; nyuudou means entering the priesthood.
それは希求[ききゅう]じゃない,that is not a longing; kikyuu means longing.
禍根[かこん]の事[こと]を言[い]っている,I am talking about a root of an evil; kakon means root of an evil.
その負[ま]け惜[お]しみが欲[ほ]しい,I want that being a poor loser; makeoshimi means being a poor loser.
俺[おれ]が酔[よ]っ払[ぱら]う,I am the one who will get drunk; yopparau means to get drunk.
それをちぎる,I will pledge that; chigiru means to pledge.
と金[きん]が必要[ひつよう]だ,a promoted pawn is needed; tokin means promoted pawn.
ひらひら言[い]った,I said it fluttering; hirahira means fluttering.
本当[ほんとう]のデビルだ,it is a real devil; debiru means devil.
上座[かみざ]じゃない,it is not a chief seat; kamiza means chief seat.
やっぱり刀身[とうしん]だ,it is a sword blade after all; toushin means sword blade.
よく売[う]り払[はら]う,I often sell off; uriharau means to sell off.
女物[おんなもの]を見[み]た,I saw women's; onnamono means women's.
たまに差[さ]し伸[の]べる,I hold out once in a while; sashinoberu means to hold out.
ちゃんと渋[しぶ]る,I am reluctant properly; shiburu means to be reluctant.
大[おお]きな石板[せきばん]だ,it is a big slate; sekiban means slate.
それは西瓜割[すいかわ]りじゃない,that is not a watermelon splitting; suikawari means watermelon splitting.
譲位[じょうい]の事[こと]を言[い]っている,I am talking about an abdication; joui means abdication.
明日[あした]躍[おど]らす,I will throw tomorrow; odorasu means to throw.
この遷都[せんと]を知[し]っているか,do you know this relocation of the capital; sento means relocation of the capital.
ねやを探[さが]している,I am looking for a bedroom; neya means bedroom.
アーティファクトが必要[ひつよう]だ,an artifact is needed; aatifakuto means artifact.
これは名残[なご]りだ,this is remains; nagori means remains.
すごく早計[そうけい]だ,it is really overhasty; soukei means overhasty.
それは桁外[けたはず]れだ,that one is incredible; ketahazure means incredible.
やっぱり泣[な]き言[ごと]だ,it is a complaint after all; nakigoto means complaint.
演武[えんぶ]がある,there is a martial arts demonstration; embu means martial arts demonstration.
稲刈[いねか]りを見[み]た,I saw a rice reaping; inekari means rice reaping.
それは粗野[そや]だ,that one is rustic; soya means rustic.
マルチタスクとは何[なん]だ,what is a multitasking; maruchitasuku means multitasking.
一緒[いっしょ]に受[う]け流[なが]す,we will ward off together; ukenagasu means to ward off.
それは回[まわ]りくどい,that one is circuitous; mawarikudoi means circuitous.
完膚[かんぷ]の事[こと]を言[い]っている,I am talking about an unwounded skin; kampu means unwounded skin.
その家財[かざい]が欲[ほ]しい,I want that household belongings; kazai means household belongings.
この悪鬼[あくき]を知[し]っているか,do you know this evil spirit; akuki means evil spirit.
筋違[すじちが]いを探[さが]している,I am looking for a cramp; sujichigai means cramp.
英傑[えいけつ]が必要[ひつよう]だ,a great person is needed; eiketsu means great person.
俺[おれ]が諭[さと]す,I am the one who will make understand; satosu means to make understand.
本当[ほんとう]の趨勢[すうせい]だ,it is a real tendency; suusei means tendency.
明日[あした]躊躇[ためら]う,I will hesitate tomorrow; tamerau means to hesitate.
ぷにぷになった,it turned out squishy; punipuni means squishy.
べべがある,there is a female genitals; bebe means female genitals.
七色[なないろ]を見[み]た,I saw a seven colours; nanairo means seven colours.
今[いま]封[ふう]じ込[こ]める,now I shut in; fuujikomeru means to shut in.
射的[しゃてき]とは何[なん]だ,what is a target practice; shateki means target practice.
これから引[ひ]き締[し]まる,I will become tense from now on; hikishimaru means to become tense.
ちゃんと戯[たわむ]れる,I am playful properly; tawamureru means to be playful.
ちゃんと来[きた]す,I cause properly; kitasu means to cause.
その真贋[しんがん]が欲[ほ]しい,I want that genuineness or spuriousness; shingan means genuineness or spuriousness.
この褒賞[ほうしょう]を知[し]っているか,do you know this prize; houshou means prize.
明日[あした]鈍[にぶ]る,I will become blunt tomorrow; niburu means to become blunt.
すごくやみくもだ,it is really reckless; yamikumo means reckless.
ずぶずぶなった,it turned out deeply; zubuzubu means deeply.
本当[ほんとう]の代替[だいが]わりだ,it is a real taking over; daigawari means taking over.
今[いま]冠[かん]する,now I crown; kansuru means to crown.
よく切[き]り抜[ぬ]ける,I often cut one's way through; kirinukeru means to cut one's way through.
これから思[おも]い悩[なや]む,I will worry about from now on; omoinayamu means to worry about.
皆[みんな]慌[あわ]ただしい,everyone is busy; awatadashii means busy.
これは俺[おれ]の気乗[きの]りだ,this is my interest; kinori means interest.
物狂[ものぐる]いとは何[なん]だ,what is an insanity; monogurui means insanity.
ちょっと目覚[めざ]ましい,it is a bit remarkable; mezamashii means remarkable.
明日[あした]舞[ま]い上[あ]がる,I will soar tomorrow; maiagaru means to soar.
速力[そくりょく]の事[こと]を言[い]っている,I am talking about a speed; sokuryoku means speed.
つんつん言[い]った,I said it aloof; tsuntsun means aloof.
この冷[ひ]やを知[し]っているか,do you know this cold water; hiya means cold water.
今[いま]そぐ,now I chip; sogu means to chip.
嗚咽[おえつ]が必要[ひつよう]だ,a sobbing is needed; oetsu means sobbing.
これは大枠[おおわく]だ,this is a general framework; oowaku means general framework.
それは悪辣[あくらつ]だ,that one is crafty; akuratsu means crafty.
暗夜[あんや]じゃない,it is not a dark night; anya means dark night.
やっぱり最果[さいは]てだ,it is the farthest ends after all; saihate means the farthest ends.
木漏[こも]れ日[び]がある,there is a sunlight filtering through trees; komorebi means sunlight filtering through trees.
ちょっと根深[ねぶか]い,it is a bit deep-rooted; nebukai means deep-rooted.
これは俺[おれ]の歩幅[ほはば]だ,this is my step; hohaba means step.
痴[ち]とは何[なん]だ,what is a foolishness; chi means foolishness.
大[おお]きな羅刹[らせつ]だ,it is a big rakshasa; rasetsu means rakshasa.
これが貴君[きくん]だ,this is you; kikun means you.
身震[みぶる]いの事[こと]を言[い]っている,I am talking about a shivering; miburui means shivering.
ちょっとあどけない,it is a bit innocent; adokenai means innocent.
たまに仕立[した]てる,I tailor once in a while; shitateru means to tailor.
借款[しゃっかん]を探[さが]している,I am looking for a loan; shakkan means loan.
皆[みんな]ずぶとい,everyone is bold; zubutoi means bold.
それを導[みちび]き出[だ]す,I will draw that; michibikidasu means to draw.
明日[あした]忍[しの]び込[こ]む,I will creep in tomorrow; shinobikomu means to creep in.
打[う]ち止[ど]めじゃない,it is not an end; uchidome means end.
やっぱり糸目[いとめ]だ,it is a fine line after all; itome means fine line.
隊形[たいけい]がある,there is a battle formation; taikei means battle formation.
今[いま]出迎[でむか]える,now I meet; demukaeru means to meet.
これは俺[おれ]の劇薬[げきやく]だ,this is my powerful medicine; gekiyaku means powerful medicine.
半[はん]べそとは何[なん]だ,what is a half-crying; hambeso means half-crying.
これは厳[おごそ]かだ,this one is solemn; ogosoka means solemn.
俺[おれ]が孕[はら]む,I am the one who will conceive; haramu means to conceive.
ろくにいい,it is well good; rokuni means well.
この立[た]ち話[ばなし]を知[し]っているか,do you know this talking while standing; tachibanashi means talking while standing.
明日[あした]羽織[はお]る,I will put on tomorrow; haoru means to put on.
ちょっと騒々[そうぞう]しい,it is a bit noisy; souzoushii means noisy.
ゆるりいい,it is unhurriedly good; yururi means unhurriedly.
本当[ほんとう]のキッシュだ,it is a real quiche; kisshu means quiche.
会釈[えしゃく]じゃない,it is not a slight bow; eshaku means slight bow.
やっぱり羽音[はおと]だ,it is a flapping sound after all; haoto means flapping sound.
胸騒[むなさわ]ぎがある,there is an uneasiness; munasawagi means uneasiness.
インフェルノを見[み]た,I saw an inferno; inferuno means inferno.
これは俺[おれ]のコンティニューだ,this is my continue; kontinyu means continue.
ないしそれでいい,or that is fine; naishi means or.
何[なに]を刈[か]るのか,what do you cut; karu means to cut.
それは威風[いふう]じゃない,that is not a majesty; ifuu means majesty.
将兵[しょうへい]の事[こと]を言[い]っている,I am talking about officers and men; shouhei means officers and men.
その心証[しんしょう]が欲[ほ]しい,I want that impression; shinshou means impression.
この物見[ものみ]を知[し]っているか,do you know this sightseeing; monomi means sightseeing.
裏声[うらごえ]を探[さが]している,I am looking for a falsetto; uragoe means falsetto.
防戦[ぼうせん]が必要[ひつよう]だ,a defensive fight is needed; bousen means defensive fight.
これは領分[りょうぶん]だ,this is a territory; ryoubun means territory.
本当[ほんとう]のオールラウンダーだ,it is a real all-rounder; ooruraunda means all-rounder.
別状[べつじょう]じゃない,it is not a something unusual; betsujou means something unusual.
それを助[たす]け出[だ]す,I will help out of trouble that; tasukedasu means to help out of trouble.
それはしたたかだ,that one is tough; shitataka means tough.
持[も]ち場[ば]を見[み]た,I saw one's post; mochiba means one's post.
これは俺[おれ]の正妻[せいさい]だ,this is my legal wife; seisai means legal wife.
皆[みんな]で灯[とも]す,all of us light; tomosu means to light.
大[おお]きな痴態[ちたい]だ,it is a big foolishness; chitai means foolishness.
それは薄紫[うすむらさき]じゃない,that is not a light purple; usumurasaki means light purple.
これから蠢[うごめ]く,I will wriggle from now on; ugomeku means to wriggle.
たまに連[つ]れ戻[もど]す,I bring back once in a while; tsuremodosu means to bring back.
むっつりなった,it turned out sullenly; muttsuri means sullenly.
俺[おれ]が住[す]み着[つ]く,I am the one who will settle; sumitsuku means to settle.
冥土[めいど]が必要[ひつよう]だ,the underworld is needed; meido means the underworld.
これは委譲[いじょう]だ,this is a transfer; ijou means transfer.
明日[あした]引[ひ]き締[し]める,I will tighten tomorrow; hikishimeru means to tighten.
すくいじゃない,it is not a scooping; sukui means scooping.
皆[みんな]で摘[つ]む,all of us pick; tsumu means to pick.
汗水[あせみず]がある,there is a profuse sweat; asemizu means profuse sweat.
高僧[こうそう]を見[み]た,I saw a high priest; kousou means high priest.
こんこんいい,it is tap-tap good; konkon means tap-tap.
どしどし言[い]った,I said it one after another; doshidoshi means one after another.
ゲッ,ugh; get means ugh.
切[き]れ者[もの]の事[こと]を言[い]っている,I am talking about a sharp and able person; kiremono means sharp and able person.
ちょっと塩辛[しおから]い,it is a bit salty; shiokarai means salty.
この持[も]ち腐[ぐさ]れを知[し]っているか,do you know this unused possession; mochigusare means unused possession.
時世[じせい]を探[さが]している,I am looking for the times; jisei means the times.
結[むす]び付[つ]きが必要[ひつよう]だ,a connection is needed; musubitsuki means connection.
今[いま]合[あ]わさる,now I join; awasaru means to join.
よく問[と]い詰[つ]める,I often press a question; toitsumeru means to press a question.
晴[は]れ着[ぎ]じゃない,it is not a Sunday best; haregi means Sunday best.
たまに見限[みかぎ]る,I give up on once in a while; mikagiru means to give up on.
ちゃんと遣[や]り残[のこ]す,I leave undone properly; yarinokosu means to leave undone.
重臣[じゅうしん]を見[み]た,I saw a chief vassal; juushin means chief vassal.
これは俺[おれ]のギブだ,this is my give; gibu means give.
明日[あした]振[ふ]り切[き]る,I will shake off tomorrow; furikiru means to shake off.
それは汚[けが]らわしい,that one is filthy; kegarawashii means filthy.
独[ひと]りぼっちの事[こと]を言[い]っている,I am talking about an aloneness; hitoribocchi means aloneness.
これは低級[ていきゅう]だ,this one is low-grade; teikyuu means low-grade.
小手[こて]を探[さが]している,I am looking for a bracer; kote means bracer.
用命[ようめい]が必要[ひつよう]だ,a command is needed; youmei means command.
ちゃんと群[む]れる,I crowd properly; mureru means to crowd.
本当[ほんとう]の荒[あ]れ地[ち]だ,it is a real wasteland; arechi means wasteland.
頭[あたま]ごなし言[い]った,I said it unsparingly; atamagonashi means unsparingly.
明日[あした]駆[か]け回[まわ]る,I will run around tomorrow; kakemawaru means to run around.
ねばねばいい,it is sticky good; nebaneba means sticky.
一緒[いっしょ]に分[わ]け隔[へだ]てる,we will distinction together; wakehedateru means distinction.
すごく存外[ぞんがい]だ,it is really beyond expectation; zongai means beyond expectation.
御託[ごたく]とは何[なん]だ,what is tedious talk; gotaku means tedious talk.
大[おお]きな揺[ゆ]り戻[もど]しだ,it is a big swinging back; yurimodoshi means swinging back.
それは揺[ゆ]り籠[かご]じゃない,that is not a cradle; yurikago means cradle.
すごく狡賢[ずるがしこ]い,it is really devious; zurugashikoi means devious.
その盗[ぬす]み聞[ぎ]きが欲[ほ]しい,I want that eavesdropping; nusumigiki means eavesdropping.
この闘気[とうき]を知[し]っているか,do you know this fighting spirit; touki means fighting spirit.
風物[ふうぶつ]を探[さが]している,I am looking for a natural features; fuubutsu means natural features.
ヒヒヒヒ、分[わ]かった,hee hee hee I understand; hihihihi means hee hee hee.
これはプリズンだ,this is a prison; purizun means prison.
本当[ほんとう]のてっぺんだ,it is a real top; teppen means top.
皆[みんな]で嫁[とつ]ぐ,all of us marry; totsugu means to marry.
それは手痛[て]い,that one is severe; teitai means severe.
方陣[ほうじん]がある,there is a square formation; houjin means square formation.
確固[かっこ]いい,it is firm good; kakko means firm.
これは非礼[ひれい]だ,this one is impoliteness; hirei means impoliteness.
ちゃんとぶれる,I am blurred properly; bureru means to be blurred.
それは人馬[じんば]じゃない,that is not a man and horse; jimba means man and horse.
内偵[ないてい]の事[こと]を言[い]っている,I am talking about a secret investigation; naitei means secret investigation.
その無量[むりょう]が欲[ほ]しい,I want that immeasurable; muryou means immeasurable.
この邪念[じゃねん]を知[し]っているか,do you know this wicked thought; janen means wicked thought.
皆[みんな]でせしめる,all of us cheat; seshimeru means to cheat.
もたもたした,I did it slowly; motamota means slowly.
よく取[と]り寄[よ]せる,I often order; toriyoseru means to order.
これから立[た]て籠[こも]る,I will shut oneself in from now on; tatekomoru means to shut oneself in.
たまに追[お]い遣[や]る,I drive away once in a while; oiyaru means to drive away.
あいた,ouch; aita means ouch.
俺[おれ]が利[り]する,I am the one who will profit; risuru means to profit.
墓守[はかもり]を見[み]た,I saw a grave maintenance; hakamori means grave maintenance.
これは俺[おれ]の封書[ふうしょ]だ,this is my sealed letter; fuusho means sealed letter.
当家[とうけ]とは何[なん]だ,what is this family; touke means this family.
大[おお]きな断腸[だんちょう]だ,it is a big heartbreak; danchou means heartbreak.
それは根城[ねじろ]じゃない,that is not a stronghold; nejiro means stronghold.
相打[あいう]ちの事[こと]を言[い]っている,I am talking about a simultaneously striking one another; aiuchi means simultaneously striking one another.
よく立[た]ち回[まわ]る,I often walk about; tachimawaru means to walk about.
この胸中[きょうちゅう]を知[し]っているか,do you know this one's heart; kyouchuu means one's heart.
臆面[おくめん]を探[さが]している,I am looking for a timid face; okumen means timid face.
皆[みんな]あくどい,everyone is gaudy; akudoi means gaudy.
俺[おれ]が押[お]し通[とお]す,I am the one who will persist in; oshitoosu means to persist in.
本当[ほんとう]のでんぷんだ,it is a real starch; dempun means starch.
行[い]き帰[かえ]りじゃない,it is not a going and returning; ikikaeri means going and returning.
やっぱり霊峰[れいほう]だ,it is a sacred mountain after all; reihou means sacred mountain.
皆[みんな]でもげる,all of us am torn off; mogeru means to be torn off.
皆[みんな]で匂[にお]う,all of us am fragrant; niou means to be fragrant.
これは俺[おれ]のかぶだ,this is my turnip; kabu means turnip.
いでたちとは何[なん]だ,what is a dress; idetachi means dress.
大[おお]きな断頭[だんとう]だ,it is a big beheading; dantou means beheading.
さしも言[い]った,I said it to that extent; sashimo means to that extent.
ちゃんと連[つ]れ去[さ]る,I take away properly; tsuresaru means to take away.
俺[おれ]が冴[さ]える,I am the one who will be clear; saeru means to be clear.
この国賓[こくひん]を知[し]っているか,do you know this state guest; kokuhin means state guest.
強酸[きょうさん]を探[さが]している,I am looking for a strong acid; kyousan means strong acid.
後天[こうてん]が必要[ひつよう]だ,a posteriori is needed; kouten means a posteriori.
これは毒矢[どくや]だ,this is a poisoned arrow; dokuya means poisoned arrow.
本当[ほんとう]の精気[せいき]だ,it is a real spirit; seiki means spirit.
豪傑[ごうけつ]じゃない,it is not a hero; gouketsu means hero.
よく陣取[じんど]る,I often encamp; jindoru means to encamp.
しゅっしゅっいい,it is choo-choo good; shusshut means choo-choo.
中腰[ちゅうごし]を見[み]た,I saw a half-sitting posture; chuugoshi means half-sitting posture.
ちゃんと剥[は]ぐ,I tear off properly; hagu means to tear off.
俺[おれ]が取[と]り逃[に]がす,I am the one who will fail to catch; torinigasu means to fail to catch.
大[おお]きな山犬[やまいぬ]だ,it is a big Japanese wolf; yamainu means Japanese wolf.
明日[あした]忍[しの]ぶ,I will conceal oneself tomorrow; shinobu means to conceal oneself.
終止[しゅうし]の事[こと]を言[い]っている,I am talking about a termination; shuushi means termination.
一緒[いっしょ]に裏返[うらがえ]す,we will turn inside out together; uragaesu means to turn inside out.
このメルトを知[し]っているか,do you know this melt; meruto means melt.
両翼[りょうよく]を探[さが]している,I am looking for a both wings; ryouyoku means both wings.
狼藉[ろうぜき]が必要[ひつよう]だ,a disorder is needed; rouzeki means disorder.
これはゆえんだ,this is an acquaintance; yuen means acquaintance.
本当[ほんとう]の百獣[ひゃくじゅう]だ,it is a real all kinds of animals; hyakujuu means all kinds of animals.
ばりばりした,I did it vigorously; baribari means vigorously.
やっぱり万死[ばんし]だ,it is a certain death after all; banshi means certain death.
それを匿[かくま]う,I will shelter that; kakumau means to shelter.
国主[こくしゅ]を見[み]た,I saw a king; kokushu means king.
これは俺[おれ]の密偵[みってい]だ,this is my spy; mittei means spy.
巨頭[きょとう]とは何[なん]だ,what is a leader; kyotou means leader.
皆[みんな]できずきあげる,all of us build; kizukiageru means to build.
今[いま]苛立[いらだ]つ,now I am irritated; iradatsu means to be irritated.
よくいいわたす,I often announce; iiwatasu means to announce.
その泡立[あわだ]ちが欲[ほ]しい,I want that foaming; awadachi means foaming.
たまに焚[た]く,I burn once in a while; taku means to burn.
皆[みんな]むげだ,everyone is without a doubt; muge means without a doubt.
俺[おれ]が脱[ぬ]げる,I am the one who will come off; nugeru means to come off.
それを見落[みお]とす,I will overlook that; miotosu means to overlook.
本当[ほんとう]の間者[かんじゃ]だ,it is a real spy; kanja means spy.
いまいちした,I did it not quite; imaichi means not quite.
地響[じひび]きがある,there is a subterranean rumbling; jihibiki means subterranean rumbling.
夜店[よみせ]を見[み]た,I saw a night stall; yomise means night stall.
これは俺[おれ]の片時[かたとき]だ,this is my a moment; katatoki means a moment.
知略[ちりゃく]とは何[なん]だ,what is resources; chiryaku means resources.
ちゃんと結[むす]び付[つ]く,I am related properly; musubitsuku means to be related.
ちゃんと高[たか]ぶる,I become aroused properly; takaburu means to become aroused.
俺[おれ]が取[と]り持[も]つ,I am the one who will act as a go-between; torimotsu means to act as a go-between.
それを取[と]り繕[つくろ]う,I will keep up that; toritsukurou means to keep up.
この密談[みつだん]を知[し]っているか,do you know this private talk; mitsudan means private talk.
明日[あした]案[あん]ずる,I will be anxious tomorrow; anzuru means to be anxious.
熱砂[ねっさ]が必要[ひつよう]だ,a hot sand is needed; nessa means hot sand.
これは長話[ながばなし]だ,this is a long talk; nagabanashi means long talk.
本当[ほんとう]の駄々[だだ]っ子[こ]だ,it is a real unmanageable child; dadakko means unmanageable child.
かちんなった,it turned out clink; kachin means clink.
皆[みんな]がら空[あ]きだ,everyone is almost completely empty; garaaki means almost completely empty.
年甲斐[としがい]がある,there is one's age; toshigai means one's age.
ふぐを見[み]た,I saw a puffer fish; fugu means puffer fish.
俺[おれ]が茂[しげ]る,I am the one who will grow thickly; shigeru means to grow thickly.
それを読[よ]み直[なお]す,I will read over again that; yominaosu means to read over again.
大[おお]きな前祝[まえ]いだ,it is a big advance celebration; maeiwai means advance celebration.
すごく気掛[きが]かりだ,it is really worry; kigakari means worry.
一緒[いっしょ]に穿[うが]つ,we will drill together; ugatsu means to drill.
皆[みんな]でうかがう,all of us peep; ukagau means to peep.
今[いま]老[ふ]ける,now I age; fukeru means to age.
よくほぐす,I often disentangle; hogusu means to disentangle.
りゅうりゅうなった,it turned out prosperous; ryuuryuu means prosperous.
これはウェポンだ,this is a weapon; wepon means weapon.
当夜[とうや]した,I did it that night; touya means that night.
俺[おれ]が心掛[こころが]ける,I am the one who will keep in mind; kokorogakeru means to keep in mind.
明日[あした]怒[いか]り狂[くる]う,I will rage tomorrow; ikarikuruu means to rage.
すごく恐[おそ]れ多[おお]い,it is really awesome; osoreooi means awesome.
物覚[ものおぼ]えを見[み]た,I saw a memory; monooboe means memory.
皆[みんな]でちらつく,all of us flicker; chiratsuku means to flicker.
下々[げげ]とは何[なん]だ,what is the lower classes; gege means the lower classes.
今[いま]差[さ]し向[む]ける,now I send; sashimukeru means to send.
それは深手[ふかで]じゃない,that is not a severe wound; fukade means severe wound.
これから縛[しば]り付[つ]ける,I will tie from now on; shibaritsukeru means to tie.
その遠縁[とおえん]が欲[ほ]しい,I want that distant relative; tooen means distant relative.
この鍛冶屋[かじや]を知[し]っているか,do you know this smith; kajiya means smith.
骨頂[こっちょう]を探[さが]している,I am looking for a height; kocchou means height.
凛々[りんりん]言[い]った,I said it severe; rinrin means severe.
これは合一[ごういつ]だ,this is an unification; gouitsu means unification.
本当[ほんとう]の声音[こわね]だ,it is a real sound of voice; kowane means sound of voice.
役得[やくとく]じゃない,it is not a perquisite; yakutoku means perquisite.
それは水臭[みずくさ]い,that one is stand-offish; mizukusai means stand-offish.
今[いま]舞[ま]い戻[もど]る,now I come back; maimodoru means to come back.
造物[ぞうぶつ]を見[み]た,I saw an all things in nature; zoubutsu means all things in nature.
ぷうした,I did it toot; puu means toot.
ちゃんと乗[の]り移[うつ]る,I change properly; noriutsuru means to change.
大[おお]きな千金[せんきん]だ,it is a big 1000 pounds; senkin means 1000 pounds.
それは向[む]こう岸[ぎし]じゃない,that is not an opposite bank; mukougishi means opposite bank.
これは慧眼[けいがん]だ,this one is keen eye; keigan means keen eye.
その手練[しゅれん]が欲[ほ]しい,I want that skill; shuren means skill.
この手負[てお]いを知[し]っているか,do you know this wounded; teoi means wounded.
すごく物悲[ものがな]しい,it is really sad; monoganashii means sad.
皆[みんな]で画[かく]する,all of us draw; kakusuru means to draw.
今[いま]返[かえ]り咲[ざ]く,now I come back; kaerizaku means to come back.
本当[ほんとう]の遊山[ゆさん]だ,it is a real excursion; yusan means excursion.
かちかちいい,it is ticktock good; kachikachi means ticktock.
やっぱりへいへいだ,it is a level after all; heihei means level.
拳骨[げんこ]がある,there is a fist; genko means fist.
俺[おれ]が泊[と]める,I am the one who will give shelter to; tomeru means to give shelter to.
これは俺[おれ]の特賞[とくしょう]だ,this is my special prize; tokushou means special prize.
蝕[しょく]とは何[なん]だ,what is an eclipse; shoku means eclipse.
大[おお]きなたてがみだ,it is a big mane; tategami means mane.
奥[おく]の院[いん]の事[こと]を言[い]っている,I am talking about an inner sanctuary; okunoin means inner sanctuary.
今[いま]諫[いさ]める,now I remonstrate; isameru means to remonstrate.
この顔付[かおつ]きを知[し]っているか,do you know this looks; kaotsuki means looks.
あらましを探[さが]している,I am looking for an outline; aramashi means outline.
皆[みんな]むごい,everyone is cruel; mugoi means cruel.
これは愛敬[あいきょう]だ,this is a charm; aikyou means charm.
俺[おれ]が落[お]ち合[あお]う,I am the one who will meet up; ochiaou means to meet up.
それをいいあらそう,I will quarrel that; iiarasou means to quarrel.
何[なに]を誘[さそ]い込[こ]むのか,what do you entice; sasoikomu means to entice.
唆[そそのか]しがある,there is an instigation; sosonokashi means instigation.
後程[のちほど]言[い]った,I said it later on; nochihodo means later on.
皆[みんな]でもぎ取[と]る,all of us pluck off; mogitoru means to pluck off.
口添[くちぞ]えとは何[なん]だ,what is a recommendation; kuchizoe means recommendation.
よく引[ひ]っ込[こ]める,I often draw in; hikkomeru means to draw in.
それは田圃[たんぼ]じゃない,that is not a rice field; tambo means rice field.
眼福[がんぷく]の事[こと]を言[い]っている,I am talking about a pleasure of looking; gampuku means pleasure of looking.
ちゃんと馴[な]れ合[あ]う,I collude properly; nareau means to collude.
俺[おれ]がいなす,I am the one who will parry; inasu means to parry.
明日[あした]しくじる,I will fail tomorrow; shikujiru means to fail.
何[なに]を投[な]げ飛[と]ばすのか,what do you fling; nagetobasu means to fling.
明日[あした]浮[う]かれる,I will make merry tomorrow; ukareru means to make merry.
本当[ほんとう]の会戦[かいせん]だ,it is a real engagement; kaisen means engagement.
使[つか]い走[っぱし]りじゃない,it is not a running errands; tsukaippashiri means running errands.
今[いま]培[つちか]う,now I cultivate; tsuchikau means to cultivate.
惰眠[だみん]がある,there is an idle slumber; damin means idle slumber.
愚策[ぐさく]を見[み]た,I saw a stupid plan; gusaku means stupid plan.
たまに掘[ほ]り出[だ]す,I dig out once in a while; horidasu means to dig out.
町外[まちはず]れとは何[なん]だ,what is outskirts; machihazure means outskirts.
大[おお]きな腐肉[ふにく]だ,it is a big carrion; funiku means carrion.
それを出[だ]し抜[ぬ]く,I will outwit that; dashinuku means to outwit.
何[なに]を潜[ひそ]めるのか,what do you hide; hisomeru means to hide.
がつがつなった,it turned out hungrily; gatsugatsu means hungrily.
一緒[いっしょ]に打[う]ち抜[ぬ]く,we will go through together; uchinuku means to go through.
はくひょうを探[さが]している,I am looking for a thin ice; hakuhyou means thin ice.
ちゃんちゃん言[い]った,I said it regularly; chanchan means regularly.
これは晴[は]れ姿[すがた]だ,this is an appearing in one's finest clothes; haresugata means appearing in one's finest clothes.
本当[ほんとう]の法度[はっと]だ,it is a real ban; hatto means ban.
これはおしゃまだ,this one is precocity; oshama means precocity.
やっぱりおべっかだ,it is a flattery after all; obekka means flattery.
アミラーゼがある,there is an amylase; amiraaze means amylase.
それを凝[こご]らす,I will freeze that; kogorasu means to freeze.
これは俺[おれ]の寝所[しんじょ]だ,this is my sleeping place; shinjo means sleeping place.
すごく無碍[むげ]だ,it is really free from obstacles; muge means free from obstacles.
大[おお]きな霧散[むさん]だ,it is a big dispersing; musan means dispersing.
それはレイピアじゃない,that is not a rapier; reipia means rapier.
丹精[たんせい]の事[こと]を言[い]っている,I am talking about a working earnestly; tansei means working earnestly.
その名代[なしろ]が欲[ほ]しい,I want that proxy; nashiro means proxy.
それはひそやかだ,that one is quiet; hisoyaka means quiet.
きせいを探[さが]している,I am looking for a fervour; kisei means fervour.
ちゃんと消[け]し飛[と]ぶ,I scatter away properly; keshitobu means to scatter away.
めきめき言[い]った,I said it remarkably; mekimeki means remarkably.
本当[ほんとう]のアシッドだ,it is a real acid; ashiddo means acid.
皆[みんな]さまつだ,everyone is trivial; samatsu means trivial.
これはかりかりだ,this one is crisp; karikari means crisp.
人使[ひとづか]いを見[み]た,I saw a handling one's workmen; hitozukai means handling one's workmen.
これは俺[おれ]の目算[もくさん]だ,this is my rough estimate; mokusan means rough estimate.
よく逃[に]げ帰[かえ]る,I often scurry home; nigekaeru means to scurry home.
大[おお]きな刮目[かつもく]だ,it is a big close attention; katsumoku means close attention.
とてもやかましい,it is very noisy; yakamashii means noisy.
酒樽[さかだる]の事[こと]を言[い]っている,I am talking about a sake barrel; sakadaru means sake barrel.
そのごきぶりが欲[ほ]しい,I want that cockroach; gokiburi means cockroach.
それを吹[ふ]かす,I will smoke that; fukasu means to smoke.
何[なに]を消[け]し飛[と]ばすのか,what do you scatter away; keshitobasu means to scatter away.
草取[くさと]りが必要[ひつよう]だ,a weeding is needed; kusatori means weeding.
これは蝦[えび]だ,this is a frog; ebi means frog.
皆[みんな]で足掻[あが]く,all of us paw the ground; agaku means to paw the ground.
長考[ちょうこう]じゃない,it is not a thinking for a long time; choukou means thinking for a long time.
がらりいい,it is with a clatter good; garari means with a clatter.
夜回[よまわ]りがある,there is a night watch; yomawari means night watch.
鞭撻[べんたつ]を見[み]た,I saw an encouragement; bentatsu means encouragement.
それはぼんくらだ,that one is stupid; bonkura means stupid.
廃虚[はいきょ]とは何[なん]だ,what is ruins; haikyo means ruins.
大[おお]きな剣戟[けんげき]だ,it is a big weapons; kengeki means weapons.
明日[あした]差[さ]し支[つか]える,I will interfere tomorrow; sashitsukaeru means to interfere.
明日[あした]ついえる,I will collapse tomorrow; tsuieru means to collapse.
その種蒔[たねま]きが欲[ほ]しい,I want that sowing seeds; tanemaki means sowing seeds.
このぽんこつを知[し]っているか,do you know this piece of junk; ponkotsu means piece of junk.
今[いま]抱[だ]き締[し]める,now I hug tight; dakishimeru means to hug tight.
捨[す]て石[いし]が必要[ひつよう]だ,an ornamental garden stone is needed; suteishi means ornamental garden stone.
むしむしいい,it is hot and humid good; mushimushi means hot and humid.
本当[ほんとう]のピローだ,it is a real pillow; piro means pillow.
ちゃんと伝[つた]う,I move along properly; tsutau means to move along.
俺[おれ]が張[は]り出[だ]す,I am the one who will project; haridasu means to project.
書[か]き初[ぞ]めがある,there is a first calligraphy of the year; kakizome means first calligraphy of the year.
屯所[とんしょ]を見[み]た,I saw a military station; tonsho means military station.
これは俺[おれ]の樅[もみ]だ,this is my Japanese fir; momi means Japanese fir.
皆[みんな]で突[つ]っ張[ぱ]る,all of us cramp up; tsupparu means to cramp up.
それは奏上[そうじょう]じゃない,that is not a report to the throne; soujou means report to the throne.
快癒[かいゆ]の事[こと]を言[い]っている,I am talking about a recovery; kaiyu means recovery.
その証文[しょうもん]が欲[ほ]しい,I want that bond; shoumon means bond.
それは馴[な]れ馴[な]れしい,that one is overly familiar; narenareshii means overly familiar.
些事[さじ]を探[さが]している,I am looking for a something small; saji means something small.
俺[おれ]が惑[まど]う,I am the one who will get lost; madou means to get lost.
これは手心[てごころ]だ,this is a discretion; tegokoro means discretion.
本当[ほんとう]の消[け]し炭[ずみ]だ,it is a real partly burned charcoal; keshizumi means partly burned charcoal.
男衆[おとこしゅう]じゃない,it is not a men; otokoshuu means men.
やっぱりあぶだ,it is a horsefly after all; abu means horsefly.
適所[てきしょ]がある,there is a right place; tekisho means right place.
下座[げざ]を見[み]た,I saw a lower seat; geza means lower seat.
よく伏[ふ]す,I often lie face down; fusu means to lie face down.
これから噛[か]み締[し]める,I will chew thoroughly from now on; kamishimeru means to chew thoroughly.
ちゃんと紛[まが]う,I am easily mistaken for properly; magau means to be easily mistaken for.
ちゃんと値切[ねぎ]る,I drive a bargain properly; negiru means to drive a bargain.
前代[ぜんだい]の事[こと]を言[い]っている,I am talking about previous generation; zendai means previous generation.
その薄荷[はっか]が欲[ほ]しい,I want that mint; hakka means mint.
このノバを知[し]っているか,do you know this nova; noba means nova.
入[い]れ違[ちが]いを探[さが]している,I am looking for a passing each other; irechigai means passing each other.
大盤[おおばん]が必要[ひつよう]だ,a demonstration board is needed; ooban means demonstration board.
皆[みんな]で寝[ね]そべる,all of us sprawl; nesoberu means to sprawl.
本当[ほんとう]のけいだ,it is a real rule; kei means rule.
小太刀[こだち]じゃない,it is not a short sword; kodachi means short sword.
とても弱[よわ]っちい,it is very weak; yowacchii means weak.
しごきがある,there is a hazing; shigoki means hazing.
ちゃんと遣[や]らかす,I do properly; yarakasu means to do.
俺[おれ]が交[ま]ぜる,I am the one who will mix; mazeru means to mix.
先入[せんにゅう]とは何[なん]だ,what is a preconception; sennyuu means preconception.
何[なに]を哀[あわ]れむのか,what do you pity; awaremu means to pity.
それは相伴[しょうばん]じゃない,that is not a partaking; shouban means partaking.
皆[みんな]で粧[めか]し込[こ]む,all of us dress oneself up; mekashikomu means to dress oneself up.
皆[みんな]で頼[たの]み込[こ]む,all of us request earnestly; tanomikomu means to request earnestly.
このみぞおちを知[し]っているか,do you know this pit of the stomach; mizoochi means pit of the stomach.
塵芥[じんかい]を探[さが]している,I am looking for a rubbish; jinkai means rubbish.
皆[みんな]寒々[さむざむ]しい,everyone is bleak; samuzamushii means bleak.
たまに持[も]ち掛[か]ける,I offer once in a while; mochikakeru means to offer.
本当[ほんとう]の狙[ねら]い打[う]ちだ,it is a real sharpshooting; neraiuchi means sharpshooting.
俺[おれ]が荒[すさ]む,I am the one who will grow wild; susamu means to grow wild.
それは疑[うたが]い深[ぶか]い,that one is doubting; utagaibukai means doubting.
足労[そくろう]がある,there is a trouble of going somewhere; sokurou means trouble of going somewhere.
明日[あした]驕[おご]る,I will be proud tomorrow; ogoru means to be proud.
これは俺[おれ]のスチレンだ,this is my styrene; suchiren means styrene.
正念[しょうねん]とは何[なん]だ,what is a right mindfulness; shounen means right mindfulness.
大[おお]きな蒲公英[たんぽぽ]だ,it is a big dandelion; tampopo means dandelion.
それはテリーヌじゃない,that is not a terrine; teriinu means terrine.
冷[ひ]や水[みず]の事[こと]を言[い]っている,I am talking about a cold water; hiyamizu means cold water.
たまに労[ねぎら]う,I show appreciation for once in a while; negirau means to show appreciation for.
この打[う]ち所[どころ]を知[し]っているか,do you know this spot; uchidokoro means spot.
俺[おれ]が排[はい]する,I am the one who will push aside; haisuru means to push aside.
橇[そり]が必要[ひつよう]だ,a sleigh is needed; sori means sleigh.
何[なに]を貸[か]し付[つ]けるのか,what do you lend; kashitsukeru means to lend.
本当[ほんとう]の鉄山[てつざん]だ,it is a real iron mine; tetsuzan means iron mine.
むさいじゃない,it is not a lack of ability; musai means lack of ability.
皆[みんな]で打[う]ち合[あ]う,all of us hit each other; uchiau means to hit each other.
今[いま]編[あ]み出[だ]す,now I think up; amidasu means to think up.
適材[てきざい]を見[み]た,I saw a man fit for the post; tekizai means man fit for the post.
これから研[と]ぎ澄[す]ます,I will sharpen from now on; togisumasu means to sharpen.
この軽々[かるがる]しいやつだ,it is this rash one; karugarushii means rash.
ちゃんとさえずる,I sing properly; saezuru means to sing.
それはべっぴんじゃない,that is not a beautiful woman; beppin means beautiful woman.
口振[くちぶ]りの事[こと]を言[い]っている,I am talking about a way of speaking; kuchiburi means way of speaking.
その清聴[せいちょう]が欲[ほ]しい,I want that attention; seichou means attention.
この炎天[えんてん]を知[し]っているか,do you know this blazing heat; enten means blazing heat.
置[お]き物[もの]を探[さが]している,I am looking for an ornament; okimono means ornament.
万難[ばんなん]が必要[ひつよう]だ,a many obstacles is needed; bannan means many obstacles.
今[いま]すくう,now I scoop; sukuu means to scoop.
よく欲張[よくば]る,I often am greedy; yokubaru means to be greedy.
これは卑小[ひしょう]だ,this one is petty; hishou means petty.
しばしば言[い]った,I said it often; shibashiba means often.
ちゃんと息巻[いきま]く,I rage properly; ikimaku means to rage.
棒術[ぼうじゅつ]を見[み]た,I saw a bōjutsu; boujutsu means bōjutsu.
これは俺[おれ]の浮[う]き世[よ]だ,this is my fleeting life; ukiyo means fleeting life.
目通[めどお]しとは何[なん]だ,what is a glancing through; medooshi means glancing through.
大[おお]きなひとかけらだ,it is a big fragment; hitokakera means fragment.
それは屑鉄[くずてつ]じゃない,that is not a scrap iron; kuzutetsu means scrap iron.
期首[きしゅ]の事[こと]を言[い]っている,I am talking about a beginning of a term; kishu means beginning of a term.
そのてんさいが欲[ほ]しい,I want that sugar beet; tensai means sugar beet.
この下郎[げろう]を知[し]っているか,do you know this servant; gerou means servant.
これから勤[つと]まる,I will be fit from now on; tsutomaru means to be fit.
勝[か]ち戦[いくさ]が必要[ひつよう]だ,a winning a battle is needed; kachiikusa means winning a battle.
これはリザレクションだ,this is a resurrection; rizarekushon means resurrection.
俺[おれ]が叩[たた]き付[つ]ける,I am the one who will throw violently against; tatakitsukeru means to throw violently against.
用足[ようた]しじゃない,it is not a running errands; youtashi means running errands.
明日[あした]罷[まか]り通[とお]る,I will go unpunished tomorrow; makaritooru means to go unpunished.
ひやひや言[い]った,I said it to feel chilly; hiyahiya means to feel chilly.
民草[たみぐさ]を見[み]た,I saw a people; tamigusa means people.
皆[みんな]で薙[な]ぎ払[はら]う,all of us mow down; nagiharau means to mow down.
太陰[たいいん]とは何[なん]だ,what is a Moon; taiin means Moon.
これから長[なが]らえる,I will have a long life from now on; nagaraeru means to have a long life.
きゅんきゅんいい,it is heart-wrenchingly good; kyunkyun means heart-wrenchingly.
ちゃんと事欠[ことか]く,I lack properly; kotokaku means to lack.
俺[おれ]が出[で]しゃばる,I am the one who will intrude; deshabaru means to intrude.
口吻[こうふん]を探[さが]している,I am looking for a way of speaking; koufun means way of speaking.
何[なに]を投[な]げ付[つ]けるのか,what do you throw at; nagetsukeru means to throw at.
明日[あした]交[ま]じる,I will be mixed tomorrow; majiru means to be mixed.
本当[ほんとう]の四[よ]つ角[かど]だ,it is a real four corners; yotsukado means four corners.
戦端[せんたん]じゃない,it is not a start of a war; sentan means start of a war.
やっぱり療治[りょうじ]だ,it is a treatment after all; ryouji means treatment.
なるいがある,there is greens; narui means greens.
寄[よ]る辺[べ]を見[み]た,I saw a place to go; yorube means place to go.
たまに思[おも]い詰[つ]める,I think hard once in a while; omoitsumeru means to think hard.
掴[つか]み取[ど]りとは何[なん]だ,what is a grabbing a handful; tsukamidori means grabbing a handful.
ちょっと気安[きやし]い,it is a bit relaxed; kiyashii means relaxed.
それは鎖帷子[くさりかたびら]じゃない,that is not a chain mail; kusarikatabira means chain mail.
何[なに]を飾[かざ]り立[た]てるのか,what do you decorate gaudily; kazaritateru means to decorate gaudily.
明日[あした]張[は]り裂[さ]ける,I will burst tomorrow; harisakeru means to burst.
一緒[いっしょ]に振[ふ]り撒[ま]く,we will scatter together; furimaku means to scatter.
皆[みんな]で殴[なぐ]り込[こ]む,all of us raid; nagurikomu means to raid.
それは粗忽[そこつ]だ,that one is careless; sokotsu means careless.
皆[みんな]豪気[ごうぎ]だ,everyone is sturdy spirit; gougi means sturdy spirit.
これから押[お]し掛[か]ける,I will go uninvited from now on; oshikakeru means to go uninvited.
ちゃんと廃[すた]る,I go out of use properly; sutaru means to go out of use.
ちゃんと携[たずさ]える,I carry in one's hand properly; tazusaeru means to carry in one's hand.
造幣[ぞうへい]がある,there is a coinage; zouhei means coinage.
むざむざした,I did it helplessly; muzamuza means helplessly.
何[なに]を仕組[しく]むのか,what do you devise; shikumu means to devise.
明日[あした]狙[ねら]い澄[す]ます,I will take careful aim tomorrow; neraisumasu means to take careful aim.
すうすういい,it is sound of wind rustling through a crack good; suusuu means sound of wind rustling through a crack.
皆[みんな]で問[と]い質[ただ]す,all of us inquire; toitadasu means to inquire.
太刀筋[たちすじ]の事[こと]を言[い]っている,I am talking about a swordsmanship; tachisuji means swordsmanship.
よく押[お]し進[すす]める,I often press forward; oshisusumeru means to press forward.
笑[わら]い物[もの]を探[さが]している,I am looking for a laughingstock; waraimono means laughingstock.
ちゃんと爆[は]ぜる,I burst open properly; hazeru means to burst open.
黙々[もくもく]いい,it is silent good; mokumoku means silent.
尾鰭[おひれ]じゃない,it is not a tail and fins; ohire means tail and fins.
明日[あした]攻[せ]め落[お]とす,I will take by storm tomorrow; semeotosu means to take by storm.
本邸[ほんてい]がある,there is a principal residence; hontei means principal residence.
皆[みんな]で見受[みう]ける,all of us catch sight of; miukeru means to catch sight of.
これは俺[おれ]のいいつけだ,this is my order; iitsuke means order.
うこんとは何[なん]だ,what is a turmeric; ukon means turmeric.
大[おお]きな難事[なんじ]だ,it is a big difficulty; nanji means difficulty.
それはニュービーじゃない,that is not a newbie; nyuubi means newbie.
ちゃんと涼[すず]む,I cool oneself properly; suzumu means to cool oneself.
その清栄[せいえい]が欲[ほ]しい,I want that your health and prosperity; seiei means your health and prosperity.
この天佑[てんゆう]を知[し]っているか,do you know this divine aid; tenyuu means divine aid.
とくといい,it is carefully good; tokuto means carefully.
児戯[じぎ]が必要[ひつよう]だ,a mere child's play is needed; jigi means mere child's play.
それは土臭[つちくさ]い,that one is smelling of earth; tsuchikusai means smelling of earth.
本当[ほんとう]の手解[てほど]きだ,it is a real teaching the basics; tehodoki means teaching the basics.
今[いま]煮[に]える,now I am boiled; nieru means to be boiled.
ぱんぱんした,I did it kapow; pampan means kapow.
これからこじれる,I will get complicated from now on; kojireru means to get complicated.
虎[とら]の尾[お]を見[み]た,I saw a gooseneck loosestrife; toranoo means gooseneck loosestrife.
これは俺[おれ]の下策[げさく]だ,this is my poor plan; gesaku means poor plan.
胃弱[いじゃく]とは何[なん]だ,what is a dyspepsia; ijaku means dyspepsia.
大[おお]きないびきだ,it is a big snoring; ibiki means snoring.
それは炎熱[えんねつ]じゃない,that is not a sweltering heat; ennetsu means sweltering heat.
すごく疚[やま]しい,it is really feeling guilty; yamashii means feeling guilty.
この劇作[げきさく]を知[し]っているか,do you know this playwriting; gekisaku means playwriting.
今[いま]手子摺[てこず]る,now I have much trouble; tekozuru means to have much trouble.
これはかようだ,this one is this sort of; kayou means this sort of.
たまに目[もく]する,I regard once in a while; mokusuru means to regard.
ちゃんとさいなむ,I torment properly; sainamu means to torment.
それはてひどい,that one is severe; tehidoi means severe.
それを仕分[しわ]ける,I will assort that; shiwakeru means to assort.
明日[あした]痩[や]せ細[ほそ]る,I will lose weight tomorrow; yasehosoru means to lose weight.
これは俺[おれ]のアラインメントだ,this is my alignment; araimmento means alignment.
皆[みんな]でうろたえる,all of us am flustered; urotaeru means to be flustered.
大[おお]きな直入[ちょくにゅう]だ,it is a big entering directly; chokunyuu means entering directly.
それは擦[す]れ違[ちが]いじゃない,that is not a passing each other; surechigai means passing each other.
上策[じょうさく]の事[こと]を言[い]っている,I am talking about an excellent plan; jousaku means excellent plan.
これから奮[ふる]い立[た]つ,I will cheer up from now on; furuitatsu means to cheer up.
さらさらした,I did it at all; sarasara means at all.
ちゃんと刺[さ]し違[ちが]える,I stab each other properly; sashichigaeru means to stab each other.
らいが必要[ひつよう]だ,Hansen's disease is needed; rai means Hansen's disease.
それは手緩[てぬる]い,that one is lax; tenurui means lax.
明日[あした]燻[くすぶ]る,I will smoke tomorrow; kusuburu means to smoke.
とっておきじゃない,it is not a reserve; totteoki means reserve.
一緒[いっしょ]に引[ひ]き連[つ]れる,we will take along together; hikitsureru means to take along.
鍬形[くわがた]がある,there is a hoe-shaped helmet crest; kuwagata means hoe-shaped helmet crest.
臨機[りんき]を見[み]た,I saw a suited to the occasion; rinki means suited to the occasion.
よく澄[す]む,I often become clear; sumu means to become clear.
これから持[も]ち堪[こた]える,I will hold out from now on; mochikotaeru means to hold out.
たまにおわす,I impose once in a while; owasu means to impose.
それは開宴[かいえん]じゃない,that is not an opening of a banquet; kaien means opening of a banquet.
係累[けいるい]の事[こと]を言[い]っている,I am talking about dependents; keirui means dependents.
その手[て]の物[もの]が欲[ほ]しい,I want that one's own thing; tenomono means one's own thing.
この物種[ものだね]を知[し]っているか,do you know this origin; monodane means origin.
明日[あした]通[とお]り越[こ]す,I will go past tomorrow; toorikosu means to go past.
大言[たいげん]が必要[ひつよう]だ,a big talk is needed; taigen means big talk.
皆[みんな]で計[はか]らう,all of us manage; hakarau means to manage.
今[いま]軽[かろ]んずる,now I despise; karonzuru means to despise.
ちょっとおこがましい,it is a bit presumptuous; okogamashii means presumptuous.
これから盾突[たてつ]く,I will defy from now on; tatetsuku means to defy.
それは助兵衛[すけべ]だ,that one is lewdness; sukebe means lewdness.
ワフを見[み]た,I saw a web application firewall; wafu means web application firewall.
これはやぶさかだ,this one is reluctant; yabusaka means reluctant.
それを担[かつ]ぎ出[だ]す,I will carry something out of a place that; katsugidasu means to carry something out of a place.
大[おお]きな足癖[あしくせ]だ,it is a big gait; ashikuse means gait.
明日[あした]念[ねん]ずる,I will wish tomorrow; nenzuru means to wish.
手捌[てさば]きの事[こと]を言[い]っている,I am talking about a handling; tesabaki means handling.
皆[みんな]で手向[たむ]ける,all of us offer; tamukeru means to offer.
今[いま]逃[に]げ延[の]びる,now I escape to a safe place; nigenobiru means to escape to a safe place.
よく根差[ねざ]す,I often come from; nezasu means to come from.
これから待[ま]ち焦[こ]がれる,I will be impatient for from now on; machikogareru means to be impatient for.
これは水掻[みずか]きだ,this is a web; mizukaki means web.
本当[ほんとう]のいななきだ,it is a real neigh; inanaki means neigh.
悪足掻[わるあが]きじゃない,it is not an useless resistance; waruagaki means useless resistance.
明日[あした]揺[ゆ]るぐ,I will shake tomorrow; yurugu means to shake.
グフフ、分[わ]かった,ha ha ha I understand; gufufu means ha ha ha.
ライカンスロープを見[み]た,I saw a lycanthrope; raikansuroopu means lycanthrope.
一緒[いっしょ]にこいねがう,we will beg together; koinegau means to beg.
皆[みんな]で読[よ]み耽[ふけ]る,all of us am absorbed in reading; yomifukeru means to be absorbed in reading.
今[いま]嵌[は]め込[こ]む,now I fit; hamekomu means to fit.
それは浮[う]き足[あし]じゃない,that is not a standing on the balls of the feet; ukiashi means standing on the balls of the feet.
これから訛[なま]る,I will speak with an accent from now on; namaru means to speak with an accent.
ちゃんとすだく,I chirp properly; sudaku means to chirp.
ちゃんとひっぺがす,I tear off properly; hippegasu means to tear off.
対症[たいしょう]を探[さが]している,I am looking for a specific; taishou means specific.
これは竣功[しゅんこう]だ,this is a completion of construction; shunkou means completion of construction.
明日[あした]彷徨[うろつ]く,I will loiter tomorrow; urotsuku means to loiter.
さらいじゃない,it is not a review; sarai means review.
やっぱり溝浚[どぶさら]いだ,it is a cleaning out mud from a ditch or drain after all; dobusarai means cleaning out mud from a ditch or drain.
今[いま]即[そく]する,now I conform to; sokusuru means to conform to.
よくばら蒔[ま]く,I often scatter; baramaku means to scatter.
これは俺[おれ]のしりとりだ,this is my shiritori; shiritori means shiritori.
漫然[まんぜん]いい,it is aimless good; manzen means aimless.
大[おお]きなちみだ,it is a big mountain demon; chimi means mountain demon.
それは引[ひ]く手[て]じゃない,that is not an admirer; hikute means admirer.
与奪[よだつ]の事[こと]を言[い]っている,I am talking about a giving and taking away; yodatsu means giving and taking away.
何[なに]を痛[いた]め付[つ]けるのか,what do you torment; itametsukeru means to torment.
この身形[みなり]を知[し]っているか,do you know this dress; minari means dress.
一緒[いっしょ]に列[れっ]する,we will line up with together; ressuru means to line up with.
石塊[いしくれ]が必要[ひつよう]だ,a stone is needed; ishikure means stone.
今[いま]ききほれる,now I listen to in an ecstasy; kikihoreru means to listen to in an ecstasy.
これからひん曲[ま]がる,I will bend sharply from now on; himmagaru means to bend sharply.
ちゃんとかかずらう,I am mixed up with properly; kakazurau means to be mixed up with.
ちゃんとはち切[き]れる,I am filled to bursting properly; hachikireru means to be filled to bursting.
ぼいんを見[み]た,I saw a thumbprint; boin means thumbprint.
むくつけい事[こと]だ,it is coarse matter; mukutsukei means coarse.
ハアア、分[わ]かった,yes I understand; haaa means yes.
大[おお]きなポゼションだ,it is a big possession; pozeshon means possession.
それは三箇日[さんがにち]じゃない,that is not a first three days of the New Year; sanganichi means first three days of the New Year.
皆[みんな]で下[お]り立[た]つ,all of us go down and stand; oritatsu means to go down and stand.
そのげてものが欲[ほ]しい,I want that low-quality products; getemono means low-quality products.
この乞丐[かったい]を知[し]っているか,do you know this beggar; kattai means beggar.
これから伸[の]す,I will stretch from now on; nosu means to stretch.
何奴[なにやつ]がやる,who will do it; naniyatsu means who.
ちゃんと儚[はかな]む,I despair of properly; hakanamu means to despair of.
せんだっていい,it is the other day good; sendatte means the other day.
ちょっといたわしい,it is a bit heartrending; itawashii means heartrending.
何[なに]を吹[ふ]き掛[か]けるのか,what do you blow; fukikakeru means to blow.
明日[あした]呼[よ]び付[つ]ける,I will call to come tomorrow; yobitsukeru means to call to come.
さぞいい,it is surely good; sazo means surely.
これは俺[おれ]の壮語[そうご]だ,this is my bragging; sougo means bragging.
今[いま]変[へん]ずる,now I change into; henzuru means to change into.
ちょっと奥床[おくゆか]しい,it is a bit refined; okuyukashii means refined.
それはなぶりものじゃない,that is not an object of ridicule; naburimono means object of ridicule.
たまに存[ぞん]じ上[あ]げる,I know once in a while; zonjiageru means to know.
ちゃんと守[も]り立[た]てる,I support properly; moritateru means to support.
俺[おれ]が寝惚[ねぼ]ける,I am the one who will be still half asleep; nebokeru means to be still half asleep.
寺子[てらこ]を探[さが]している,I am looking for a child who attended a temple school; terako means child who attended a temple school.
尋[たず]ね者[もの]が必要[ひつよう]だ,a wanted person is needed; tazunemono means wanted person.
これは川蝉[かわせみ]だ,this is a kingfisher; kawasemi means kingfisher.
皆[みんな]で干[ひ]る,all of us dry; hiru means to dry.
皆[みんな]で年寄[としよ]る,all of us grow old; toshiyoru means to grow old.
やっぱり待[ま]ち惚[ぼう]けだ,it is a waiting in vain after all; machibouke means waiting in vain.
御家芸[おいえげい]がある,there is one's specialty; oiegei means one's specialty.
御成[おな]りを見[み]た,I saw a going out; onari means going out.
これは俺[おれ]の御目見得[おめみえ]だ,this is my audience; omemie means audience.
応変[おうへん]とは何[なん]だ,what is an appropriate response; ouhen means appropriate response.
俺[おれ]が思[おも]い止[とど]まる,I am the one who will give up; omoitodomaru means to give up.
それは急拵[きゅうごしら]えだ,that one is hastily constructed; kyuugoshirae means hastily constructed.
とぼけの事[こと]を言[い]っている,I am talking about a feigned ignorance; toboke means feigned ignorance.
明日[あした]とぼける,I will play dumb tomorrow; tobokeru means to play dumb.
それは恙無[つつがな]い,that one is well; tsutsuganai means well.
今[いま]手慣[てな]れる,now I get used to; tenareru means to get used to.
これは手足[てだ]れだ,this is a mastery; tedare means mastery.
たまに捩[ね]じ曲[ま]げる,I bend by twisting once in a while; nejimageru means to bend by twisting.
ちゃんと掻[か]い摘[つま]む,I sum up properly; kaitsumamu means to sum up.
未聞[みもん]がある,there is an unheard; mimon means unheard.
それを模[も]する,I will imitate that; mosuru means to imitate.
明日[あした]浮[うわ]つく,I will be fickle tomorrow; uwatsuku means to be fickle.
皆[みんな]こまやかだ,everyone is tender; komayaka means tender.
皆[みんな]でしでかす,all of us do; shidekasu means to do.
烈震[れっしん]の事[こと]を言[い]っている,I am talking about disastrous earthquake; resshin means disastrous earthquake.
皆[みんな]無稽[むけい]だ,everyone is unfounded; mukei means unfounded.
これはちょこざいだ,this one is impertinent; chokozai means impertinent.
玉将[ぎょくしょう]を探[さが]している,I am looking for a king; gyokushou means king.
ちょっと由々[ゆゆ]しい,it is a bit grave; yuyushii means grave.
これは皹[ひび]だ,this is chaps; hibi means chaps.
本当[ほんとう]の目脂[めやに]だ,it is a real eye mucus; meyani means eye mucus.
瞭然[りょうぜん]言[い]った,I said it obvious; ryouzen means obvious.
明日[あした]空[す]かす,I will feel hungry tomorrow; sukasu means to feel hungry.
一緒[いっしょ]に窶[やつ]す,we will be absorbed in together; yatsusu means to be absorbed in.
今[いま]締[し]め殺[ころ]す,now I strangle to death; shimekorosu means to strangle to death.
老耄[おいぼれ]とは何[なん]だ,what is a dotage; oibore means dotage.
大[おお]きな腹拵[はらごしら]えだ,it is a big having a meal; haragoshirae means having a meal.
ちゃんと草臥[くたび]れる,I get tired properly; kutabireru means to get tired.
すごく荒唐[こうとう]だ,it is really absurd; koutou means absurd.
俺[おれ]が落[お]ち延[の]びる,I am the one who will run away; ochinobiru means to run away.
このじんまを知[し]っているか,do you know this Urtica thunbergiana; jimma means Urtica thunbergiana.
もぬけを探[さが]している,I am looking for a shed skin; monuke means shed skin.
どてらが必要[ひつよう]だ,a padded kimono is needed; dotera means padded kimono.
一緒[いっしょ]に見[み]せ掛[か]ける,we will pretend together; misekakeru means to pretend.
皆[みんな]で見向[みむ]く,all of us look around; mimuku means to look around.
今[いま]見越[みこ]す,now I anticipate; mikosu means to anticipate.
よく見逸[みそ]れる,I often fail to recognize; misoreru means to fail to recognize.
これから触[ふ]れ込[こ]む,I will profess to be from now on; furekomu means to profess to be.
負[ま]け軍[いくさ]を見[み]た,I saw a losing a battle; makeikusa means losing a battle.
これは俺[おれ]の起死[きし]だ,this is my saving from the brink of death; kishi means saving from the brink of death.
身[み]の代[しろ]とは何[なん]だ,what is a fortune; minoshiro means fortune.
明日[あした]身罷[みまか]る,I will pass away tomorrow; mimakaru means to pass away.
それは軍資[ぐんし]じゃない,that is not a war materiel; gunshi means war materiel.
明日[あした]逆上[のぼ]せる,I will feel dizzy tomorrow; noboseru means to feel dizzy.
一緒[いっしょ]に進[しん]ぜる,we will give together; shinzeru means to give.
皆[みんな]で遣[や]り遂[と]げる,all of us accomplish; yaritogeru means to accomplish.
今[いま]降[ふ]り懸[か]かる,now I fall; furikakaru means to fall.
よく食[は]み出[だ]す,I often protrude; hamidasu means to protrude.
これは食休[しょくやす]みだ,this is a rest after a meal; shokuyasumi means rest after a meal.
