es,en
**Es** para mí,It's for me; Third person present of ser marking identity or an inherent trait.
¿**Está** aquí?,Is he here?; Third person present of estar for location or a passing state.
**Estoy** bien,I'm fine; I-form present of estar for a state or a place.
Todavía no **ha**...,He still hasn't; Third person present of haber used as auxiliary before a past participle.
¡**Vamos** ya!,Let's go already!; We-form present of ir also used as let's go.
¿**Hay** algo?,Is there anything?; Third person present of haber used impersonally for there is or there are.
No **tengo** nada,I don't have anything; I-form present of tener meaning to have or hold.
¿Cómo **estás**?,How are you?; You-singular present of estar for a state or a place.
No **sé** por qué,I don't know why; I-form present of saber meaning to know a fact.
Yo ya lo **he**...,I already have; I-form present of haber used as auxiliary before a past participle.
Tengo que **ser** yo,It has to be me; Infinitive ser for identity and inherent qualities.
Él **tiene** algo mío,He has something of mine; Third person present of tener meaning to have or hold.
No **puedo** más,I can't take any more; I-form present of poder meaning to be able or allowed.
No **quiero** nada más,I don't want anything else; I-form present of querer meaning to want or to love a person.
No sé qué **hacer**,I don't know what to do; Infinitive hacer meaning to do or to make.
Todo **fue** por ti,It was all because of you; Third person preterite of ser for one finished past occasion.
**Gracias** por todo,Thanks for everything; Feminine plural noun for thanks from gracia which alone means grace or wit.
Otra **vez** no,Not again; Feminine noun for a time or occasion with plural veces.
Él **era** así antes,He used to be like that; Third person imperfect of ser for how something used to be.
No **soy** así,I'm not like that; I-form present of ser for my identity or lasting traits.
¿**Son** para mí?,Are they for me?; They-form present of ser for identity or inherent traits of several.
¿Qué **tienes** ahí?,What have you got there?; You-singular present of tener meaning to have or hold.
**Creo** que sí,I think so; I-form present of creer meaning to believe or think something.
Ahora **voy** para allá,I'm on my way there now; I-form present of ir meaning to go or to be heading somewhere.
¿**Sabes** algo de él?,Do you know anything about him?; You-singular present of saber meaning to know facts or information.
**Estaba** aquí antes,It was here earlier; Third person imperfect of estar for an ongoing past state.
¿**Puede** ser?,Could that be?; Third person present of poder and puede ser means maybe.
Tú **eres** así,You're just like that; You-singular present of ser for identity and lasting character.
Eso no es **verdad**,That isn't true; Feminine noun for truth and as ¿verdad? it tags a sentence.
Vamos a mi **casa**,Let's go to my place; Feminine noun for house or home taking no article in en casa.
No tengo **tiempo**,I don't have time; Masculine noun for time and also for the weather.
¿Cómo **va** todo?,How's everything going?; Third person present of ir meaning goes or is going.
Por **favor** no,Please don't; Masculine noun for a favour fixed in the request por favor.
¿Qué **quieres** de mí?,What do you want from me?; You-singular present of querer meaning to want or to love someone.
Lo **siento** mucho,I'm very sorry; I-form present of sentir meaning to feel and lo siento apologises.
¿Está el **señor** aquí?,Is the gentleman here?; Masculine noun for a gentleman or sir or Mr before a surname.
**Hace** mucho tiempo,A long time ago; Third person present of hacer and with a time span means ago.
**Has** de hacer algo,You have to do something; You-singular present of haber used as auxiliary before a past participle.
¿Qué quieres **decir**?,What do you mean?; Infinitive decir meaning to say or to tell.
**Tenemos** que hacer algo,We have to do something; We-form present of tener and tener que means to have to.
¿Dónde **están** todos?,Where is everybody?; They-form present of estar for their location or current state.
¿Tú **puedes** hacer eso?,Can you do that?; You-singular present of poder meaning to be able or allowed.
No puedo **ver** nada,I can't see anything; Infinitive ver meaning to see.
¡**Hombre** por favor!,Oh come on!; Masculine noun for a man and in Spain an exclamation of appeal.
Así es la **vida**,That's life; Feminine noun for life and mi vida is an endearment.
Hay muchas **cosas**,There are lots of things; Feminine plural noun for things from singular cosa.
Tengo que **ir**,I have to go; Infinitive ir meaning to go and ir a plus infinitive is future.
Tengo diez **años**,I'm ten years old; Masculine plural noun for years used with tener for age.
Quiero **estar** aquí,I want to be here; Infinitive estar for a state or a place.
Todo el **día**,All day; Masculine noun for a day and masculine despite its final a.
Esta **noche** no puedo,I can't tonight; Feminine noun for night or evening with esta noche meaning tonight.
Ya **estamos** aquí,We're here now; We-form present of estar for location and temporary states.
Estoy de **acuerdo** contigo,I agree with you; Masculine noun for an agreement used in the phrase estar de acuerdo.
No tengo **trabajo**,I don't have a job; Masculine noun for work or a job.
Me **parece** bien,Sounds good to me; Third person present of parecer to seem or to look like.
Hay mucha **gente** aquí,There are a lot of people here; Feminine noun for people though grammatically singular so it takes a singular verb.
Lo que **sea** está bien,Whatever works is fine; Third person present subjunctive of ser with lo que sea meaning whatever.
Mi **padre** no está,My father isn't in; Masculine noun for father whose plural padres usually means parents.
**Mira** esto,Look at this; You-singular command of mirar to look at or watch.
¿Quién lo **dijo**?,Who said that?; Third person preterite of decir to say or tell.
¿Qué **quiere** usted?,What do you want?; Third person present of querer to want or to love a person.
**Podría** ser,It could be; First or third person conditional of poder meaning could or might.
Quiero **hablar** contigo,I want to talk to you; Infinitive of hablar to speak or talk.
¿A dónde **vas**?,Where are you going?; You-singular present of ir with vas a plus infinitive as the future.
¿Qué **pasa**?,What's going on?; Third person present of pasar to happen or pass or spend time.
**Han** de hablar conmigo,They have to talk to me; They-form present of haber the auxiliary for perfect tenses like han hablado.
¿Tienes **dinero**?,Do you have any money?; Masculine noun for money and uncountable so it has no plural.
Quiero ver el **mundo**,I want to see the world; Masculine noun for world with todo el mundo meaning everybody.
Un **momento** por favor,One moment please; Masculine noun for a moment with en este momento meaning right now.
¿Puedo **tener** uno?,Can I have one?; Infinitive of tener to have or hold with tener que meaning to have to.
He **estado** aquí,I have been here; Past participle of estar used after haber and invariable.
**Había** mucha gente,There were a lot of people; Third person imperfect of haber meaning there was or there were always singular.
No **tenía** dinero,He didn't have any money; First or third person imperfect of tener for ongoing past possession.
¿Y tu **madre**?,And your mother?; Feminine noun for mother though mamá is the usual term of address.
**Vale** hasta mañana,Okay see you tomorrow; Third person present of valer to be worth also Spain's everyday okay.
¿Qué **lugar** es este?,What place is this?; Masculine noun for a place with tener lugar meaning to take place.
¿Qué estás **haciendo**?,What are you doing?; Gerund of hacer used with estar for doing or making right now.
Nadie **sabe** nada,Nobody knows anything; Third person present of saber to know a fact or how to do something.
**Podemos** ir mañana,We can go tomorrow; We-form present of poder to be able or may.
**Espera** un momento,Hold on a second; You-singular command of esperar to wait or hope.
¿Qué ha **sido** de él?,What became of him?; Past participle of ser invariable after haber for has been.
Es otra **cosa**,That's something else; Feminine noun for a thing with la cosa es que meaning the thing is.
¿Cómo está su **hijo**?,How is your son?; Masculine noun for son whose plural hijos covers children of either sex.
¿Qué **tipo** de hombre?,What kind of man?; Masculine noun for a type or kind and informally a guy.
¿Eres su **amigo**?,Are you his friend?; Masculine noun for a male friend with no romantic meaning.
¿Quién es esa **mujer**?,Who is that woman?; Feminine noun for woman and also wife as in mi mujer.
**Mamá** ya voy,Mom I'm coming; Feminine noun for mom the affectionate everyday word for one's mother.
¿Está **papá** en casa?,Is dad home?; Masculine noun for dad the affectionate everyday word for one's father.
Hace tres **días**,Three days ago; Masculine plural of día meaning days as in buenos días.
¿Qué **dice** ella?,What does she say?; Third person present of decir to say with dice que reporting speech.
**Necesito** hablar contigo,I need to talk to you; First person present of necesitar to need something.
Yo no **dije** eso,I didn't say that; First person preterite of decir for what I said.
**Oye** ¿tienes un momento?,Hey have you got a minute?; You-singular command of oír also used to grab attention.
Me **gusta** este lugar,I like this place; Third person present of gustar to be pleasing so the liked thing is subject.
Sólo **quería** verte,I just wanted to see you; First or third person imperfect of querer for wanting or a softened request.
¿**Será** verdad?,Can it be true?; Third person future of ser also used to guess that something probably is.
Puede **haber** algo,There might be something; Infinitive of haber giving there is after another verb as in puede haber.
En otra **parte**,Somewhere else; Feminine noun for a part with en alguna parte meaning somewhere.
¿Cuál es tu **nombre**?,What's your name?; Masculine noun for a name with a nombre de meaning in the name of.
¡Qué **mierda**!,What a mess!; Feminine noun for shit genuinely vulgar and used alone as a curse.
Eso **debe** ser verdad,"That must be true; Third person present of deber, must or ought to before an infinitive."
No he **visto** nada,"I haven't seen anything; Irregular past participle of ver, invariable after haber."
No me **importa** nada,"I don't care at all; Third person present of importar, to matter or be of concern."
**Tienen** mucho dinero,"They have a lot of money; They-form present of tener, to have or hold."
**Hemos** visto todo,"We've seen everything; We-form present of haber, the auxiliary for have done something."
Tienes **razón**,"You're right; Feminine noun meaning reason, tener razón is to be right."
Quiero **saber** la verdad,"I want to know the truth; Infinitive saber, to know facts or information."
¿Quién **hizo** esto?,"Who did this?; Third person preterite of hacer, did or made."
A **veces** no sé,"Sometimes I don't know; Feminine plural of vez, times or occasions as in a veces."
Ellos no **ven** nada,"They don't see anything; They-form present of ver, to see."
No tengo **idea**,"I have no idea; Feminine noun for an idea, ni idea means no clue."
Hay un **problema**,There's a problem; Masculine noun for a problem despite the final a.
¿Qué **hora** es?,What time is it?; Feminine noun for a clock hour or an appointment slot.
**Amor** de mi vida,"Love of my life; Masculine noun for love, mi amor is a common endearment."
Él no **ve** bien,"He doesn't see well; Third person present of ver, to see."
Toda mi **familia** está aquí,"My whole family is here; Feminine noun for family, grammatically singular so it takes a singular verb."
La **policía** está aquí,The police are here; Feminine noun where la policía is the force and un policía one officer.
Yo **debería** irme,"I should go; First person conditional of deber, should or ought to."
Esa **chica** no me quiere,That girl doesn't like me; Feminine noun for a girl or a young woman.
¡Vamos **chicos**!,"Let's go guys!; Masculine plural of chico, guys or kids including a mixed group."
Él me **cuenta** todo,"He tells me everything; Third person present of contar, to tell or to count."
¿Qué **haces** aquí?,"What are you doing here?; You-singular present of hacer, to do or to make."
Quiero **salir** de aquí,"I want to get out of here; Infinitive salir, to leave or go out of a place."
¡**Vaya** problema!,"What a problem!; Third person present subjunctive of ir, also an exclamation meaning wow."
Te **veo** mañana,"See you tomorrow; I-form present of ver, to see."
Son mis **amigos**,"They're my friends; Masculine plural of amigo, friends including women in a mixed group."
Mi **hermano** es policía,"My brother is a police officer; Masculine noun for brother, the plural hermanos means siblings."
**Pensé** que era mi amigo,"I thought he was my friend; I-form preterite of pensar, thought or believed."
No **sabía** nada de esto,"I didn't know anything about this; First person imperfect of saber, knew or used to know."
Tengo algo en la **cabeza**,"I've got something in my head; Feminine noun for the head, also where ideas and sense sit."
Gracias **cariño**,"Thanks sweetheart; Masculine noun for affection, also a term of endearment for anyone."
¿Qué **digo** ahora?,"What do I say now?; I-form present of decir, to say or to tell."
¿A dónde **van** ustedes?,"Where are you all going?; They-form present of ir, to go."
Dos **hombres** están aquí,"Two men are here; Masculine plural of hombre, men or an interjection expressing surprise."
**Somos** amigos,"We're friends; We-form present of ser, marks identity or an inherent trait."
Esa no es **forma** de hablar,That's no way to talk; Feminine noun for a shape or a way of doing something.
Está a mi **lado**,"He's next to me; Masculine noun for a side, al lado de means beside."
**Debo** hablar contigo,"I have to talk to you; I-form present of deber, must or with an object to owe."
**Sería** un problema,"It would be a problem; Third person conditional of ser, would be."
En ese **caso** no voy,"In that case I'm not going; Masculine noun for a case, hacer caso means to pay attention."
Ustedes **pueden** salir,"You can go out; They-form present of poder, can or be allowed to."
¿Qué **pasó**?,"What happened?; Third person preterite of pasar, happened or passed by."
Ese **chico** es mi hermano,"That boy is my brother; Masculine noun for a boy or a young guy, also means small."
Yo no **hice** nada,"I didn't do anything; I-form preterite of hacer, did or made."
Hay muchas **personas** aquí,"There are a lot of people here; Feminine plural of persona, individual people you can count."
¿Está la **señora** en casa?,"Is the lady of the house in?; Feminine noun for a married or older woman, also means wife."
Quiero **volver** a casa,"I want to go back home; Infinitive volver, to return or with a plus infinitive to do again."
Vamos por ese **camino**,"Let's go along that path; Masculine noun for a road or path, en camino means on the way."
Está **hablando** con mi madre,"He's talking to my mother; Gerund of hablar, talking and also used after seguir or ir."
De ninguna **manera**,"No way; Feminine noun for a way or a method, de ninguna manera means no way."
¿Quién es esa **persona**?,Who is that person?; Feminine noun for a person and always feminine even about a man.
Necesito tu **ayuda**,I need your help; Feminine noun for help and alone it is a shout for help.
¿Sabes esta **historia**?,Do you know this story?; Feminine noun covering both a story and history.
**Iba** a decir algo,I was going to say something; Imperfect of ir used for I or he was going.
**Supongo** que sí,I suppose so; First person present of suponer meaning to suppose or assume.
No **entiendo** nada,I do not understand anything; First person present of entender meaning to understand.
Hay alguien en la **puerta**,Someone is at the door; Feminine noun for a door or a gate.
¿**Ves** lo que digo?,Do you see what I mean?; You-singular present of ver meaning to see.
Nada va a **pasar**,Nothing is going to happen; Infinitive pasar meaning to happen or pass by or spend time.
¿Qué **significa** eso?,What does that mean?; Third person present of significar meaning to mean.
¿Qué día de la **semana** es?,What day of the week is it?; Feminine noun for a week and fin de semana is the weekend.
**Espero** verte hoy,I hope to see you today; First person present of esperar meaning to hope or wait or expect.
Un **año** más aquí,One more year here; Masculine noun for a year.
Los **niños** no están,The kids are not here; Masculine plural of niño for children including mixed groups of boys and girls.
¡**Tío**! ¿Qué haces?,Hey man! What are you doing?; Masculine noun for an uncle and in Spain a casual dude.
¡Qué **suerte** tienes!,You are so lucky!; Feminine noun for luck which you have with tener suerte.
Vamos a otra **ciudad**,We are going to another city; Feminine noun for a city with the plural ciudades.
Ni **siquiera** sabe mi nombre,He does not even know my name; Adverb paired with ni to mean not even.
¿Quieres **venir** conmigo?,Do you want to come with me?; Infinitive venir meaning to come toward the speaker.
Mi **hija** tiene dos años,My daughter is two years old; Feminine noun for a daughter.
Me **gustaría** hablar contigo,I would like to talk with you; Third person conditional of gustar meaning it would please me.
Espera cinco **minutos**,Wait five minutes; Masculine plural of minuto for minutes.
La **muerte** de su padre,His father's death; Feminine noun for death despite the final -e.
¿Puedes **dejar** eso aquí?,Can you leave that here?; Infinitive dejar meaning to leave something or let someone do something.
En **realidad** no lo sé,Actually I do not know; Feminine noun for reality and en realidad means actually.
No **deja** de hablar,He does not stop talking; Third person present of dejar and dejar de means stop doing something.
Tenemos **problemas**,We have problems; Masculine plural of problema and masculine despite the final -a.
Nadie me **da** nada,Nobody gives me anything; Third person present of dar meaning to give.
Mi **corazón** es tuyo,My heart is yours; Masculine noun for a heart with the plural corazones.
Tengo **miedo**,I am scared; Masculine noun for fear which you have with tener miedo.
¿Dónde está el **jefe**?,Where is the boss?; Masculine noun for a boss with la jefa for a woman.
Quiero un poco de **agua**,I want a little water; Feminine noun for water though it takes el in the singular.
Hace tres **horas** que espero,I have been waiting three hours; Feminine plural of hora for hours or clock time.
El **poder** es todo,Power is everything; Masculine noun for power from the infinitive of the same form.
Mi **esposa** está en casa,My wife is at home; Feminine noun for a wife and in the plural also handcuffs.
¡**Manos** arriba!,Hands up!; Feminine plural of mano for hands and feminine despite the final -o.
**Debes** ver esto,You must see this; You-singular present of deber meaning must or ought to.
¿**Viene** alguien más?,Is anyone else coming?; Third person present of venir meaning to come toward the speaker.
¡**Venga**! ¡Vamos!,Come on! Let's go!; Third person present subjunctive of venir also the usted command.
Tiene los **ojos** de su madre,She has her mother's eyes; Masculine plural of ojo for eyes and ¡Ojo! warns you to watch out.
Quiero **encontrar** un lugar,I want to find a place; Infinitive encontrar meaning to find with the stem change in encuentro.
Dame la **mano**,Give me your hand; Feminine noun for a hand and feminine despite the final -o.
Ese **niño** es mi hijo,That boy is my son; Masculine noun for a small boy or child.
No quiero ver tu **cara**,I do not want to see your face; Feminine noun for a face.
¡**Cuidado** con el agua!,Careful with the water!; Masculine noun for care used in tener cuidado to be careful.
Tres **noches** sin ti,Three nights without you; Feminine plural of noche for nights as in buenas noches.
Es el **fin** del mundo,It is the end of the world; Masculine noun for an end and por fin means at last.
¿Vamos a **tomar** algo?,Shall we go for a drink?; Infinitive tomar meaning to take or to drink.
**Escucha** a tu madre,Listen to your mother; Third person present of escuchar and also the tú command.
Estamos a **punto** de salir,We are about to leave; Masculine noun for a point or dot or full stop.
¿**Sigue** aquí?,Is he still here?; Third person present of seguir meaning to follow or to keep on being something.
Espero que **haya** agua,I hope there is water; Third person present subjunctive of haber used after words that demand that mood.
Mi **equipo** es mi familia,My team is my family; Masculine noun for a team or the gear and kit for a job.
Tu padre **necesita** ayuda,Your father needs help; Third person present of necesitar meaning to need something.
¿A qué hora vas a **llegar**?,What time are you going to arrive?; Infinitive of llegar meaning to arrive and it takes a before the destination.
El **doctor** ya está aquí,The doctor is already here; Masculine noun for a doctor and also a title of address.
Ojalá **hubiera** tiempo,If only there were time; Third person past subjunctive of haber used for unreal wishes and if-clauses.
Mi **coche** está en casa,My car is at home; Masculine noun for a car and the everyday word in Spain.
¿Qué **hago** ahora?,What do I do now?; First person present of hacer meaning to do or make.
Tengo **clase** por la mañana,I have class in the morning; Feminine noun for a class or lesson and also a kind or sort.
¿Por qué **dices** eso?,Why do you say that?; You-singular present of decir meaning to say or tell.
¿Cómo se **llama** tu madre?,What is your mother's name?; Third person present of llamar meaning to call and with se to be named.
**Toma** mi mano,Take my hand; Third person present of tomar meaning to take or drink and also a command.
La **tierra** es nuestra casa,The earth is our home; Feminine noun for soil or land or the planet itself.
Esta **guerra** no tiene fin,This war has no end; Feminine noun for war and dar guerra is the idiom for being a handful.
Déjame **pensar** un momento,Let me think for a moment; Infinitive of pensar meaning to think and pensar en is to think about something.
Espero que **pueda** venir,I hope she can come; Third person present subjunctive of poder meaning to be able to do something.
Hay **sangre** en el agua,There is blood in the water; Feminine noun for blood with no ordinary plural.
Las **mujeres** ya están aquí,The women are here already; Plural of the feminine noun mujer meaning women and also wives.
Solo una **vuelta** más,Just one more lap; Feminine noun for a turn or a lap or the change from a payment.
**Fui** yo,It was me; First person preterite of ser meaning it was me and shared with ir.
No quiero **trabajar** hoy,I don't want to work today; Infinitive of trabajar meaning to work with trabajar en naming the workplace.
No he **tenido** tiempo,I haven't had time; Past participle of tener used with haber and never changing for gender.
Este **juego** me gusta,I like this game; Masculine noun for a game or a match and also a set of things.
Su **cuerpo** no está bien,His body isn't well; Masculine noun for a body and also a corps of people.
¿Puedo **entrar**?,Can I come in?; Infinitive of entrar meaning to go in taking en or a before the place.
Nadie me **cree**,Nobody believes me; Third person present of creer meaning to believe and creer en is to believe in.
Ella no **podía** hablar,She couldn't speak; Third person imperfect of poder painting an ongoing inability rather than one failed moment.
**Debemos** irnos ahora,We have to go now; We-form present of deber meaning must and deber plus infinitive is obligation.
Dame una **oportunidad**,Give me a chance; Feminine noun for a chance or an opening for something.
¿Dónde está mi **teléfono**?,Where is my phone?; Masculine noun for a telephone and por teléfono means on the phone.
**Necesitamos** más tiempo,We need more time; We-form present of necesitar meaning to need and it takes its object directly.
Al **final** no pasó nada,In the end nothing happened; Masculine noun for an ending while la final is a championship match.
¿Vas a la **fiesta**?,Are you going to the party?; Feminine noun for a party and also a public holiday.
¿Dónde **estabas** anoche?,Where were you last night?; You-singular imperfect of estar the normal past for location and states.
Todos **quieren** dinero,Everybody wants money; Third person plural present of querer meaning to want and with a to love.
El **auto** de mi hermano,My brother's car; Masculine noun for a car short for automóvil and usual in Latin America.
¿Me puedes **dar** algo?,Can you give me something?; Infinitive of dar meaning to give and it builds idioms like dar miedo.
Quiero **vivir** aquí,I want to live here; Infinitive of vivir meaning to live with vivir de naming what you live on.
Mi **hermana** no sabe nada,My sister knows nothing; Feminine noun for a sister while the plural hermanos covers mixed siblings.
¿Cuál es tu **número**?,What's your number?; Masculine noun for a number and also a size or an issue.
Sólo dos **meses** más,Just two more months; Plural of the masculine noun mes meaning months and el mes que viene is next month.
No es mi **culpa**,It's not my fault; Feminine noun for fault or blame and tener la culpa is to be guilty.
Los niños están en la **escuela**,The kids are at school; Feminine noun for a school usually the primary one.
Se ha **ido** ya,He has already left; Past participle of ir and with se it means having left.
¿Qué estás **diciendo**?,What are you saying?; Gerund of decir used with estar to build the progressive.
Tu jefe **habla** mucho,Your boss talks a lot; Third person present of hablar meaning to speak or talk to someone.
Quizás **esté** en el coche,Maybe it's in the car; Third person present subjunctive of estar used after words of doubt like quizás.
Tengo una **pregunta**,I have a question; Feminine noun for a question and you hacer una pregunta rather than say one.
Las **chicas** están hablando,The girls are talking; Plural of the feminine noun chica meaning girls or young women.
¿**Eran** tus amigos?,"Were they your friends?; Third person plural imperfect of ser, how people or things used to be."
¿Qué está **pasando**?,"What's going on?; Gerund of pasar, to happen or to pass by or to spend time."
¿Dónde está el **capitán**?,"Where is the captain?; Masculine noun for a captain, a ship's master or a team leader."
Mi hermana tiene un **bebé**,"My sister has a baby; Masculine noun for a baby, it stays masculine even for a girl."
No **sabemos** nada,"We don't know anything; We-form present of saber, to know facts or information."
¿Te gusta la **comida**?,Do you like the food?; Feminine noun for food and also the main meal of the day.
No quiero **morir**,"I don't want to die; Infinitive morir, to die, the stem becomes ue in muero."
No **conozco** a ese hombre,"I don't know that man; I-form present of conocer, to know or be acquainted with people."
¿Vamos a **comer** algo?,"Shall we go eat something?; Infinitive of comer, to eat and often to have lunch."
Un **vino** por favor,"A wine please; Masculine noun for wine, the drink made from grapes."
¿Tienes la **lista**?,"Do you have the list?; Feminine noun for a list, as an adjective it means ready or clever."
Quiero que lo **haga** él,"I want him to do it; Third person present subjunctive of hacer, to do or make, required after querer que."
Tengo dos **hijos**,"I have two children; Masculine plural of hijo, sons or children of both sexes."
Mis **padres** están aquí,"My parents are here; Masculine plural of padre, usually the two parents together."
La **habitación** está lista,"The room is ready; Feminine noun for a room, a bedroom or a hotel room."
No puedo **creer** esto,"I can't believe this; Infinitive of creer, to believe or to think something true."
Estoy **pensando** en ti,"I'm thinking about you; Gerund of pensar, to think, pensar en means to think about."
**Fueron** dos días,"It was two days; Third person plural preterite of ser, a finished fact about identity."
¿De qué se **trata**?,"What's it about?; Third person present of tratar, to treat, tratarse de means to be about."
Te estoy **buscando**,"I'm looking for you; Gerund of buscar, to look for, it takes no preposition."
Nunca **tuve** miedo,"I was never afraid; I-form preterite of tener, to have, a completed past state."
Te **amo** mucho,"I love you so much; I-form present of amar, to love deeply."
Eres muy **joven**,"You're very young; Adjective meaning young, also a noun for a young person of either sex."
Un **par** de horas,"A couple of hours; Masculine noun for a pair, un par de means a couple of."
¿Qué **hacen** aquí?,"What are they doing here?; Third person plural present of hacer, to do or make."
Vamos a **seguir** así,"We'll keep going like this; Infinitive of seguir, to follow or to keep doing something."
¿Qué **dicen** ellos?,"What do they say?; Third person plural present of decir, to say or tell."
No tengo ni **puta** idea,"I haven't got a clue; Feminine noun for a whore, most often a very crude intensifier."
Ellos no **saben** nada,"They don't know anything; Third person plural present of saber, to know facts or information."
No tiene **sentido**,It doesn't make sense; Masculine noun for meaning or sense and also a direction of travel.
No **hagas** eso,"Don't do that; You-singular subjunctive of hacer, used for the negative command don't do."
Hay que **esperar** un poco,"We have to wait a bit; Infinitive of esperar, to wait or to hope or to expect."
Tiene un **arma**,"He has a weapon; Feminine noun for a weapon, it takes el in the singular."
Son cinco **dólares**,"That's five dollars; Masculine plural of dólar, dollars as money."
**Estaban** en la casa,"They were at the house; Third person plural imperfect of estar, a past place or state."
Es por tu **seguridad**,It's for your safety; Feminine noun for safety and security and also confidence.
**Estuvo** aquí ayer,"He was here yesterday; Third person preterite of estar, a finished stay somewhere."
No te **preocupes**,"Don't worry; You-singular subjunctive of preocupar, no te preocupes means don't worry."
Dame tu **palabra**,Give me your word; Feminine noun for a word and also a promise you give.
Te estamos **esperando**,"We're waiting for you; Gerund of esperar, to wait for or to expect."
No **queda** nada,"There's nothing left; Third person present of quedar, to remain or be left."
¿Está en su **oficina**?,Is he in his office?; Feminine noun for an office or a public bureau.
No puedes **matar** a nadie,"You can't kill anyone; Infinitive of matar, to kill, the victim needs a personal a."
**Iré** contigo,"I'll go with you; I-form future of ir, I will go."
El bebé está en la **cama**,The baby is in bed; Feminine noun for a bed as in irse a la cama.
No he **oído** nada,"I haven't heard anything; Past participle of oír, to hear, also the noun for ear."
No **habría** problemas,"There wouldn't be any problems; Third person conditional of haber, there would be or would have."
¿Dónde **estará** mi teléfono?,"Where can my phone be?; Third person future of estar, often a guess about the present."
Me **dio** su número,"He gave me his number; Third person preterite of dar, to give."
Es un **recuerdo** de mi padre,"It's a keepsake from my father; Masculine noun for a memory or a souvenir, recuerdos also sends regards."
No está **siendo** justo,He is not being fair; Gerund of ser used with estar for temporary behaviour rather than fixed identity.
Espero que **tenga** razón,I hope he is right; Third person present subjunctive of tener and also the polite usted command.
No hay **luz** aquí,There is no light here; Feminine noun for light or daylight or electricity with plural luces.
¿Qué **demonios** hace?,What the hell is he doing?; Plural of the masculine demonio used as a mild swear after qué.
Quiero **dormir** un poco,I want to sleep a bit; Infinitive of dormir meaning to sleep and stem-changing to duermo.
No es su **sitio**,This is not his place; Masculine noun for a spot or seat and un sitio web means website.
¿Puedo **ayudar** en algo?,Can I help with something?; Infinitive meaning to help and it takes a personal a before people.
Tengo que **conseguir** dinero,I have to get hold of some money; Infinitive meaning to obtain or manage after effort with yo form consigo.
Mi **marido** no sabe nada,My husband knows nothing; Masculine noun for husband and the everyday word in speech.
Déjame en **paz**,Leave me alone; Feminine noun for peace and en paz means left alone.
No me gusta tu **plan**,I do not like your plan; Masculine noun for a plan with plural planes.
Me ha **dado** su palabra,He has given me his word; Past participle of dar meaning given and invariable after haber.
Su padre **murió** ayer,His father died yesterday; Third person preterite of morir meaning he or she died.
Todo el **pueblo** lo sabe,The whole village knows; Masculine noun for a village or a people as a nation.
¿Ha **venido** alguien?,Has anyone come?; Past participle of venir meaning come toward the speaker.
¡Ya **basta** de problemas!,Enough problems already!; Third person present of bastar used impersonally to mean that is enough.
Un **paso** a la vez,One step at a time; Masculine noun for a step or pace.
**Deberíamos** hablar de esto,We should talk about this; We-form conditional of deber and a polite way to suggest something.
Me gusta esta **música**,I like this music; Feminine noun for music and also sheet music or a band's sound.
Quiero que **diga** la verdad,I want him to tell the truth; Third person present subjunctive of decir and also the usted command.
Espera un **minuto**,Hold on a minute; Masculine noun for minute and often just a moment in speech.
Voy a **llamar** a la policía,I am going to call the police; Infinitive meaning to call by phone or by shouting or by name.
Nadie **piensa** en mí,Nobody thinks about me; Third person present of pensar meaning thinks with pensar en for about.
No es mi **país**,It is not my country; Masculine noun for country with plural países.
Soy el **rey** del mundo,I am the king of the world; Masculine noun for king with plural reyes covering the Three Wise Men.
**Perdón** por lo de ayer,Sorry about yesterday; Masculine noun for a standalone apology or a request to get past.
Hace **falta** más tiempo,More time is needed; Feminine noun for a lack and hacer falta means to be needed.
**Pienso** en ti siempre,I think about you always; First person present of pensar meaning I think.
¿Dónde **diablos** estabas?,Where the hell were you?; Plural of the masculine diablo used as a mild intensifier after questions.
He **perdido** mi trabajo,I have lost my job; Past participle of perder meaning lost or missed.
Esa **niña** es mi hija,That girl is my daughter; Feminine noun for a girl of roughly under twelve.
¿Está bien **señorita**?,Are you all right miss?; Feminine title for a young woman and now dated as address.
**Lleva** dos horas esperando,He has been waiting two hours; Third person present of llevar which with a time span means has been.
Está en el **hospital**,He is in hospital; Masculine noun for hospital with plural hospitales and it keeps the article.
Alguien te ha **llamado**,Somebody has called you; Past participle of llamar meaning called or named.
¿Qué **hacemos** ahora?,What do we do now?; We-form present of hacer and also used as let us do.
¿Me puedes **llevar** a casa?,Can you take me home?; Infinitive meaning to take or carry something away from here.
¿Tienes **fuego**?,Got a light?; Masculine noun for fire and asking for fuego requests a light.
Él **tuvo** la culpa,It was his fault; Third person preterite of tener and tener la culpa means to be blamed.
Voy a **poner** música,I am going to put some music on; Infinitive meaning to put or place with yo form pongo.
Hay gente en la **calle**,There are people in the street; Feminine noun for street and en la calle can mean outdoors.
**Acaba** de salir,He has just left; Third person present of acabar and acabar de means to have just.
Es la **prueba** que necesito,It is the proof I need; Feminine noun for proof or a test or a rehearsal or fitting.
Este **libro** es mío,This book is mine; Masculine noun for a book.
Todo está en **orden**,Everything is in order; Masculine el orden means sequence while feminine la orden is a command.
Estuvo aquí dos **semanas**,He was here for two weeks; Plural of the feminine semana meaning weeks.
¿Quieres un **café**?,Do you want a coffee?; Masculine noun for coffee and for the cafe with plural cafés.
Vamos a **empezar** ahora,We are going to start now; Infinitive meaning to begin with yo form empiezo and empezar a plus infinitive.
**Queremos** hablar contigo,We want to talk with you; We-form present of querer meaning we want or we love.
¿De quién es este **perro**?,Whose dog is this?; Masculine noun for dog with feminine perra.
Mira el **cielo**,Look at the sky; Masculine noun for the sky and also for heaven.
¿Cuál es tu **puesto**?,What is your position?; Masculine noun for a job post or a market stall.
¿Cómo fue el **viaje**?,How was the trip?; Masculine noun for a trip or journey.
¿Qué **haría** él?,What would he do?; Third person conditional of hacer meaning would do or would make.
No hagas más **preguntas**,Do not ask any more questions; Feminine plural of pregunta for questions which you hacer rather than say.
¿Qué **piensas** tú?,What do you think?; You-singular present of pensar meaning to think or hold an opinion.
Te he **querido** siempre,I have always loved you; Past participle of querer meaning loved or wanted and also dear.
Voy a **buscar** ayuda,I am going to get help; Infinitive meaning to look for or fetch with no preposition after it.
No te **diré** nada,I will not tell you anything; First person future of decir meaning I will say or tell.
Eso **suena** bien,That sounds good; Third person present of sonar meaning to sound or to ring.
¿Quieres **jugar** conmigo?,Do you want to play with me?; Infinitive meaning to play a game or a sport.
Necesito **cambio** para el café,I need change for the coffee; Masculine noun for a change or the coins from a payment.
Vamos a ver una **película**,Let us watch a movie; Feminine noun for a movie or a roll of film.
Eso vale **millones**,That is worth millions; Masculine plural of millón meaning millions and taking de before a noun.
**Habrá** una fiesta mañana,There will be a party tomorrow; Future of impersonal haber meaning there will be and always singular.
El **resto** es para ti,The rest is for you; Masculine noun for the rest or remainder of something.
Nos **vemos** mañana,See you tomorrow; We-form present of ver meaning we see and also see you later.
El **presidente** habla ahora,The president is speaking now; Masculine noun for a president with la presidenta used for a woman.
¿Dónde está mi **ropa**?,Where are my clothes?; Feminine noun for clothes kept singular even for a whole wardrobe.
No quiero **perder** el tiempo,I do not want to waste time; Infinitive meaning to lose or to miss something or to waste time.
**Vuelve** a casa ya,Come back home now; You-singular command of volver to come back or return.
El **agente** quiere hablar contigo,The agent wants to talk to you; Noun with one form for both genders meaning an agent or officer.
No tengo **palabras**,I have no words; Feminine plural of palabra for words spoken or given as a promise.
No hay **información** todavía,There is no information yet; Feminine noun for information and uncountable so never used in plural.
¿Qué **hará** ahora?,What will he do now?; Third person future of hacer meaning he or she will do.
¿**Entiendes** lo que digo?,Do you understand what I am saying?; You-singular present of entender meaning to understand or grasp a meaning.
Estoy **trabajando** aquí,I am working here; Gerund of trabajar meaning working right at this moment.
Solo estaba **tratando** de ayudar,I was just trying to help; Gerund of tratar meaning trying and taking de before an infinitive.
Es un **trato** justo,It is a fair deal; Masculine noun for a deal or the way someone treats you.
¿Puedo **usar** tu teléfono?,Can I use your phone?; Infinitive meaning to use and also to wear clothes.
No tienes **derecho**,You have no right; Masculine noun for a legal right and also for the study of law.
De ningún **modo**,No way; Masculine noun for a way or manner of doing something.
Llámame cuando **quieras**,Call me whenever you like; You-singular subjunctive of querer meaning whatever you may want.
**Podríamos** ir mañana,We could go tomorrow; We-form conditional of poder meaning we could or we might.
¿Has visto las **noticias**?,Have you seen the news?; Feminine plural of noticia for the news or single news items.
No lo he **encontrado**,I have not found it; Past participle of encontrar meaning found or come across.
Todo está bajo **control**,Everything is under control; Masculine noun for control and also for a checkpoint or inspection.
No hay lugar para el **odio**,There is no room for hate; Masculine noun for hatred and also the yo form of odiar.
Estoy **frente** a tu casa,I am in front of your house; Noun used as a preposition in frente a meaning facing or opposite.
El **sexo** no es amor,Sex is not love; Masculine noun for sex as the act or as male and female.
**Estaré** aquí mañana,I will be here tomorrow; First person future of estar meaning I will be somewhere or somehow.
¡Tienen **armas**!,They have guns!; Feminine plural of arma for weapons though the singular takes el arma.
¿**Recuerdas** mi nombre?,Do you remember my name?; You-singular present of recordar meaning to remember and taking no preposition.
Es una **amiga** de mi hermana,She is a friend of my sister; Feminine noun for a female friend.
El **grupo** ya está aquí,The group is already here; Masculine noun for a group and it takes a singular verb.
No es tu **asunto**,It is none of your business; Masculine noun for a matter or affair or someone's business.
**Acabo** de llegar,I have just arrived; First person present of acabar meaning to finish or with de just did.
Deja un **mensaje**,Leave a message; Masculine noun for a message.
Gracias por su **atención**,Thank you for your attention; Feminine noun for attention and ¡atención! shouted as a warning.
Eso hace **daño**,That hurts; Masculine noun for harm with hacer daño meaning to hurt.
¿Qué **sucede** aquí?,"What's going on here?; Third person present of suceder, to happen or take place."
No quiero **cambiar** nada,"I don't want to change anything; Infinitive of cambiar, to change or exchange something."
No **seas** así,"Don't be like that; You-singular present subjunctive of ser, the form negative commands must use."
¿Qué tienes en la **boca**?,"What have you got in your mouth?; Feminine noun, a mouth or the opening of a river or tunnel."
Ella me **dejó** ayer,"She left me yesterday; Third person preterite of dejar, left behind or allowed."
Fue un **error** mío,"It was my mistake; Masculine noun, a mistake taking the verb cometer."
A lo **largo** del camino,"Along the way; Masculine noun, length and a lo largo de means along or throughout."
Vale la **pena**,"It's worth it; Feminine noun, grief or pity and valer la pena means to be worthwhile."
Escucha su **voz**,"Listen to her voice; Feminine noun, a voice with plural voces and en voz alta meaning aloud."
No pienso en el **futuro**,"I don't think about the future; Masculine noun, the future normally taking the article as en el futuro."
Mi madre no se **siente** bien,"My mother doesn't feel well; Third person present of sentir, to feel with reflexive sentirse for one's own state."
Es un **secreto** entre nosotros,"It's a secret between us; Masculine noun, a secret and en secreto means secretly."
¿Dónde está el **baño**?,"Where's the bathroom?; Masculine noun, a bathroom or a bath."
**Pensaba** que era tu amigo,"I thought he was your friend; Imperfect of pensar for yo or él, a belief held over time."
Ella es mi **novia**,"She's my girlfriend; Feminine noun, a girlfriend or a bride at a wedding."
Tengo **sueño** ahora,"I'm sleepy now; Masculine noun, a dream or sleepiness as in tener sueño."
**Haz** lo que quieras,"Do whatever you want; Irregular you-singular command of hacer, do or make with usted form haga."
No tengo **fuerza** hoy,"I've got no strength today; Feminine noun, strength or force and a la fuerza means by force."
**Deben** esperar aquí,"They have to wait here; Third person plural present of deber, must or ought to."
¿Qué se **supone** que haga?,"What am I supposed to do?; Third person present of suponer, to suppose as in se supone que."
**Estábamos** en la fiesta,"We were at the party; We-form imperfect of estar, a background state or scene in the past."
**Estuve** allí dos horas,"I was there for two hours; I-form preterite of estar, a stay bounded and finished in the past."
No **encontré** mi teléfono,"I didn't find my phone; I-form preterite of encontrar, found or came across."
Ha **vuelto** a casa,"He's come back home; Irregular past participle of volver, come back or returned."
Siento mucho **dolor**,"I'm in a lot of pain; Masculine noun, pain taking de for the body part as dolor de cabeza."
Me **encanta** tu casa,"I love your house; Third person present of encantar, to delight so the thing loved is subject."
¿Qué **edad** tienes?,"How old are you?; Feminine noun, age asked about with tener rather than ser."
Está de **pie** ahí,"He's standing over there; Masculine noun, a foot and de pie means standing."
Quiero **ganar** dinero,"I want to earn money; Infinitive of ganar, to earn or to win."
No hay **aire** aquí,"There's no air in here; Masculine noun, air or a draught and al aire libre means outdoors."
Lo **lamento** mucho,"I'm very sorry; First person present of lamentar, to regret and lo lamento apologises."
Fue un **asesinato**,"It was a murder; Masculine noun, a murder while the killer is el asesino."
Nadie me **vio** entrar,"Nobody saw me go in; Third person preterite of ver, saw or caught sight of."
Ha **llegado** el momento,"The moment has come; Past participle of llegar, arrived and it takes a for the destination."
**Disculpe** ¿puede ayudarme?,"Excuse me can you help me?; Usted command of disculpar, excuse me to a stranger politely."
Tengo una **cita** mañana,"I have an appointment tomorrow; Feminine noun, an appointment or date and also a quotation."
Sin ti no **estaría** aquí,"Without you I wouldn't be here; Conditional of estar for yo or él, what would be the case."
¿Por qué **fuiste** allí?,"Why did you go there?; You-singular preterite of ir, you went and ser shares this form."
No entiendo este **sistema**,"I don't understand this system; Masculine noun, a system despite the final a so el sistema."
Mucho **gusto** señora,"Pleased to meet you madam; Masculine noun, taste or pleasure as in the greeting mucho gusto."
Tengo un **negocio** aquí,"I run a business here; Masculine noun, a business or a deal."
Eso está en tu **mente**,"That's in your head; Feminine noun, the mind and tener en mente means to bear in mind."
Vivir en el **campo**,"To live in the countryside; Masculine noun, the countryside or a field or a sports pitch."
**Mire** usted esto,"Take a look at this; Usted command of mirar, look with the tú form mira."
No entiendes la **situación**,"You don't understand the situation; Feminine noun, a situation with plural situaciones."
Estamos en el **hotel**,"We're at the hotel; Masculine noun, a hotel building where travellers stay."
Esto no **funciona**,"This doesn't work; Third person present of funcionar, to work said of machines and plans."
Quiero una **foto** contigo,"I want a photo with you; Feminine noun, a photo shortened from la fotografía with plural fotos."
Necesito un **abogado** ahora,"I need a lawyer now; Masculine noun, a lawyer with feminine form la abogada."
He **terminado** mi trabajo,"I've finished my work; Past participle of terminar, finished or completed."
Tengo que **pagar** el hotel,I have to pay for the hotel; Infinitive of pagar meaning to pay for something or settle a bill.
Él **mató** a mi padre,He killed my father; Third person preterite of matar with a personal a before human objects.
Te **llamo** mañana,I'll call you tomorrow; First person present of llamar meaning I call by phone or name someone.
¿Cómo te **sientes** hoy?,How do you feel today?; You-singular present of sentirse asking how you feel right now.
¿Qué te **ocurre**?,What's wrong with you?; Third person present of ocurrir meaning to happen and often used impersonally.
Nadie **recuerda** mi nombre,Nobody remembers my name; Third person present of recordar meaning to remember or to remind someone.
Es la **mitad** del dinero,It's half the money; Feminine noun for a half used as la mitad de something.
Haz lo que **quiera** ella,Do whatever she wants; Third person present subjunctive of querer for an open choice after lo que.
Me gusta tu **pelo**,I like your hair; Masculine noun for hair as a whole head or a single strand.
¿**Tenías** miedo?,Were you scared?; You-singular imperfect of tener describing a lasting past state.
¿**Viste** mi foto?,Did you see my photo?; You-singular preterite of ver meaning saw.
Mi hermana **llegó** tarde,My sister arrived late; Third person preterite of llegar meaning arrived or reached a place.
Gracias por tu **compañía**,Thanks for your company; Feminine noun for a business firm or the company of another person.
No tenemos ninguna **relación**,We have no relationship at all; Feminine noun for a relationship or connection with plural relaciones.
Mi padre **conoce** la ciudad,My father knows the city; Third person present of conocer for knowing people and places with irregular conozco.
No quiero que **pase** nada,I don't want anything to happen; Third person present subjunctive of pasar required after quiero que.
Tengo un **montón** de trabajo,I have loads of work; Masculine noun for a heap and colloquially un montón de means loads of.
**Creí** que era mi amigo,I thought he was my friend; First person preterite of creer for a belief since dropped.
La **cena** está lista,Dinner is ready; Feminine noun for dinner the evening meal.
No puedo **sentir** mi mano,I can't feel my hand; Infinitive of sentir meaning to feel physically or to regret.
Fue a **través** de mi hermano,It was through my brother; Masculine noun living only in a través de meaning across or by way of.
Fue un **accidente**,It was an accident; Masculine noun for an accident or car crash blaming nobody.
Tú **eras** el jefe,You were the boss; You-singular imperfect of ser describing a past role or state.
No **pudo** ayudar,He couldn't help; Third person preterite of poder for managing or failing at one moment.
Mi madre **vive** aquí,My mother lives here; Third person present of vivir meaning lives or is alive.
Hasta la **vista**,See you around; Feminine noun for sight or a view fixed here as a farewell.
Espera en la **línea**,Hold the line; Feminine noun for a phone line a queue or a drawn line.
Por aquí **caballeros**,This way gentlemen; Masculine plural of caballero for gentlemen and the label on men's toilets.
¿Qué **haremos** ahora?,What will we do now?; We-form future of hacer built on the irregular stem har-.
Me **dan** mucho miedo,They really scare me; Third person plural present of dar as in dar miedo to frighten.
Voy a la **tienda**,I'm going to the shop; Feminine noun for a shop and also a tent in tienda de campaña.
Quiero **comprar** un coche,I want to buy a car; Infinitive of comprar meaning to buy.
¿Has **entendido** la pregunta?,Have you understood the question?; Past participle of entender and invariable after haber.
Trabajo en el **centro**,I work downtown; Masculine noun for the city centre or downtown.
Hace un **mes** de eso,That was a month ago; Masculine noun for a month with plural meses.
Hay mucho **sol** hoy,It's very sunny today; Masculine noun for the sun or sunshine as in hace sol.
No seas **tonto**,Don't be silly; Masculine noun and adjective for a fool or silly with feminine tonta.
Tengo mucha **hambre**,I'm really hungry; Feminine noun for hunger though it takes el in the singular.
La comida está en la **mesa**,The food is on the table; Feminine noun for a table as in poner la mesa.
Necesito una **respuesta** ahora,I need an answer now; Feminine noun for an answer or a reaction.
Es una **carta** de mi hija,It's a letter from my daughter; Feminine noun for a letter a playing card or a restaurant menu.
No tenemos **pruebas**,We have no evidence; Feminine plural of prueba meaning evidence while the singular is a test.
Ese es su **novio**,That's her boyfriend; Masculine noun for a boyfriend or groom with feminine novia.
¿Te **gustan** mis ojos?,Do you like my eyes?; Third person plural present of gustar agreeing with the things liked.
No **pude** dormir anoche,I couldn't sleep last night; First person preterite of poder with the stem vowel becoming u.
¿De quién es este **traje**?,Whose suit is this?; Masculine noun for a suit or outfit.
Dame la **dirección**,Give me the address; Feminine noun for an address a direction or a company's management.
Me **dijeron** la verdad,They told me the truth; Third person plural preterite of decir on the irregular stem dij-.
Ha sido un **placer**,It's been a pleasure; Masculine noun for pleasure as in con placer.
Espero que **sean** amigos,I hope they'll be friends; Third person plural present subjunctive of ser after espero que.
**Tendrá** que esperar,He will have to wait; Third person future of tener meaning will have and with que must or have to.
¿Dónde está el **barco**?,Where is the boat?; Masculine noun for a boat or ship of any size.
Mi **profesor** es muy joven,My teacher is very young; Masculine noun for a teacher at school or university with feminine la profesora.
Gracias por el **servicio**,Thanks for the service; Masculine noun for service and in Spain los servicios means the toilets.
Ese **muchacho** es mi hijo,That boy is my son; Masculine noun for a boy or young lad and slightly dated or regional.
Tengo una **reunión** a las tres,I have a meeting at three; Feminine noun for a meeting or gathering with plural reuniones.
Lo he **dejado** en casa,I have left it at home; Past participle of dejar meaning to leave something or let something happen.
Eso es la **ley**,That is the law; Feminine noun for a law or rule with plural leyes.
**Quisiera** hablar con usted,I would like to speak with you; Past subjunctive of querer working as a polite I would like.
**Hubo** un accidente,There was an accident; Third person past of haber meaning there was for one completed event.
Me gusta este **programa**,I like this show; Masculine noun despite its final a meaning a programme show or plan.
Mi **carrera** ha terminado,My career is over; Feminine noun meaning a career a race or a university degree.
Hoy es mi **cumpleaños**,Today is my birthday; Masculine noun for a birthday and identical in singular and plural.
¡Vamos **muchachos**!,Let us go guys!; Masculine plural of muchacho for boys or a mixed group of youngsters.
Un dolor en el **culo**,A pain in the ass; Masculine noun for the backside and crude in every region.
Esta **canción** me encanta,I love this song; Feminine noun for a song with plural canciones.
Mi hija está en la **universidad**,My daughter is at university; Feminine noun for university normally used with the article la.
¿Vas a la **boda**?,Are you going to the wedding?; Feminine noun for a wedding ceremony and the party after it.
No **tengas** miedo,Do not be afraid; You-singular subjunctive of tener used after no as a negative command.
¿Qué **hacía** tu padre?,What did your father do?; Third person imperfect of hacer meaning used to do or was doing.
Espero que **estés** bien,I hope you are well; You-singular present subjunctive of estar meaning to be in some state.
Te espero en la **sala**,I will wait for you in the living room; Feminine noun for a living room in Latin America or a hospital ward.
**Llevo** dos horas aquí,I have been here two hours; First person present of llevar meaning to carry and with time to have been.
Es tu **decisión**,It is your decision; Feminine noun for a decision which you take with tomar and plural decisiones.
**Espere** un momento por favor,Wait a moment please; Third person present subjunctive of esperar serving as the usted command wait.
Pásame la **sal**,Pass me the salt; Feminine noun for salt and feminine despite its consonant ending.
Nadie **entra** aquí,Nobody comes in here; Third person present of entrar meaning to go in followed by en or a.
Sin **embargo** no es verdad,However it is not true; Masculine noun for an embargo though sin embargo is a fixed phrase meaning however.
Quiero **escuchar** la música,I want to listen to the music; Infinitive meaning to listen to something deliberately.
Mi **abuela** vive aquí,My grandmother lives here; Feminine noun for a grandmother with masculine abuelo and los abuelos the grandparents.
¿Qué **hicieron** ustedes?,What did you all do?; Third person plural preterite of hacer meaning they did or they made.
Está en el **suelo**,It is on the floor; Masculine noun for the floor indoors or the ground outside.
¿Puedo ver las **fotos**?,Can I see the photos?; Feminine plural of foto meaning photos and feminine because it shortens fotografía.
Tu hermano está en la **cárcel**,Your brother is in prison; Feminine noun for a prison with plural cárceles.
Mi madre siempre **decía** eso,My mother always said that; Third person imperfect of decir meaning used to say or was saying.
Estoy **intentando** dormir,I am trying to sleep; Gerund of intentar meaning trying and it takes a bare infinitive.
Es una **maldición** de familia,It is a family curse; Feminine noun for a curse and also an exclamation of annoyance.
Necesito un poco de **silencio**,I need a bit of quiet; Masculine noun for silence and en silencio means silently.
Mi jefe ya **salió**,My boss already left; Third person preterite of salir meaning went out or left.
Nos vemos en el **club**,See you at the club; Masculine noun for a club with plural los clubes.
Tengo que **terminar** esto,I have to finish this; Infinitive meaning to finish or end something.
**Temo** que sea tarde,I am afraid it is late; First person present of temer meaning to fear and it takes the subjunctive.
Solo era una **broma**,It was just a joke; Feminine noun for a joke which you make with hacer una broma.
El **gobierno** no dice la verdad,The government does not tell the truth; Masculine noun for the government and always with a singular verb.
Te lo **prometo**,I promise you; First person present of prometer meaning to promise.
Mira a la **cámara**,Look at the camera; Feminine noun for a camera and also a chamber in a legislative body.
Tu madre **llamó** anoche,Your mother called last night; Third person preterite of llamar meaning called and needing the personal a.
Es un **regalo** para ti,It is a gift for you; Masculine noun for a present from the verb regalar.
Todos están **muertos**,They are all dead; Masculine plural of muerto meaning dead or the dead as people.
Es un **ataque** al corazón,It is a heart attack; Masculine noun for an attack including a heart attack or panic attack.
¿Por qué no me **das** algo?,Why don't you give me something?; You-singular present of dar meaning to give.
Estoy aquí por **negocios**,I'm here on business; Masculine plural noun for business in general or dealings.
Ojalá **pudiera** ayudarte,I wish I could help you; First person past subjunctive of poder for unreal wishes.
El **avión** ya se fue,The plane already left; Masculine noun for an airplane.
Es una **investigación** de la policía,It's a police investigation; Feminine noun for an investigation or piece of research.
Todo **acabó** bien,It all ended well; Third person past of acabar meaning to finish or end.
Hay que **mantener** el silencio,We have to keep quiet; Infinitive of mantener meaning to keep or maintain or support.
Mi hijo está en el **ejército**,My son is in the army; Masculine noun for an army.
Necesito un **papel**,I need a piece of paper; Masculine noun for paper or a sheet and also an actor's role.
Está en dos **partes**,It's in two parts; Feminine plural of parte meaning parts or shares.
Yo no **diría** eso,I wouldn't say that; Conditional of decir for yo or him meaning would say.
Al **principio** no lo sabía,At first I didn't know; Masculine noun for a beginning and also a moral principle.
**Teniente** tenemos un problema,Lieutenant we have a problem; Noun for a lieutenant with the same form for a woman.
No tengo ningún **deseo**,I have no desire at all; Masculine noun for a wish or desire.
No quiero que te **vayas**,I don't want you to go; You-singular present subjunctive of ir meaning to go.
La **nave** no funciona,The ship isn't working; Feminine noun for a large ship or a spacecraft.
Nadie **sale** de aquí,Nobody leaves here; Third person present of salir meaning to leave or go out.
Todo esto es **basura**,All this is garbage; Feminine noun for rubbish or trash and also nonsense.
No hay **contacto** con el equipo,There's no contact with the team; Masculine noun for contact or touch with someone.
Mi **esposo** murió,My husband died; Masculine noun for a husband.
El **tren** llegó tarde,The train arrived late; Masculine noun for a train with plural trenes.
No **encontramos** nada,We didn't find anything; We-form preterite of encontrar meaning to find or come across.
Es el **alma** de la fiesta,He's the life of the party; Feminine noun for soul though it takes el in the singular.
Te debo una **disculpa**,I owe you an apology; Feminine noun for an apology or an excuse.
**Anda** con cuidado,Walk carefully; You-singular command of andar to walk or go about.
Nuestro **matrimonio** acabó,Our marriage is over; Masculine noun for marriage or the married couple.
Esto es una **locura**,This is madness; Feminine noun for madness or a crazy act.
Tiene un corazón de **oro**,She has a heart of gold; Masculine noun for gold.
Con **permiso** señora,Excuse me ma'am; Masculine noun for permission or leave.
Quiero hablar con el **director**,I want to speak to the manager; Masculine noun for a manager or principal with feminine la directora.
Estás en **peligro**,You're in danger; Masculine noun for danger.
Todos quieren **libertad**,Everyone wants freedom; Feminine noun for freedom or liberty.
Me **alegro** de verte,I'm glad to see you; Yo present of alegrarse meaning to be glad with obligatory me.
**Tendremos** que esperar,We'll have to wait; We-form future of tener meaning will have.
Está a la **derecha**,It's on the right; Feminine noun for the right-hand side.
¿Dónde se **encuentra** el hotel?,Where is the hotel?; Third person present of encontrar meaning to find or with se to be located.
De **pies** a cabeza,From head to toe; Masculine plural of pie meaning feet and a pie means on foot.
No hay **espacio** aquí,There's no room here; Masculine noun for space or room.
Mi **abuelo** era profesor,My grandfather was a teacher; Masculine noun for a grandfather whose plural abuelos means grandparents.
No te **esperaba** aquí,I didn't expect you here; First person imperfect of esperar meaning to expect or wait.
¿Qué estás **mirando**?,What are you looking at?; Gerund of mirar meaning looking at or watching.
¡**Salud** y dinero!,Health and money!; Feminine noun for health and also the toast cheers.
¡Qué **sorpresa** verte aquí!,What a surprise to see you here!; Feminine noun for a surprise.
Lo he **pensado** mucho,I've thought about it a lot; Past participle of pensar meaning thought.
Él fue mi **maestro**,He was my teacher; Masculine noun for a primary school teacher or a master craftsman.
Vete al **infierno**,Go to hell; Masculine noun for hell.
Ellos **podrían** ayudarnos,They could help us; Third person plural conditional of poder meaning they could.
¿Quiénes son esos **tipos**?,Who are those guys?; Masculine plural of tipo meaning types or kinds and informally guys.
Mi **tía** vive en la ciudad,My aunt lives in the city; Feminine noun for an aunt and in Spain slang for a woman.
No hubo ningún **crimen**,There was no crime; Masculine noun for a serious crime.
¿Nos hemos **conocido** antes?,Have we met before?; Past participle of conocer used with haber for having met someone.
La **iglesia** está cerca,The church is nearby; Feminine noun for a church building or the church as an institution.
Un **intento** más,One more try; Masculine noun for an attempt or a try at something.
La **mayoría** de la gente,Most people; Feminine noun for the majority and it takes a singular verb.
Te **doy** mi palabra,I give you my word; Irregular first person present of dar meaning I give or hand over.
¿Qué **hicimos** mal?,What did we do wrong?; We-form preterite of hacer meaning we did or we made.
Esa **escena** me encanta,I love that scene; Feminine noun for a scene in a film or where something happened.
¿Está en tu **piso**?,Is it in your flat?; Masculine noun for an apartment in Spain or a floor elsewhere.
Esa es la **señal**,That is the signal; Feminine noun for a sign or signal despite its consonant ending.
Es todo un **honor**,It is quite an honour; Masculine noun for personal dignity or a distinction given to someone.
La casa está en **llamas**,The house is on fire; Feminine plural of llama meaning the flames of a fire.
**Abre** la puerta ahora,Open the door now; Third person present of abrir doubling as the tu command to open.
Mi **cerebro** no funciona,My brain is not working; Masculine noun for the brain as the organ in your head.
¿De **veras** lo hizo?,Did he really do it?; Feminine plural noun living only in de veras meaning really or truly.
Estoy **viendo** la película,I am watching the film; Gerund of ver meaning seeing or watching.
Ella **pone** la mesa,She sets the table; Third person present of poner meaning to put or place something.
Me **pregunto** por qué,I wonder why; First person present of preguntar and with me it means to wonder.
Está en la **cocina**,It is in the kitchen; Feminine noun for a kitchen and also for a style of cooking.
**Vestido** de novia,Wedding dress; Masculine noun for a dress or gown.
¿De quién es ese **caballo**?,Whose horse is that?; Masculine noun for a horse with yegua for a mare.
**Vienen** hacia aquí,They are coming this way; Third person plural present of venir for movement toward the speaker.
Hay **vidas** en juego,Lives are at stake; Feminine plural of vida with en juego meaning at stake.
Nos vemos en el **bar**,See you at the bar; Masculine noun for a bar which in Spain also serves coffee and food.
Necesito un **corte** de pelo,I need a haircut; Masculine el corte is a cut while la corte is a court.
¿Qué **sucedió** aquí?,What happened here?; Third person preterite of suceder for something taking place.
No toma **drogas**,He does not take drugs; Feminine plural of droga for narcotics with medicina for medicine.
La policía te **busca**,The police are looking for you; Third person present of buscar which already includes the idea of for.
No como **carne**,I do not eat meat; Feminine noun for meat and for flesh on the body.
**Parecía** más joven,He seemed younger; Third person imperfect of parecer for how something looked over time.
¿Dónde está su **departamento**?,Where is his apartment?; Masculine noun for an apartment in Latin America or a government department.
Vamos al **mar**,Let us go to the sea; Masculine noun for the sea though sailors say la mar.
Sin **duda** es él,Without doubt it is him; Feminine noun for a doubt or uncertainty about something.
Hay alguien en el **edificio**,There is someone in the building; Masculine noun for a building as a structure rather than a home.
Quiero **conocer** a tu madre,I want to meet your mother; Infinitive of conocer for being acquainted with people or places.
Estoy a **cargo** aquí,I am in charge here; Masculine noun for a post or duty as in being in charge.
Ella es la **víctima**,She is the victim; Always feminine la victima even when the person is a man.
No tengo **energía** hoy,I have no energy today; Feminine noun for personal energy and also for electrical power.
Tengo **frío**,I am cold; Masculine noun for cold which Spanish has with tener.
**Hablo** con mi jefe,I am talking to my boss; First person present of hablar meaning I speak or I talk.
Hay un **baile** esta noche,There is a dance tonight; Masculine noun for a dance or a formal ball.
Mi padre **trabaja** aquí,My father works here; Third person present of trabajar meaning he or she works.
La **misión** ha terminado,The mission is over; Feminine noun like almost every noun ending in ion with plural misiones.
Está a la **izquierda**,It is on the left; Feminine noun for the left side and for the political left.
¿Quieres **beber** algo?,Do you want something to drink?; Infinitive of beber meaning to drink something.
**Deje** el arma en el suelo,Put the weapon on the ground; Usted command of dejar meaning leave it or put it down.
Te **daré** una respuesta,I will give you an answer; First person future of dar meaning I will give.
¿**Sabías** eso?,Did you know that?; Tu imperfect of saber for knowing something over a period of time.
Cuando **puedas** llámame,Call me when you can; Tu present subjunctive of poder required after cuando about the future.
**Puso** el dinero ahí,He put the money there; Third person preterite of poner and irregular rather than ponio.
**Creía** en ti,He believed in you; Third person imperfect of creer for a belief held over time.
¿Cuándo vas a **regresar**?,When are you coming back?; Infinitive regresar meaning to go back or return to a place.
El tren **llega** tarde,The train is arriving late; Third person present of llegar meaning to arrive.
No puedo **entender** nada,I can't understand a thing; Infinitive entender meaning to understand or grasp a meaning.
¿Quieres **mirar** la foto?,Do you want to look at the photo?; Infinitive mirar meaning to look at something on purpose.
Voy a **sacar** el coche,I'm going to get the car out; Infinitive sacar meaning to take or get something out.
Has **cambiado** mucho,You've changed a lot; Past participle of cambiar used after haber to mean changed.
¿Quién **trae** la cena?,Who's bringing dinner?; Third person present of traer meaning to bring something here.
En mi **opinión** es tarde,In my opinion it's late; Feminine noun for an opinion or view with plural opiniones.
**Verás** que todo sale bien,You'll see that it all works out; You-singular future of ver meaning you will see.
Espera dos **segundos**,Hold on two seconds; Masculine noun in the plural for seconds of time.
Una **cerveza** por favor,One beer please; Feminine noun for beer.
Si **estuviera** aquí,If he were here; Third person imperfect subjunctive of estar used for unreal situations.
Ellos no me **creen**,They don't believe me; Third person plural present of creer meaning to believe someone.
¿Puedes **oír** eso?,Can you hear that?; Infinitive oír meaning to hear a sound that reaches you.
**Tendría** que hablar contigo,I'd have to talk with you; Conditional of tener shared by yo and él meaning would have.
No hemos **hablado** hoy,We haven't talked today; Past participle of hablar used after haber to mean talked.
**Hablamos** mañana,We'll talk tomorrow; We-form present of hablar here covering the near future.
La **reina** está aquí,The queen is here; Feminine noun for a queen and also the chess queen.
Ese **tema** me importa,That subject matters to me; Masculine noun despite the -a ending meaning a subject or topic.
Pasó dos años en **prisión**,He spent two years in prison; Feminine noun for prison with plural prisiones.
Nadie sabe el **porqué**,Nobody knows the reason why; Masculine noun for the reason why with plural porqués.
Espero que **vuelva** pronto,I hope he comes back soon; Third person present subjunctive of volver meaning to come back.
El **público** está esperando,The audience is waiting; Masculine noun for the audience or the general public.
¿Qué **ocurrió** aquí?,What happened here?; Third person preterite of ocurrir meaning to happen.
Tenemos que **salvar** al niño,We have to save the boy; Infinitive salvar meaning to save someone from danger.
Vamos a ver el **partido**,Let's go watch the match; Masculine noun for a sports match or a political party.
Murió a **causa** del frío,He died because of the cold; Feminine noun for a cause and a causa de means because of.
El **sargento** no está aquí,The sergeant isn't here; Masculine noun for a sergeant staying la sargento for a woman.
¿Quieres **cenar** conmigo?,Do you want to have dinner with me?; Infinitive cenar meaning to eat dinner.
Es mi **compañero** de trabajo,He's my coworker; Masculine noun for a companion colleague teammate or classmate.
Se **llevó** mi coche,He took my car; Third person preterite of llevar meaning to take something away.
No **existe** otra forma,There's no other way; Third person present of existir meaning to exist.
No conozco esta **zona**,I don't know this area; Feminine noun for an area or district.
Fue su **destino**,It was his fate; Masculine noun for fate and also a journey's destination.
La **base** del problema,The root of the problem; Feminine noun despite the -e ending meaning a base or foundation.
**Solía** jugar aquí,He used to play here; Third person imperfect of soler meaning to do something habitually.
El **cliente** siempre tiene razón,The customer is always right; Noun with one form for both genders meaning customer or client.
Mañana tengo un **encuentro**,I have a meeting tomorrow; Masculine noun for a meeting or a chance run-in.
Nadie **encontró** el dinero,Nobody found the money; Third person preterite of encontrar meaning to find.
No quiero una **pelea**,I don't want a fight; Feminine noun for a fight or quarrel.
Vamos hacia el **norte**,We're heading north; Masculine noun for the north.
Nunca **quise** eso,I never wanted that; First person preterite of querer often meaning refused in the negative.
El **coronel** dio la orden,The colonel gave the order; Masculine noun for a colonel staying la coronel for a woman.
**Apuesto** que no lo sabías,I bet you didn't know; First person present of apostar meaning to bet.
¿**Vienes** con nosotros?,Are you coming with us?; You-singular present of venir meaning to come toward the speaker.
**Necesitan** ayuda,They need help; Third person plural present of necesitar meaning to need.
El **té** está frío,The tea is cold; Masculine noun for tea with plural tés.
El **juicio** fue largo,The trial was long; Masculine noun for a trial and also judgement or sanity.
Espero que **podamos** ir,I hope we can go; We-form present subjunctive of poder meaning to be able.
¿Dónde está mi **llave**?,Where's my key?; Feminine noun for a key and also a tap in Latin America.
Estás **equivocado**,You're wrong; Past participle of equivocarse used with estar for being mistaken and it agrees in gender.
¿Cuál es su **posición**?,What's your position?; Feminine noun for a physical location or a stance or a job rank.
Tengo dolor de **espalda**,My back hurts; Feminine noun for a person's back while respaldo is the back of a chair.
Fue todo un **éxito**,It was a real success; Masculine noun meaning success and tener éxito is how you say to succeed.
De todos **modos** voy,I'm going anyway; Plural of the masculine modo and de todos modos is a fixed phrase meaning anyway.
Abre la **ventana**,Open the window; Feminine noun for a window in a wall while a shop window is escaparate.
**Veamos** qué pasa,Let's see what happens; We-form present subjunctive of ver working as a soft let's see.
Es una **especie** de broma,It's some kind of joke; Feminine noun for a sort or kind and also a biological species.
No **teníamos** dinero,We didn't have any money; We-form imperfect of tener for having something over a stretch of past time.
No hay **diferencia**,There's no difference; Feminine noun for a difference and da igual covers it makes no difference.
Hay muchas **formas**,There are many ways; Plural of the feminine forma meaning ways or methods here rather than shapes.
Quiero **pedir** un favor,I want to ask a favor; Infinitive meaning to ask for something and it stem-changes to pido and pide.
Dame un **ejemplo**,Give me an example; Masculine noun for an example and por ejemplo means for example.
Escucha la **radio**,Listen to the radio; Feminine noun for the radio though el radio means a radius.
Hay que mantener la **calma**,We have to stay calm; Feminine noun for calm and calmarse is the reflexive verb to calm down.
No hay lugar como el **hogar**,There's no place like home; Masculine noun for the home as household or hearth rather than the building.
**Volveré** mañana,I'll be back tomorrow; I-form future of volver meaning to come back or return.
Está en el **fondo** del mar,It's at the bottom of the sea; Masculine noun for the bottom or back and en el fondo means deep down.
**Iremos** en tren,We'll go by train; We-form future of ir meaning we will go.
Ya se **habían** ido,They had already left; They-form imperfect of haber used with a participle to build the pluperfect.
No es de este **planeta**,It's not from this planet; Masculine noun for a planet despite the -a ending like problema and tema.
Con **respecto** a eso,Regarding that; Masculine noun living in con respecto a meaning regarding or about.
Espero tu **regreso**,I await your return; Masculine noun for a return and estar de regreso means to be back.
**Debido** al mal tiempo,Due to the bad weather; Participle of deber fixed in debido a meaning because of.
**Seré** tu amigo,I'll be your friend; I-form future of ser for lasting identity or an inherent trait.
Ellos **tenían** razón,They were right; They-form imperfect of tener and tener razón means to be right.
Quiero **leer** ese libro,I want to read that book; Regular -er infinitive meaning to read with the irregular preterite leyó.
No puedo **parar**,I can't stop; Infinitive meaning to stop motion or activity and parada is a bus stop.
**Dejé** la llave aquí,I left the key here; I-form preterite of dejar meaning to leave an object behind.
Te tengo mucho **respeto**,I have a lot of respect for you; Masculine noun for respect used as tener respeto a alguien.
Voy a **escribir** una carta,I'm going to write a letter; Regular -ir infinitive meaning to write with the irregular participle escrito.
Nos vemos en la **estación**,See you at the station; Feminine noun for a station and also a season of the year.
Ella me **pidió** ayuda,She asked me for help; He-she preterite of pedir with the e-to-i change meaning asked for.
No tengo ninguna **pista**,I don't have a single clue; Feminine noun for a clue or lead and also a track or runway.
Eres una **estrella**,You're a star; Feminine noun for a star in the sky or a celebrity.
Mi hijo está **enfermo**,My son is sick; Masculine noun for a sick person and as adjective it takes estar.
Me **duele** la cabeza,My head hurts; He-she present of doler which works like gustar with the body part as subject.
No creo en los **sueños**,I don't believe in dreams; Plural of the masculine sueño which means both dreams and sleep.
Ya lo **veremos**,We'll see about that; We-form future of ver often used as a polite way to signal doubt.
Son **órdenes** del capitán,Those are the captain's orders; Plural of orden feminine for commands while masculine el orden is tidiness.
Estoy muy **ocupado** ahora,I'm very busy right now; Participle of ocupar used with estar for a busy person or a taken seat.
**Corre** que viene la policía,"Run, the police are coming; He-she present of correr also serving as the tú command to run."
No he **podido** dormir,I haven't been able to sleep; Past participle of poder used with haber to say have been able.
No me **dejes** aquí,Don't leave me here; Present subjunctive of dejar needed for the negative tú command no dejes.
Es otro **nivel**,It's another level; Masculine noun for a level with the plural niveles.
¿**Habéis** visto a mi hermano?,Have you all seen my brother?; You-plural present of haber used in Spain where Latin America says han.
Necesitamos alguien con **experiencia**,We need someone with experience; Feminine noun for know-how and also a single episode you lived through.
¿Dónde está la **salida**?,Where's the exit?; Feminine noun from salir for an exit or a departure.
Puedes **confiar** en mí,You can trust me; Infinitive meaning to trust and it takes en before the person trusted.
Eso era lo que **necesitaba**,That was what I needed; Imperfect of necesitar shared by yo and él so context tells you who.
Tú y yo somos **hermanos**,You and I are brothers; Masculine plural noun meaning brothers or siblings of mixed sex.
¿Dónde están mis **zapatos**?,Where are my shoes?; Masculine plural noun for footwear worn as a pair.
¿De qué **color** es?,What colour is it?; Masculine noun for a colour or shade.
Sólo un **vistazo**,Just a quick look; Masculine noun for a quick glance usually in echar un vistazo.
Voy a **tratar**,I am going to try; Infinitive meaning to try with de or to treat someone.
A mi **parecer** es tarde,In my view it is late; Masculine noun for an opinion as in a mi parecer.
El **juez** no está,The judge is not in; Masculine noun for a judge with the plural jueces.
El **paciente** no habla,The patient is not talking; Common-gender noun for a patient marked only by el or la.
Espero que lo **hayas** visto,I hope you have seen it; You-singular present subjunctive of haber the perfect auxiliary.
¿Tienes una **bolsa**?,Do you have a bag?; Feminine noun for a bag or the stock exchange when capitalised.
Esto no es **arte**,This is not art; Masculine noun for art though feminine in the plural artes.
Los niños están **jugando**,The kids are playing; Gerund of jugar meaning playing a game or sport.
¿Cuánto tiempo **llevas** aquí?,How long have you been here?; You-singular present of llevar to carry or to have spent time.
Me **alegra** verte,I am glad to see you; Third person present of alegrar to make someone glad.
¿Quieres **bailar** conmigo?,Do you want to dance with me?; Infinitive meaning to dance taking con for a partner.
El **diablo** existe,The devil exists; Masculine noun for the devil also an exclamation in qué diablos.
No **oí** nada,I did not hear anything; First person preterite of oír to hear something.
No creo que **sepa** nada,I do not think he knows anything; Present subjunctive of saber for él or usted meaning to know.
Vamos al **sur**,We are heading south; Masculine noun for the south taking al for direction.
La **banda** ya llegó,The band has arrived; Feminine noun for a musical band or a criminal gang.
Quiero **aprender** a bailar,I want to learn to dance; Infinitive meaning to learn needing a before another infinitive.
¿Cuál es el **precio**?,What is the price?; Masculine noun for a price or cost.
No tengo **ganas**,I do not feel like it; Feminine plural noun for desire in tener ganas de doing something.
**Tuvimos** un problema,We had a problem; We-form preterite of tener to have or hold.
**Volvió** a casa anoche,She came back home last night; Third person preterite of volver to return or come back.
Estos son mis **libros**,These are my books; Masculine plural noun for books.
Me duele un **ojo**,One of my eyes hurts; Masculine noun for an eye and alone a warning to look out.
**Serán** las tres,It must be about three; Third person plural future of ser also a guess at the time.
¡**Cielos**! ¿Qué pasó?,Good heavens! What happened?; Masculine plural of cielo for sky or heaven here an exclamation.
No he **matado** a nadie,I have not killed anyone; Past participle of matar to kill used after haber.
A sus órdenes **comandante**,At your orders commander; Common-gender noun for a commander or an airline captain.
Necesitamos **acción**,We need action; Feminine noun for action or a share in finance.
Esas son las **reglas**,Those are the rules; Feminine plural noun for rules also rulers for drawing.
Es una **obra** de arte,It is a work of art; Feminine noun for a created work a play or a building site.
Hay **esperanza** todavía,There is still hope; Feminine noun for hope formed from the verb esperar.
Es **cuestión** de tiempo,It is a matter of time; Feminine noun for a matter or issue not a question asked.
No me **molesta**,It does not bother me; Third person present of molestar to bother someone.
Estamos **teniendo** problemas,We are having problems; Gerund of tener meaning having rare outside events like problems.
Necesito el **informe**,I need the report; Masculine noun for a report or written account.
El **río** está frío,The river is cold; Masculine noun for a river.
¿Puedes **abrir** la puerta?,Can you open the door?; Infinitive meaning to open with the irregular participle abierto.
Prometo no **tocar** nada,I promise not to touch anything; Infinitive meaning to touch or to play an instrument.
Te voy a **contar** algo,I am going to tell you something; Infinitive meaning to count or to tell a story.
**Sigo** aquí,I am still here; First person present of seguir to follow or to keep on.
Está en el **interior**,It is inside; Masculine noun for the inside as in ropa interior for underwear.
¿Es tu **apartamento**?,Is this your flat?; Masculine noun for a flat called piso in Spain.
Que no me **vea** nadie,Let nobody see me; Third person present subjunctive of ver to see also an usted command.
¿Dónde **estáis**?,Where are you all?; You-plural present of estar used only in Spain.
No me **preocupa** el dinero,Money does not worry me; Third person present of preocupar to worry someone.
**Tomó** mi mano,He took my hand; Third person preterite of tomar to take or to drink.
La película **empieza** ahora,The film starts now; Third person present of empezar meaning to begin or start something.
Así **empezó** la guerra,That is how the war began; Third person preterite of empezar meaning it began or got started.
Quiero que **vayan** a casa,I want them to go home; Present subjunctive of ir for they or ustedes meaning to go.
**Llaman** a la puerta,Someone is knocking; Third person plural present of llamar meaning to call or phone or knock.
**Perdona** mi error,Sorry about my mistake; Tú command of perdonar used as a casual sorry or forgive me.
**Vuelvo** en dos minutos,I will be back in two minutes; First person present of volver meaning to come back or return.
Fue un **golpe** de suerte,It was a stroke of luck; Masculine noun for a blow or knock and de golpe means suddenly.
He **acabado** mi trabajo,I have finished my work; Past participle of acabar meaning finished or run out.
Me gusta su **estilo**,I like his style; Masculine noun for a style or manner of doing something.
¿Podemos **quedar** mañana?,Can we meet up tomorrow?; Infinitive quedar meaning to arrange to meet or to be left over.
Tengo dos **cartas** para ti,I have two letters for you; Feminine plural of carta covering posted letters and playing cards.
¡Hay una **bomba** aquí!,There is a bomb here!; Feminine noun for a bomb and also a pump for water.
Tiene una **pistola** en la mano,He has a gun in his hand; Feminine noun for a handgun or pistol.
Quiero **probar** la comida,I want to taste the food; Infinitive probar meaning to taste or try out or prove.
Lo que diga su **majestad**,Whatever your majesty says; Feminine noun for majesty used as su majestad for a king or queen.
¿Puedes **traer** el café?,Can you bring the coffee?; Infinitive traer meaning to bring something towards the speaker.
El coche está en **marcha**,The car is running; Feminine noun for motion or progress as in estar en marcha.
Mi **vuelo** sale a las dos,My flight leaves at two; Masculine noun for a flight or the act of flying.
Te dejé una **nota**,I left you a note; Feminine noun for a note and also a school grade.
**Estaremos** aquí mañana,We will be here tomorrow; We-form future of estar meaning to be somewhere or in some state.
No tiene ningún **valor**,It has no value at all; Masculine noun for worth or value and also courage.
¿Cuál es el **objetivo**?,What is the goal?; Masculine noun for an aim or target and also a camera lens.
De **repente** dijo algo,Suddenly he said something; Masculine noun living only inside the fixed phrase de repente meaning suddenly.
**Debía** dinero a mi jefe,He owed my boss money; Third person imperfect of deber meaning owed or ought to.
¿Quién **irá** a la fiesta?,Who will go to the party?; Third person future of ir meaning he or she will go.
No tengo la **entrada**,I do not have the ticket; Feminine noun for an entrance or a ticket to a show.
No te **dejaré** solo,I will not leave you alone; I-form future of dejar meaning to leave behind or to allow.
Quiero **evitar** problemas,I want to avoid trouble; Infinitive evitar meaning to avoid or prevent something.
Esta **máquina** no funciona,This machine is broken; Feminine noun for a machine as in una máquina de café.
Me duele el **cuello**,My neck hurts; Masculine noun for the neck and also a shirt collar.
**Conocí** a tu hermana ayer,I met your sister yesterday; First person preterite of conocer meaning met someone for the first time.
Eran otros **tiempos**,Those were different times; Masculine plural of tiempo meaning times or eras.
Espero que **tome** el tren,I hope he takes the train; Present subjunctive of tomar for he or she or usted meaning to take.
Los **animales** tienen hambre,The animals are hungry; Masculine plural of animal taking the -es plural ending.
Si **tuviera** más tiempo,If I had more time; Imperfect subjunctive of tener for I or he meaning to have.
Vino con su **pareja**,He came with his partner; Feminine noun for a partner or couple and feminine even for a man.
Este **verano** iremos al mar,This summer we will go to the sea; Masculine noun for summer used as en verano without an article.
Algún día **serás** jefe,One day you will be the boss; You-singular future of ser meaning you will be.
Eso es una **mentira**,That is a lie; Feminine noun for a lie or an untruth.
Quiero pagar con **tarjeta**,I want to pay by card; Feminine noun for a card whether a bank card or a greeting card.
Que **hagan** su trabajo,Let them do their job; Present subjunctive of hacer for they or ustedes meaning to do or make.
**Perdí** mi teléfono ayer,I lost my phone yesterday; First person preterite of perder meaning I lost.
¿Quieres **correr** conmigo?,Do you want to go running with me?; Infinitive correr meaning to run or to go running.
¿Quién ha **traído** esto?,Who brought this?; Past participle of traer meaning brought.
Cuando **llegue** mi padre,When my father arrives; Present subjunctive of llegar meaning to arrive as required after cuando.
Mi hermano **usa** mi ropa,My brother wears my clothes; Third person present of usar meaning to use or to wear clothes.
Voy a **intentar** algo,I am going to try something; Infinitive intentar meaning to try or attempt something.
Estas **flores** son para ti,These flowers are for you; Feminine plural of flor meaning flowers and feminine despite the -or ending.
Me está **dando** miedo,It is starting to scare me; Gerund of dar meaning giving as in dar miedo to frighten.
No tengo otra **opción**,I have no other choice; Feminine noun for an option or choice with plural opciones.
Estamos en una **isla**,We are on an island; Feminine noun for a piece of land surrounded by water.
**Cierra** la puerta por favor,Close the door please; You-singular command of cerrar meaning to close or shut.
Me encanta tu **piel**,I love your skin; Feminine noun for skin or for leather as a material.
Él no es mi **enemigo**,He is not my enemy; Masculine noun for an enemy with la enemiga used for a woman.
Te **dejo** el dinero aquí,I am leaving the money here for you; I-form present of dejar meaning to leave something behind or allow it.
Somos **jóvenes** todavía,We are still young; Plural of joven for young people working as noun or adjective.
¿Has **pedido** la comida?,Have you ordered the food?; Past participle of pedir meaning to ask for or order something.
Mi madre no **entiende** nada,My mother does not understand anything; Third person present of entender meaning to understand.
Quiero **justicia** para mi hijo,I want justice for my son; Feminine noun for justice or fairness.
Nadie me **despierta** por la mañana,Nobody wakes me up in the morning; Third person present of despertar meaning to wake someone up.
Sólo **pido** un poco de paz,I am only asking for a little peace; I-form present of pedir meaning to ask for or request something.
¡Qué **calor** hace aquí!,It is so hot in here!; Masculine noun for heat used in hace calor and tengo calor.
Las **luces** de la ciudad,The city lights; Feminine plural of luz for lights.
No me **refiero** a ti,I am not talking about you; I-form present of referirse which takes a and means to refer to something.
Ayer **fuimos** a la fiesta,Yesterday we went to the party; We-form preterite of ir and also of ser so context decides.
La **batalla** ha terminado,The battle is over; Feminine noun for a battle or one fight within a wider war.
Ella **intenta** ayudar,She is trying to help; Third person present of intentar meaning to try followed directly by an infinitive.
Me duele el **brazo**,My arm hurts; Masculine noun for arm normally taking el rather than a possessive.
Quiero que **salga** de mi casa,I want him to leave my house; Third person present subjunctive of salir meaning to go out or leave.
No puedo **recordar** su nombre,I cannot remember his name; Infinitive of recordar meaning to remember or to remind someone.
Tenemos que **escapar** de aquí,We have to escape from here; Infinitive of escapar meaning to escape and taking de before the place.
**Señores** hay un problema,Gentlemen there is a problem; Masculine plural of señor for gentlemen used to address a group politely.
Sólo **quedan** dos minutos,Only two minutes are left; They-form present of quedar meaning to remain or be left.
No siento mis **piernas**,I cannot feel my legs; Feminine plural of pierna for the legs of a person or animal.
Mañana tengo una **visita**,I have a visitor tomorrow; Feminine noun for a visit or for the visitor of either gender.
¿Qué estás **usando**?,What are you using?; Gerund of usar meaning to use or make use of something.
Hemos **ganado** el juego,We have won the game; Past participle of ganar meaning to win or to earn money.
No hagas ningún **movimiento**,Do not make any movement; Masculine noun for a movement whether physical political or artistic.
A **pesar** de todo te quiero,In spite of everything I love you; Masculine noun inside the fixed phrase a pesar de meaning in spite of.
Estoy de **vacaciones**,I am on holiday; Feminine noun that is always plural for a holiday or vacation.
¿Quién ha **tomado** mi coche?,Who has taken my car?; Past participle of tomar meaning to take or to drink.
¿Dónde **habías** estado?,Where had you been?; You-singular imperfect of haber which forms had plus a past participle.
¿Tienes **planes** para esta noche?,Do you have plans tonight?; Masculine plural of plan for plans or arrangements.
Vamos al **cine** esta noche,Let us go to the movies tonight; Masculine noun for the cinema as a building and as an art form.
Ahora te **toca** a ti,Now it is your turn; Third person present of tocar meaning to touch to play music or be someone's turn.
No tengo **confianza** en él,I do not trust him; Feminine noun for trust or confidence in someone.
No recuerdo sus **nombres**,I do not remember their names; Masculine plural of nombre for names or first names.
**Esperen** aquí un momento,Wait here a moment; Present subjunctive of esperar used as the ustedes command meaning to wait.
¿Dónde están mis **pantalones**?,Where are my trousers?; Masculine plural of pantalón for trousers normally plural for one garment.
Eso no es una **defensa**,That is not a defence; Feminine noun for a defence or for a male defender on a team.
La fiesta **terminó** temprano,The party ended early; Third person preterite of terminar meaning to end or finish.
Ha **salido** de la casa,He has left the house; Past participle of salir meaning to go out or leave a place.
Siento mucha **presión**,I feel a lot of pressure; Feminine noun for pressure whether physical or emotional.
Tenemos un **testigo**,We have a witness; Masculine noun for a witness staying testigo for a woman with la.
**Deberían** llamar a la policía,They should call the police; They-form conditional of deber meaning should or ought to do something.
Lo he **olvidado** todo,I have forgotten everything; Past participle of olvidar meaning to forget something.
Los **soldados** están aquí,The soldiers are here; Masculine plural of soldado for soldiers including mixed groups.
**Resulta** que tenías razón,It turns out you were right; Third person present of resultar meaning to turn out or prove to be.
Todo **depende** de ti,It all depends on you; Third person present of depender meaning to depend and always taking de.
No hay ningún **motivo**,There is no reason; Masculine noun for a reason or grounds for doing something.
¿Puedes hablar **inglés**?,Can you speak English?; Masculine noun for the English language and also the adjective meaning English.
Está en el **estudio**,He's in the study; Masculine noun for a study room or a recording studio.
Esto tiene que **acabar**,This has to end; Infinitive acabar meaning to finish or end something.
No entiendo mis **sentimientos**,I don't understand my feelings; Masculine plural of sentimiento meaning a feeling or an emotion.
¿Qué estás **tomando**?,What are you drinking?; Gerund of tomar meaning to take or to drink.
Me **dieron** el trabajo,They gave me the job; They-form preterite of dar meaning to give.
**Parecen** dos hermanos,They look like brothers; They-form present of parecer meaning to seem or look like.
¿Dónde están mis **llaves**?,Where are my keys?; Feminine plural of llave meaning a key or a faucet or a wrench.
Los **perros** están fuera,The dogs are outside; Masculine plural of perro meaning a dog and covering a mixed group.
¿Cuál es el **propósito**?,What's the purpose?; Masculine noun for a purpose and a propósito means on purpose or by the way.
¿Ya sabes la **noticia**?,Have you heard the news?; Feminine noun for one single piece of news with plural noticias for the news.
Vamos a **partir** ahora,We're leaving now; Infinitive partir meaning to depart or to split something.
Está a diez **metros**,It's ten metres away; Masculine plural of metro meaning a metre and also the subway.
No hay **clientes** hoy,There are no customers today; Plural of cliente meaning a customer and taking el or la for either sex.
Nadie **podrá** entrar,Nobody will be able to get in; Third person future of poder meaning will be able to.
Esto es **ridículo**,This is ridiculous; Masculine noun and adjective meaning ridiculous and hacer el ridículo is to look foolish.
**Damas** y caballeros,Ladies and gentlemen; Feminine plural of dama meaning a formal lady and also the game of checkers.
La **operación** fue un éxito,The operation was a success; Feminine noun for an operation covering surgery and police or military action.
Mi hijo no **come** nada,My son doesn't eat a thing; Third person present of comer meaning to eat and in Spain to lunch.
Mi padre tiene una **empresa**,My father owns a business; Feminine noun for a company or a business venture.
Vamos al **laboratorio**,Let's go to the lab; Masculine noun for a laboratory.
Fue tu **elección**,It was your choice; Feminine noun for a choice with plural elecciones meaning a political election.
Dame un **beso**,Give me a kiss; Masculine noun for a kiss and dos besos is a normal Spanish greeting.
Escucha esta **conversación**,Listen to this conversation; Feminine noun for a conversation with plural conversaciones.
Ven a mis **brazos**,Come into my arms; Masculine plural of brazo meaning an arm of the body.
El **espíritu** sigue aquí,The spirit is still here; Masculine noun for a spirit or a ghost with plural espíritus.
¿Por qué no me **dejas**?,Why won't you leave me alone?; You-singular present of dejar meaning to leave something or let someone do it.
No me **interesa** nada,I'm not interested at all; Third person present of interesar working like gustar as in me interesa.
Tengo **fe** en ti,I have faith in you; Feminine noun for faith or trust as in de buena fe.
Ella nunca **muestra** miedo,She never shows fear; Third person present of mostrar meaning to show with o becoming ue.
Es una **trampa**,It's a trap; Feminine noun for a trap or trickery and hacer trampa is to cheat.
No tengo **memoria** de eso,I have no memory of that; Feminine noun for memory as a faculty while un recuerdo is one memory.
Es todo lo **contrario**,It's exactly the opposite; Masculine noun for the opposite or the opponent as in al contrario.
Mi hijo es **soldado**,My son is a soldier; Masculine noun for a soldier though a woman is la soldado.
¿Puedo **subir**?,Can I come up?; Infinitive subir meaning to go up or to get into a car.
Es mi **turno**,It's my turn; Masculine noun for a turn in line or a work shift.
Me **encantaría** ir,I'd love to go; Third person conditional of encantar working like gustar and meaning would love.
Nos vemos en el **restaurante**,See you at the restaurant; Masculine noun for a restaurant with plural restaurantes.
Está **saliendo** ahora,He's leaving right now; Gerund of salir meaning to leave or go out or be dating.
Gracias por la **bienvenida**,Thanks for the welcome; Feminine noun for a welcome and as a greeting it agrees with the arrival.
Vas a **caer**,You're going to fall; Infinitive caer meaning to fall though a person tripping uses caerse.
Te **llevaré** a casa,I'll take you home; I-form future of llevar meaning to carry or take something away.
No hay **leche**,There's no milk; Feminine noun for milk and tener mala leche means a foul mood.
Mira las **estrellas**,Look at the stars; Feminine plural of estrella meaning a star or a film star.
**Prefiero** el café,I prefer coffee; I-form present of preferir meaning to prefer with e becoming ie.
¿Funciona la **red**?,Is the network working?; Feminine noun for a net or network and la red is the internet.
**Oiga** señor,Excuse me sir; Usted command of oír used to flag down a stranger or a waiter.
Espero que **estén** bien,I hope they're all right; They-form present subjunctive of estar required after phrases like espero que.
Tenemos **cuentas** que pagar,We have bills to pay; Feminine plural of cuenta meaning a bill or a bank account.
Voy a llamar un **taxi**,I'm going to call a taxi; Masculine noun for a taxi with plural taxis and a driver called taxista.
Ese **anillo** es de mi madre,That ring is my mother's; Masculine noun for a ring of any kind including a wedding band.
No quiero **preguntar** otra vez,I don't want to ask again; Infinitive preguntar meaning to ask a question or ask after someone.
La **victoria** es nuestra,The victory is ours; Feminine noun for a victory or win.
No soy ningún **héroe**,I'm no hero; Masculine noun for a hero with la heroína for a woman.
Ya he **decidido**,I've already decided; Past participle of decidir used with he to say have decided.
No me gustan esas **películas**,I don't like those movies; Feminine plural of película meaning movies or films.
¿Quién es el **responsable**?,Who's in charge?; Noun taking el or la for the person in charge.
Necesito un **trago**,I need a drink; Masculine noun for a swallow or a shot of alcohol.
Ella **volverá** mañana,She'll come back tomorrow; Third person future of volver to come back or return.
Está detrás del **árbol**,He's behind the tree; Masculine noun for a tree with plural árboles.
El niño no tiene **dientes**,The boy has no teeth; Masculine plural of diente meaning teeth.
Un **camión** pasó por aquí,A truck came by here; Masculine noun for a truck and in Mexico also a city bus.
No quiero **vender** la casa,I don't want to sell the house; Infinitive vender to sell as on signs reading se vende.
Quiero que me **llame**,I want him to call me; Third person present subjunctive of llamar to call after querer que.
Tenemos que **luchar**,We have to fight; Infinitive luchar to fight or struggle for something.
El **cabo** no dijo nada,The corporal said nothing; Masculine noun for an army corporal and also a cape of land.
¿Qué es ese **ruido**?,What's that noise?; Masculine noun for a noise usually an unwanted one.
La **lucha** no ha terminado,The fight isn't over; Feminine noun for a fight or struggle and also wrestling as a sport.
Nadie **muere** hoy,Nobody dies today; Third person present of morir to die with o becoming ue.
Mi **reloj** no funciona,My watch isn't working; Masculine noun for a clock or watch with plural relojes.
El **gato** está en la mesa,The cat is on the table; Masculine noun for a cat and also a car jack.
Vamos a **averiguar** la verdad,We're going to find out the truth; Infinitive averiguar to find something out by asking or digging.
Tengo miedo de **volar**,I'm afraid of flying; Infinitive volar to fly or to blow something up.
¿**Vendrá** tu padre?,Will your father come?; Third person future of venir to come on the stem vendr-.
Salió **corriendo** de la casa,He ran out of the house; Gerund of correr as in salir corriendo meaning to rush out.
Sigo **yendo** a clase,I'm still going to class; Gerund of ir meaning going and used after seguir for continuing.
Mi hija va al **colegio**,My daughter goes to school; Masculine noun for a primary or secondary school often private.
No hace ningún **sonido**,It doesn't make a sound; Masculine noun for a sound and the volume on a device.
Es todo un **caballero**,He's a real gentleman; Masculine noun for a gentleman and the label on a men's room.
No sé el **código**,I don't know the code; Masculine noun for a code from a PIN to a legal code.
¿Qué quieres que **hagamos**?,What do you want us to do?; We-form present subjunctive of hacer also used alone as let's do it.
No veo la **imagen**,I can't see the picture; Feminine noun for an image or picture with plural imágenes.
No vale el **riesgo**,It's not worth the risk; Masculine noun for a risk as in correr un riesgo.
Ya **llegamos** a casa,We're home; We-form present of llegar to arrive and identical to the preterite.
¿Hay **pan** en casa?,Is there bread at home?; Masculine noun for bread where un pan is a single loaf.
Vale un **millón** de dólares,It's worth a million dollars; Masculine noun for a million needing de before the noun counted.
La **dama** quiere hablar contigo,The lady wants to talk to you; Feminine noun for a lady in formal or old-fashioned use.
Quiero agua con **hielo**,I want water with ice; Masculine noun for ice as in romper el hielo to break the ice.
Se **cayó** en la calle,He fell in the street; Third person preterite of caer to fall usually reflexive as caerse.
La **prensa** ya lo sabe,The press already knows; Feminine noun for the press as a whole and also a press machine.
Ellos **vengan** su muerte,They avenge his death; They-form present of vengar meaning to avenge someone or something.
Prefiero **caminar**,I'd rather walk; Infinitive caminar to walk or go on foot.
No hay nada en la **televisión**,There's nothing on TV; Feminine noun for television with el televisor for the set itself.
No **pasará** nada,Nothing will happen; Third person future of pasar to happen or to pass.
Hay **momentos** así,There are moments like that; Masculine plural of momento as in por el momento meaning for now.
¿Puedo **coger** tu coche?,Can I take your car?; Infinitive coger to take or catch in Spain but vulgar in Latin America.
Hay una **posibilidad**,There's a chance; Feminine noun for a possibility or chance with plural posibilidades.
Ojalá **hubiese** venido,I wish he had come; Third person imperfect subjunctive of haber for past unreal ideas like si hubiese sabido.
Ese es mi **asiento**,That's my seat; Masculine noun for a seat as in tomar asiento meaning have a seat.
El **proyecto** ha terminado,The project is finished; Masculine noun for a project or plan.
